##[Voxel Mapper]Iteration 50 keyframe id, used times, remaining times:
0 2 0
1 2 0
2 2 0
3 2 0
5 2 0
6 2 0
7 2 0
8 2 0
9 2 0
10 2 0
11 2 0
12 2 0
13 2 0
14 2 0
15 2 0
16 2 0
17 2 0
18 2 0
19 2 0
20 2 0
21 2 0
22 2 0
23 2 0
24 1 1
25 1 1
26 2 0
##=========================================
##[Voxel Mapper]Iteration 100 keyframe id, used times, remaining times:
0 3 0
1 3 0
2 3 0
3 3 0
5 3 0
6 3 0
7 3 0
8 3 0
9 3 0
10 3 0
11 3 0
12 3 0
13 3 0
14 3 0
15 3 0
16 3 0
17 3 0
18 3 0
19 3 0
20 3 0
21 3 0
22 3 0
23 3 0
24 3 0
25 3 0
26 3 0
27 3 0
28 3 0
29 3 0
30 3 0
31 3 0
32 2 0
33 2 0
35 2 0
36 1 1
##=========================================
##[Voxel Mapper]Iteration 150 keyframe id, used times, remaining times:
0 4 0
1 4 0
2 4 0
3 4 0
5 4 0
6 4 0
7 4 0
8 4 0
9 4 0
10 4 0
11 4 0
12 4 0
13 4 0
14 4 0
15 4 0
16 4 0
17 4 0
18 4 0
19 4 0
20 4 0
21 4 0
22 4 0
23 4 0
24 4 0
25 4 0
26 4 0
27 4 0
28 4 0
29 4 0
30 4 0
31 4 0
32 3 0
33 3 0
34 3 0
35 3 0
36 3 0
37 3 0
38 2 0
39 2 0
40 2 0
41 2 0
##=========================================
##[Voxel Mapper]Iteration 200 keyframe id, used times, remaining times:
0 5 0
1 5 0
2 5 0
3 5 0
5 5 0
6 5 0
7 5 0
8 5 0
9 4 1
10 5 0
11 5 0
12 5 0
13 5 0
14 5 0
15 5 0
16 5 0
17 4 1
18 5 0
19 5 0
20 5 0
21 4 1
22 5 0
23 5 0
24 5 0
25 5 0
26 5 0
27 5 0
28 5 0
29 5 0
30 5 0
31 5 0
32 4 0
33 4 0
34 4 0
35 4 0
36 4 0
37 4 0
38 3 0
39 3 0
40 3 0
41 3 0
42 3 0
43 2 0
44 2 0
45 1 1
46 1 1
47 1 1
48 1 1
49 1 1
##=========================================
##[Voxel Mapper]Iteration 250 keyframe id, used times, remaining times:
0 6 0
1 6 0
2 6 0
3 6 0
5 6 0
6 6 0
7 6 0
8 6 0
9 6 0
10 6 0
11 6 0
12 5 1
13 5 1
14 5 1
15 5 1
16 6 0
17 6 0
18 6 0
19 6 0
20 5 1
21 5 1
22 6 0
23 6 0
24 5 1
25 5 1
26 5 1
27 6 0
28 5 1
29 6 0
30 6 0
31 6 0
32 5 0
33 4 1
34 5 0
35 5 0
36 4 1
37 4 1
38 4 0
39 3 1
40 4 0
41 3 1
42 4 0
43 3 0
44 3 0
45 3 0
46 3 0
47 3 0
48 2 1
49 3 0
50 3 0
51 3 0
52 1 1
53 2 0
##=========================================
##[Voxel Mapper]Iteration 300 keyframe id, used times, remaining times:
0 7 0
1 6 1
2 6 1
3 6 1
5 7 0
6 6 1
7 6 1
8 6 1
9 6 1
10 6 1
11 6 1
12 6 1
13 6 1
14 7 0
15 6 1
16 6 1
17 6 1
18 7 0
19 6 1
20 6 1
21 6 1
22 6 1
23 6 1
24 6 1
25 7 0
26 6 1
27 6 1
28 7 0
29 7 0
30 6 1
31 6 1
32 5 1
33 5 1
34 5 1
35 5 1
36 5 1
37 5 1
38 4 1
39 4 1
40 4 1
41 5 0
42 4 1
43 3 1
44 3 1
45 3 1
46 3 1
47 3 1
48 3 1
49 3 1
50 3 1
51 3 1
52 3 0
53 2 1
54 3 0
55 2 1
56 3 0
57 2 1
58 2 1
59 3 0
60 2 1
61 2 1
62 2 1
63 3 0
##=========================================
##[Voxel Mapper]Iteration 350 keyframe id, used times, remaining times:
0 7 0
1 7 0
2 7 0
3 7 0
5 7 0
6 7 0
7 7 0
8 6 1
9 7 0
10 7 0
11 7 0
12 6 1
13 6 1
14 7 0
15 7 0
16 7 0
17 7 0
18 7 0
19 7 0
20 7 0
21 6 1
22 7 0
23 6 1
24 7 0
25 7 0
26 7 0
27 7 0
28 7 0
29 7 0
30 7 0
31 7 0
32 6 0
33 6 0
34 6 0
35 6 0
36 6 0
37 6 0
38 5 0
39 5 0
40 5 0
41 5 0
42 5 0
43 4 0
44 4 0
45 4 0
46 4 0
47 4 0
48 3 1
49 4 0
50 4 0
51 4 0
52 3 0
53 3 0
54 3 0
55 3 0
56 3 0
57 2 1
58 3 0
59 3 0
60 3 0
61 3 0
62 3 0
63 3 0
64 1 1
65 1 1
66 2 0
68 1 1
69 2 0
##=========================================
##[Voxel Mapper]Iteration 400 keyframe id, used times, remaining times:
0 8 0
1 7 1
2 7 1
3 7 1
5 7 1
6 8 0
7 7 1
8 7 1
9 7 1
10 7 1
11 7 1
12 7 1
13 8 0
14 7 1
15 8 0
16 7 1
17 7 1
18 8 0
19 7 1
20 8 0
21 8 0
22 8 0
23 7 1
24 7 1
25 7 1
26 8 0
27 7 1
28 8 0
29 8 0
30 7 1
31 7 1
32 6 1
33 7 0
34 7 0
35 6 1
36 6 1
37 7 0
38 5 1
39 5 1
40 5 1
41 5 1
42 5 1
43 4 1
44 5 0
45 4 1
46 5 0
47 4 1
48 4 1
49 4 1
50 4 1
51 4 1
52 3 1
53 4 0
54 4 0
55 3 1
56 3 1
57 4 0
58 4 0
59 4 0
60 3 1
61 3 1
62 3 1
63 3 1
64 2 1
65 3 0
66 3 0
67 2 1
68 3 0
69 3 0
70 3 0
71 2 1
72 3 0
73 3 0
74 2 1
##=========================================
##[Voxel Mapper]Iteration 450 keyframe id, used times, remaining times:
0 8 0
1 8 0
2 8 0
3 8 0
5 8 0
6 8 0
7 8 0
8 8 0
9 8 0
10 8 0
11 8 0
12 8 0
13 8 0
14 8 0
15 8 0
16 8 0
17 8 0
18 8 0
19 8 0
20 8 0
21 8 0
22 8 0
23 8 0
24 8 0
25 8 0
26 8 0
27 8 0
28 8 0
29 8 0
30 8 0
31 8 0
32 7 0
33 7 0
34 7 0
35 7 0
36 6 1
37 7 0
38 6 0
39 6 0
40 6 0
41 6 0
42 6 0
43 5 0
44 5 0
45 5 0
46 5 0
47 5 0
48 5 0
49 5 0
50 5 0
51 5 0
52 4 0
53 4 0
54 4 0
55 4 0
56 4 0
57 4 0
58 4 0
59 4 0
60 4 0
61 4 0
62 4 0
63 4 0
64 2 1
65 3 0
66 3 0
67 3 0
68 3 0
69 3 0
70 3 0
71 3 0
72 3 0
73 3 0
74 3 0
75 2 0
76 2 0
78 1 1
79 1 1
##=========================================
##[Voxel Mapper]Iteration 500 keyframe id, used times, remaining times:
0 8 1
1 8 1
2 9 0
3 8 1
5 9 0
6 9 0
7 9 0
8 9 0
9 8 1
10 8 1
11 9 0
12 9 0
13 8 1
14 9 0
15 8 1
16 8 1
17 9 0
18 8 1
19 9 0
20 9 0
21 8 1
22 8 1
23 9 0
24 9 0
25 9 0
26 8 1
27 9 0
28 9 0
29 8 1
30 8 1
31 9 0
32 7 1
33 8 0
34 7 1
35 8 0
36 8 0
37 7 1
38 6 1
39 7 0
40 7 0
41 7 0
42 7 0
43 5 1
44 5 1
45 6 0
46 6 0
47 5 1
48 5 1
49 5 1
50 5 1
51 5 1
52 4 1
53 4 1
54 4 1
55 5 0
56 5 0
57 5 0
58 4 1
59 5 0
60 5 0
61 4 1
62 5 0
63 4 1
64 4 0
65 4 0
66 3 1
67 3 1
68 4 0
69 4 0
70 3 1
71 4 0
72 4 0
73 4 0
74 3 1
75 2 1
76 2 1
77 3 0
78 3 0
79 3 0
81 1 1
82 1 1
##=========================================
##[Voxel Mapper]Iteration 550 keyframe id, used times, remaining times:
0 9 0
1 9 0
2 9 0
3 9 0
5 9 0
6 9 0
7 9 0
8 9 0
9 9 0
10 9 0
11 9 0
12 9 0
13 9 0
14 9 0
15 9 0
16 9 0
17 9 0
18 9 0
19 9 0
20 9 0
21 9 0
22 9 0
23 9 0
24 9 0
25 9 0
26 9 0
27 9 0
28 9 0
29 9 0
30 9 0
31 9 0
32 8 0
33 8 0
34 8 0
35 8 0
36 8 0
37 8 0
38 7 0
39 7 0
40 7 0
41 7 0
42 7 0
43 6 0
44 6 0
45 6 0
46 6 0
47 6 0
48 6 0
49 6 0
50 6 0
51 6 0
52 5 0
53 5 0
54 5 0
55 5 0
56 5 0
57 5 0
58 5 0
59 5 0
60 5 0
61 5 0
62 5 0
63 5 0
64 4 0
65 4 0
66 4 0
67 4 0
68 4 0
69 4 0
70 4 0
71 4 0
72 4 0
73 4 0
74 4 0
75 3 0
76 3 0
77 3 0
78 3 0
79 3 0
80 2 0
81 2 0
82 2 0
83 2 0
84 2 0
85 2 0
86 2 0
87 1 1
##=========================================
##[Voxel Mapper]Iteration 600 keyframe id, used times, remaining times:
0 10 0
1 9 1
2 10 0
3 9 1
5 10 0
6 10 0
7 10 0
8 9 1
9 10 0
10 10 0
11 10 0
12 10 0
13 10 0
14 9 1
15 9 1
16 9 1
17 9 1
18 10 0
19 10 0
20 10 0
21 10 0
22 10 0
23 10 0
24 10 0
25 10 0
26 10 0
27 9 1
28 9 1
29 10 0
30 10 0
31 9 1
32 9 0
33 9 0
34 8 1
35 9 0
36 9 0
37 9 0
38 8 0
39 8 0
40 8 0
41 7 1
42 7 1
43 7 0
44 7 0
45 7 0
46 7 0
47 6 1
48 6 1
49 6 1
50 6 1
51 7 0
52 5 1
53 6 0
54 5 1
55 5 1
56 5 1
57 6 0
58 5 1
59 5 1
60 6 0
61 6 0
62 5 1
63 5 1
64 5 0
65 5 0
66 4 1
67 5 0
68 5 0
69 4 1
70 5 0
71 4 1
72 4 1
73 5 0
74 4 1
75 3 1
76 3 1
77 4 0
78 4 0
79 3 1
80 2 1
81 2 1
82 2 1
83 2 1
84 2 1
85 3 0
86 2 1
87 3 0
88 1 1
##=========================================
##[Voxel Mapper]Iteration 650 keyframe id, used times, remaining times:
0 10 0
1 10 0
2 10 0
3 10 0
5 10 0
6 10 0
7 10 0
8 10 0
9 10 0
10 10 0
11 10 0
12 10 0
13 10 0
14 10 0
15 10 0
16 10 0
17 10 0
18 10 0
19 10 0
20 10 0
21 10 0
22 10 0
23 10 0
24 10 0
25 10 0
26 10 0
27 10 0
28 10 0
29 10 0
30 10 0
31 10 0
32 9 0
33 9 0
34 9 0
35 9 0
36 9 0
37 9 0
38 8 0
39 8 0
40 8 0
41 8 0
42 8 0
43 7 0
44 7 0
45 7 0
46 7 0
47 7 0
48 7 0
49 7 0
50 7 0
51 7 0
52 6 0
53 6 0
54 6 0
55 6 0
56 6 0
57 6 0
58 6 0
59 6 0
60 6 0
61 6 0
62 6 0
63 6 0
64 5 0
65 5 0
66 5 0
67 5 0
68 5 0
69 5 0
70 5 0
71 5 0
72 5 0
73 5 0
74 5 0
75 4 0
76 4 0
77 4 0
78 4 0
79 4 0
80 3 0
81 3 0
82 3 0
83 3 0
84 3 0
85 3 0
86 3 0
87 3 0
88 2 0
89 1 1
90 2 0
91 2 0
92 1 1
93 1 1
94 2 0
95 1 1
##=========================================
##[Voxel Mapper]Iteration 700 keyframe id, used times, remaining times:
0 11 0
1 10 1
2 10 1
3 10 1
5 10 1
6 10 1
7 10 1
8 11 0
9 10 1
10 10 1
11 10 1
12 10 1
13 10 1
14 11 0
15 10 1
16 10 1
17 10 1
18 11 0
19 11 0
20 10 1
21 11 0
22 10 1
23 11 0
24 11 0
25 10 1
26 11 0
27 11 0
28 10 1
29 10 1
30 10 1
31 10 1
32 10 0
33 9 1
34 9 1
35 10 0
36 9 1
37 9 1
38 8 1
39 9 0
40 8 1
41 8 1
42 9 0
43 7 1
44 8 0
45 8 0
46 7 1
47 7 1
48 7 1
49 8 0
50 7 1
51 8 0
52 7 0
53 7 0
54 7 0
55 7 0
56 6 1
57 6 1
58 6 1
59 6 1
60 7 0
61 7 0
62 6 1
63 7 0
64 6 0
65 6 0
66 6 0
67 6 0
68 6 0
69 6 0
70 5 1
71 6 0
72 5 1
73 5 1
74 6 0
75 4 1
76 5 0
77 4 1
78 5 0
79 4 1
80 4 0
81 3 1
82 4 0
83 4 0
84 4 0
85 4 0
86 3 1
87 4 0
88 2 1
89 2 1
90 3 0
91 3 0
92 2 1
93 3 0
94 3 0
95 3 0
##=========================================
##[Voxel Mapper]Iteration 750 keyframe id, used times, remaining times:
0 11 0
1 11 0
2 11 0
3 10 1
5 11 0
6 11 0
7 11 0
8 11 0
9 11 0
10 11 0
11 11 0
12 11 0
13 11 0
14 11 0
15 11 0
16 11 0
17 11 0
18 11 0
19 11 0
20 11 0
21 11 0
22 11 0
23 11 0
24 11 0
25 11 0
26 11 0
27 11 0
28 11 0
29 11 0
30 11 0
31 11 0
32 10 0
33 10 0
34 10 0
35 10 0
36 10 0
37 10 0
38 9 0
39 9 0
40 9 0
41 9 0
42 9 0
43 7 1
44 8 0
45 8 0
46 7 1
47 8 0
48 8 0
49 8 0
50 8 0
51 8 0
52 7 0
53 7 0
54 7 0
55 7 0
56 7 0
57 7 0
58 7 0
59 7 0
60 7 0
61 7 0
62 7 0
63 7 0
64 6 0
65 6 0
66 6 0
67 6 0
68 6 0
69 6 0
70 6 0
71 6 0
72 6 0
73 6 0
74 6 0
75 5 0
76 5 0
77 5 0
78 5 0
79 5 0
80 4 0
81 4 0
82 4 0
83 4 0
84 4 0
85 4 0
86 4 0
87 4 0
88 3 0
89 3 0
90 3 0
91 3 0
92 3 0
93 3 0
94 3 0
95 3 0
96 1 1
97 1 1
98 1 1
99 1 1
##=========================================
##[Voxel Mapper]Iteration 50 keyframe id, used times, remaining times:
0 2 0
1 2 0
2 1 1
3 2 0
5 2 0
6 2 0
7 2 0
10 2 0
11 1 1
12 2 0
13 2 0
14 2 0
15 2 0
16 2 0
17 2 0
18 2 0
19 2 0
20 2 0
21 2 0
22 2 0
23 2 0
24 2 0
25 2 0
26 2 0
27 2 0
29 1 1
30 1 1
##=========================================
##[Voxel Mapper]Iteration 100 keyframe id, used times, remaining times:
0 3 0
1 3 0
2 3 0
3 3 0
5 3 0
6 3 0
7 3 0
10 3 0
11 3 0
12 3 0
13 3 0
14 3 0
15 3 0
16 3 0
17 3 0
18 3 0
19 3 0
20 3 0
21 3 0
22 3 0
23 3 0
24 2 1
25 3 0
26 3 0
27 3 0
28 3 0
29 3 0
30 3 0
31 3 0
32 3 0
33 3 0
34 2 0
35 2 0
36 2 0
37 2 0
##=========================================
##[Voxel Mapper]Iteration 150 keyframe id, used times, remaining times:
0 4 0
1 4 0
2 4 0
3 4 0
5 4 0
6 3 1
7 4 0
10 4 0
11 4 0
12 4 0
13 4 0
14 4 0
15 4 0
16 4 0
17 4 0
18 4 0
19 4 0
20 4 0
21 4 0
22 4 0
23 4 0
24 4 0
25 4 0
26 4 0
27 4 0
28 4 0
29 4 0
30 4 0
31 4 0
32 4 0
33 4 0
34 3 0
35 3 0
36 3 0
37 3 0
38 3 0
39 3 0
40 2 0
41 2 0
42 2 0
43 2 0
44 1 1
##=========================================
##[Voxel Mapper]Iteration 200 keyframe id, used times, remaining times:
0 5 0
1 5 0
2 5 0
3 5 0
5 5 0
6 5 0
7 5 0
10 5 0
11 5 0
12 5 0
13 5 0
14 5 0
15 5 0
16 5 0
17 5 0
18 5 0
19 5 0
20 5 0
21 5 0
22 5 0
23 5 0
24 4 1
25 5 0
26 5 0
27 5 0
28 5 0
29 5 0
30 5 0
31 5 0
32 5 0
33 5 0
34 4 0
35 4 0
36 4 0
37 4 0
38 4 0
39 4 0
40 2 1
41 3 0
42 3 0
43 3 0
44 3 0
45 2 0
46 2 0
47 1 1
48 2 0
49 1 1
##=========================================
##[Voxel Mapper]Iteration 250 keyframe id, used times, remaining times:
0 5 1
1 5 1
2 5 1
3 6 0
5 6 0
6 6 0
7 6 0
10 6 0
11 6 0
12 6 0
13 6 0
14 5 1
15 6 0
16 5 1
17 6 0
18 6 0
19 5 1
20 6 0
21 6 0
22 6 0
23 5 1
24 5 1
25 5 1
26 6 0
27 6 0
28 5 1
29 6 0
30 6 0
31 5 1
32 6 0
33 6 0
34 5 0
35 4 1
36 5 0
37 5 0
38 5 0
39 5 0
40 4 0
41 3 1
42 3 1
43 4 0
44 4 0
45 3 0
46 2 1
47 3 0
48 3 0
49 3 0
50 3 0
51 3 0
52 3 0
53 1 1
54 1 1
55 2 0
58 1 1
##=========================================
##[Voxel Mapper]Iteration 300 keyframe id, used times, remaining times:
0 7 0
1 6 1
2 6 1
3 6 1
5 7 0
6 6 1
7 7 0
10 6 1
11 6 1
12 6 1
13 6 1
14 6 1
15 6 1
16 6 1
17 7 0
18 6 1
19 7 0
20 7 0
21 6 1
22 6 1
23 6 1
24 6 1
25 7 0
26 6 1
27 6 1
28 6 1
29 6 1
30 6 1
31 6 1
32 6 1
33 7 0
34 5 1
35 5 1
36 5 1
37 5 1
38 5 1
39 6 0
40 5 0
41 4 1
42 4 1
43 4 1
44 5 0
45 3 1
46 3 1
47 3 1
48 3 1
49 3 1
50 3 1
51 4 0
52 3 1
53 3 0
54 2 1
55 3 0
56 2 1
57 2 1
58 2 1
59 3 0
60 2 1
61 2 1
62 3 0
63 3 0
64 1 1
##=========================================
##[Voxel Mapper]Iteration 350 keyframe id, used times, remaining times:
0 7 0
1 7 0
2 6 1
3 7 0
5 7 0
6 7 0
7 7 0
10 7 0
11 7 0
12 7 0
13 7 0
14 7 0
15 7 0
16 7 0
17 7 0
18 7 0
19 7 0
20 7 0
21 7 0
22 7 0
23 7 0
24 7 0
25 7 0
26 7 0
27 6 1
28 7 0
29 7 0
30 7 0
31 7 0
32 7 0
33 7 0
34 6 0
35 6 0
36 5 1
37 6 0
38 5 1
39 6 0
40 5 0
41 5 0
42 5 0
43 5 0
44 5 0
45 4 0
46 4 0
47 4 0
48 4 0
49 4 0
50 4 0
51 4 0
52 4 0
53 3 0
54 3 0
55 3 0
56 3 0
57 2 1
58 3 0
59 3 0
60 2 1
61 2 1
62 3 0
63 3 0
64 2 0
65 2 0
66 2 0
67 2 0
68 1 1
69 2 0
70 1 1
71 1 1
72 1 1
##=========================================
##[Voxel Mapper]Iteration 400 keyframe id, used times, remaining times:
0 8 0
1 7 1
2 8 0
3 7 1
5 7 1
6 7 1
7 8 0
10 8 0
11 7 1
12 7 1
13 8 0
14 7 1
15 8 0
16 7 1
17 7 1
18 7 1
19 8 0
20 7 1
21 7 1
22 8 0
23 8 0
24 7 1
25 8 0
26 7 1
27 7 1
28 7 1
29 8 0
30 7 1
31 8 0
32 7 1
33 8 0
34 6 1
35 7 0
36 7 0
37 7 0
38 7 0
39 6 1
40 6 0
41 5 1
42 5 1
43 5 1
44 5 1
45 4 1
46 5 0
47 4 1
48 5 0
49 5 0
50 5 0
51 5 0
52 4 1
53 4 0
54 3 1
55 3 1
56 3 1
57 4 0
58 4 0
59 3 1
60 4 0
61 3 1
62 4 0
63 3 1
64 3 0
65 3 0
66 2 1
67 2 1
68 2 1
69 2 1
70 3 0
71 3 0
72 3 0
73 2 1
74 3 0
75 1 1
##=========================================
##[Voxel Mapper]Iteration 450 keyframe id, used times, remaining times:
0 8 1
1 8 1
2 8 1
3 8 1
5 8 1
6 8 1
7 8 1
10 8 1
11 8 1
12 8 1
13 8 1
14 8 1
15 8 1
16 8 1
17 8 1
18 8 1
19 8 1
20 8 1
21 8 1
22 8 1
23 8 1
24 8 1
25 8 1
26 8 1
27 8 1
28 8 1
29 8 1
30 8 1
31 8 1
32 8 1
33 8 1
34 7 1
35 7 1
36 7 1
37 7 1
38 7 1
39 7 1
40 6 1
41 6 1
42 6 1
43 6 1
44 6 1
45 5 1
46 5 1
47 5 1
48 5 1
49 5 1
50 5 1
51 5 1
52 5 1
53 4 1
54 4 1
55 4 1
56 4 1
57 4 1
58 4 1
59 4 1
60 4 1
61 4 1
62 4 1
63 4 1
64 3 1
65 3 1
66 3 1
67 3 1
68 3 1
69 3 1
70 3 1
71 3 1
72 3 1
73 3 1
74 3 1
75 2 1
76 2 1
77 2 1
78 2 1
79 2 1
80 3 0
##=========================================
##[Voxel Mapper]Iteration 500 keyframe id, used times, remaining times:
0 8 1
1 9 0
2 9 0
3 8 1
5 8 1
6 9 0
7 9 0
10 9 0
11 9 0
12 8 1
13 9 0
14 8 1
15 8 1
16 8 1
17 8 1
18 9 0
19 9 0
20 9 0
21 8 1
22 8 1
23 8 1
24 9 0
25 9 0
26 9 0
27 8 1
28 9 0
29 9 0
30 9 0
31 8 1
32 8 1
33 8 1
34 8 0
35 8 0
36 7 1
37 8 0
38 8 0
39 8 0
40 7 0
41 7 0
42 7 0
43 7 0
44 6 1
45 6 0
46 6 0
47 6 0
48 6 0
49 6 0
50 5 1
51 6 0
52 6 0
53 5 0
54 5 0
55 4 1
56 4 1
57 5 0
58 5 0
59 4 1
60 5 0
61 4 1
62 4 1
63 4 1
64 4 0
65 3 1
66 3 1
67 4 0
68 3 1
69 3 1
70 4 0
71 3 1
72 4 0
73 3 1
74 4 0
75 3 0
76 3 0
77 3 0
78 3 0
79 3 0
80 3 0
81 1 1
82 2 0
##=========================================
##[Voxel Mapper]Iteration 550 keyframe id, used times, remaining times:
0 9 1
1 9 1
2 10 0
3 9 1
5 9 1
6 9 1
7 9 1
10 9 1
11 9 1
12 9 1
13 9 1
14 9 1
15 9 1
16 9 1
17 9 1
18 9 1
19 9 1
20 9 1
21 9 1
22 9 1
23 9 1
24 9 1
25 9 1
26 10 0
27 9 1
28 9 1
29 9 1
30 9 1
31 9 1
32 9 1
33 9 1
34 9 0
35 8 1
36 8 1
37 8 1
38 8 1
39 8 1
40 7 1
41 7 1
42 7 1
43 7 1
44 7 1
45 6 1
46 6 1
47 7 0
48 6 1
49 6 1
50 6 1
51 6 1
52 6 1
53 6 0
54 5 1
55 5 1
56 6 0
57 5 1
58 5 1
59 5 1
60 6 0
61 5 1
62 5 1
63 5 1
64 4 1
65 4 1
66 4 1
67 4 1
68 4 1
69 4 1
70 4 1
71 4 1
72 4 1
73 4 1
74 4 1
75 3 1
76 3 1
77 3 1
78 3 1
79 4 0
80 3 1
81 2 1
82 2 1
83 2 1
84 2 1
85 2 1
86 2 1
87 3 0
##=========================================
##[Voxel Mapper]Iteration 600 keyframe id, used times, remaining times:
0 9 1
1 10 0
2 10 0
3 9 1
5 10 0
6 10 0
7 9 1
10 10 0
11 9 1
12 10 0
13 10 0
14 9 1
15 10 0
16 9 1
17 10 0
18 10 0
19 10 0
20 10 0
21 10 0
22 10 0
23 10 0
24 9 1
25 10 0
26 10 0
27 9 1
28 10 0
29 9 1
30 10 0
31 10 0
32 9 1
33 10 0
34 9 0
35 8 1
36 9 0
37 9 0
38 9 0
39 8 1
40 7 1
41 8 0
42 7 1
43 8 0
44 8 0
45 6 1
46 7 0
47 7 0
48 7 0
49 7 0
50 6 1
51 7 0
52 6 1
53 6 0
54 5 1
55 6 0
56 6 0
57 6 0
58 5 1
59 5 1
60 6 0
61 5 1
62 5 1
63 6 0
64 4 1
65 5 0
66 4 1
67 4 1
68 5 0
69 4 1
70 5 0
71 4 1
72 5 0
73 5 0
74 5 0
75 4 0
76 4 0
77 4 0
78 4 0
79 4 0
80 4 0
81 3 0
82 3 0
83 3 0
84 3 0
85 3 0
86 2 1
87 3 0
89 1 1
92 1 1
##=========================================
##[Voxel Mapper]Iteration 50 keyframe id, used times, remaining times:
0 2 0
1 2 0
2 2 0
3 2 0
4 2 0
6 2 0
7 2 0
8 2 0
9 2 0
10 2 0
11 2 0
12 1 1
13 2 0
14 1 1
15 1 1
16 2 0
17 2 0
18 2 0
19 2 0
20 2 0
22 1 1
23 2 0
24 2 0
25 1 1
26 2 0
27 1 1
28 1 1
29 1 1
31 1 1
32 1 1
##=========================================
##[Voxel Mapper]Iteration 100 keyframe id, used times, remaining times:
0 3 0
1 2 1
2 2 1
3 2 1
4 3 0
6 2 1
7 3 0
8 3 0
9 3 0
10 3 0
11 3 0
12 2 1
13 3 0
14 3 0
15 3 0
16 2 1
17 3 0
18 3 0
19 3 0
20 2 1
21 3 0
22 3 0
23 2 1
24 2 1
25 2 1
26 3 0
27 3 0
28 2 1
29 3 0
30 3 0
31 3 0
32 3 0
33 2 1
34 3 0
35 3 0
36 3 0
37 2 0
38 2 0
##=========================================
##[Voxel Mapper]Iteration 150 keyframe id, used times, remaining times:
0 4 0
1 4 0
2 4 0
3 3 1
4 4 0
6 4 0
7 4 0
8 4 0
9 3 1
10 4 0
11 3 1
12 4 0
13 4 0
14 4 0
15 3 1
16 4 0
17 3 1
18 3 1
19 3 1
20 4 0
21 4 0
22 3 1
23 4 0
24 4 0
25 4 0
26 4 0
27 4 0
28 3 1
29 4 0
30 4 0
31 4 0
32 3 1
33 4 0
34 3 1
35 4 0
36 4 0
37 2 1
38 3 0
39 2 1
40 3 0
41 3 0
42 3 0
43 1 1
##=========================================
##[Voxel Mapper]Iteration 200 keyframe id, used times, remaining times:
0 4 1
1 4 1
2 5 0
3 4 1
4 4 1
6 4 1
7 4 1
8 4 1
9 4 1
10 4 1
11 4 1
12 4 1
13 4 1
14 5 0
15 4 1
16 4 1
17 4 1
18 5 0
19 5 0
20 5 0
21 4 1
22 4 1
23 4 1
24 5 0
25 4 1
26 4 1
27 5 0
28 5 0
29 4 1
30 5 0
31 5 0
32 4 1
33 4 1
34 4 1
35 5 0
36 5 0
37 3 1
38 3 1
39 3 1
40 3 1
41 4 0
42 3 1
43 2 1
44 2 1
45 3 0
46 2 1
47 2 1
48 2 1
49 2 1
50 3 0
51 3 0
52 2 1
53 1 1
54 1 1
##=========================================
##[Voxel Mapper]Iteration 250 keyframe id, used times, remaining times:
0 5 0
1 5 0
2 5 0
3 5 0
4 5 0
6 5 0
7 5 0
8 5 0
9 5 0
10 5 0
11 5 0
12 5 0
13 5 0
14 5 0
15 5 0
16 5 0
17 5 0
18 5 0
19 5 0
20 5 0
21 5 0
22 5 0
23 5 0
24 5 0
25 5 0
26 5 0
27 5 0
28 5 0
29 5 0
30 5 0
31 5 0
32 5 0
33 5 0
34 5 0
35 5 0
36 5 0
37 4 0
38 4 0
39 4 0
40 4 0
41 4 0
42 4 0
43 3 0
44 3 0
45 3 0
46 3 0
47 3 0
48 3 0
49 3 0
50 3 0
51 3 0
52 3 0
53 2 0
54 2 0
55 2 0
56 2 0
57 2 0
59 1 1
60 1 1
61 1 1
62 2 0
63 1 1
##=========================================
##[Voxel Mapper]Iteration 300 keyframe id, used times, remaining times:
0 5 1
1 6 0
2 6 0
3 5 1
4 6 0
6 6 0
7 6 0
8 6 0
9 6 0
10 5 1
11 5 1
12 6 0
13 5 1
14 5 1
15 5 1
16 6 0
17 6 0
18 6 0
19 5 1
20 6 0
21 6 0
22 6 0
23 6 0
24 6 0
25 5 1
26 6 0
27 6 0
28 6 0
29 5 1
30 5 1
31 5 1
32 6 0
33 6 0
34 5 1
35 5 1
36 6 0
37 4 1
38 4 1
39 4 1
40 4 1
41 4 1
42 5 0
43 3 1
44 3 1
45 4 0
46 3 1
47 4 0
48 3 1
49 3 1
50 3 1
51 3 1
52 4 0
53 3 0
54 3 0
55 2 1
56 2 1
57 3 0
58 2 1
59 3 0
60 2 1
61 3 0
62 2 1
63 2 1
64 3 0
65 3 0
66 2 1
67 3 0
69 1 1
70 1 1
##=========================================
##[Voxel Mapper]Iteration 350 keyframe id, used times, remaining times:
0 6 1
1 6 1
2 6 1
3 6 1
4 6 1
6 6 1
7 6 1
8 6 1
9 6 1
10 6 1
11 6 1
12 6 1
13 6 1
14 6 1
15 6 1
16 6 1
17 6 1
18 6 1
19 6 1
20 6 1
21 6 1
22 6 1
23 6 1
24 6 1
25 6 1
26 6 1
27 6 1
28 6 1
29 6 1
30 6 1
31 6 1
32 6 1
33 6 1
34 6 1
35 6 1
36 6 1
37 5 1
38 5 1
39 5 1
40 5 1
41 5 1
42 5 1
43 4 1
44 4 1
45 4 1
46 4 1
47 4 1
48 4 1
49 4 1
50 4 1
51 4 1
52 4 1
53 3 1
54 3 1
55 3 1
56 3 1
57 3 1
58 3 1
59 3 1
60 3 1
61 3 1
62 3 1
63 3 1
64 3 1
65 3 1
66 3 1
67 3 1
68 2 1
69 2 1
70 2 1
71 2 1
72 2 1
73 2 1
74 2 1
75 3 0
76 2 1
##=========================================
##[Voxel Mapper]Iteration 400 keyframe id, used times, remaining times:
0 6 1
1 6 1
2 7 0
3 7 0
4 7 0
6 6 1
7 7 0
8 7 0
9 7 0
10 6 1
11 6 1
12 6 1
13 7 0
14 6 1
15 6 1
16 7 0
17 7 0
18 6 1
19 6 1
20 7 0
21 7 0
22 7 0
23 7 0
24 6 1
25 7 0
26 7 0
27 7 0
28 6 1
29 7 0
30 6 1
31 7 0
32 6 1
33 7 0
34 6 1
35 7 0
36 6 1
37 6 0
38 5 1
39 6 0
40 6 0
41 6 0
42 5 1
43 5 0
44 4 1
45 4 1
46 5 0
47 5 0
48 5 0
49 5 0
50 5 0
51 5 0
52 5 0
53 3 1
54 3 1
55 4 0
56 4 0
57 4 0
58 3 1
59 4 0
60 3 1
61 4 0
62 4 0
63 4 0
64 4 0
65 3 1
66 4 0
67 4 0
68 3 0
69 3 0
70 3 0
71 3 0
72 2 1
73 2 1
74 3 0
75 3 0
76 2 1
77 1 1
79 1 1
80 1 1
##=========================================
##[Voxel Mapper]Iteration 450 keyframe id, used times, remaining times:
0 7 1
1 7 1
2 7 1
3 7 1
4 7 1
6 8 0
7 7 1
8 7 1
9 7 1
10 7 1
11 7 1
12 7 1
13 7 1
14 7 1
15 7 1
16 7 1
17 7 1
18 7 1
19 7 1
20 7 1
21 8 0
22 8 0
23 7 1
24 7 1
25 7 1
26 7 1
27 7 1
28 7 1
29 8 0
30 7 1
31 8 0
32 7 1
33 7 1
34 8 0
35 7 1
36 7 1
37 6 1
38 6 1
39 6 1
40 6 1
41 6 1
42 6 1
43 5 1
44 5 1
45 5 1
46 5 1
47 5 1
48 5 1
49 6 0
50 5 1
51 5 1
52 5 1
53 5 0
54 4 1
55 4 1
56 4 1
57 4 1
58 4 1
59 4 1
60 4 1
61 4 1
62 4 1
63 4 1
64 4 1
65 4 1
66 4 1
67 4 1
68 3 1
69 3 1
70 3 1
71 4 0
72 3 1
73 3 1
74 3 1
75 3 1
76 3 1
77 2 1
78 2 1
79 2 1
80 2 1
81 2 1
82 2 1
83 2 1
84 2 1
##=========================================
##[Voxel Mapper]Iteration 500 keyframe id, used times, remaining times:
0 7 1
1 8 0
2 8 0
3 7 1
4 7 1
6 8 0
7 8 0
8 7 1
9 8 0
10 7 1
11 8 0
12 7 1
13 8 0
14 8 0
15 8 0
16 8 0
17 8 0
18 8 0
19 8 0
20 7 1
21 8 0
22 8 0
23 7 1
24 7 1
25 7 1
26 8 0
27 7 1
28 8 0
29 8 0
30 8 0
31 8 0
32 8 0
33 8 0
34 8 0
35 7 1
36 7 1
37 6 1
38 7 0
39 7 0
40 6 1
41 7 0
42 7 0
43 5 1
44 5 1
45 6 0
46 6 0
47 5 1
48 5 1
49 6 0
50 6 0
51 6 0
52 5 1
53 5 0
54 4 1
55 5 0
56 5 0
57 5 0
58 5 0
59 5 0
60 5 0
61 5 0
62 5 0
63 5 0
64 5 0
65 4 1
66 4 1
67 5 0
68 4 0
69 4 0
70 4 0
71 4 0
72 4 0
73 3 1
74 3 1
75 4 0
76 3 1
77 2 1
78 2 1
79 3 0
80 2 1
81 3 0
82 3 0
83 2 1
84 3 0
85 1 1
87 2 0
88 1 1
89 1 1
##=========================================
##[Voxel Mapper]Iteration 550 keyframe id, used times, remaining times:
0 8 1
1 8 1
2 8 1
3 8 1
4 8 1
6 8 1
7 8 1
8 8 1
9 8 1
10 8 1
11 8 1
12 8 1
13 8 1
14 8 1
15 8 1
16 8 1
17 8 1
18 8 1
19 8 1
20 8 1
21 8 1
22 9 0
23 8 1
24 8 1
25 8 1
26 8 1
27 8 1
28 9 0
29 8 1
30 8 1
31 8 1
32 8 1
33 8 1
34 8 1
35 8 1
36 8 1
37 7 1
38 7 1
39 7 1
40 8 0
41 7 1
42 7 1
43 6 1
44 6 1
45 6 1
46 6 1
47 6 1
48 6 1
49 6 1
50 6 1
51 6 1
52 6 1
53 5 1
54 5 1
55 5 1
56 5 1
57 5 1
58 5 1
59 5 1
60 5 1
61 5 1
62 5 1
63 5 1
64 5 1
65 5 1
66 6 0
67 5 1
68 4 1
69 4 1
70 5 0
71 4 1
72 4 1
73 4 1
74 4 1
75 4 1
76 4 1
77 3 1
78 3 1
79 3 1
80 3 1
81 3 1
82 3 1
83 3 1
84 3 1
85 2 1
86 2 1
87 2 1
88 2 1
89 2 1
90 2 1
91 2 1
92 2 1
93 2 1
94 2 1
##=========================================
##[Voxel Mapper]Iteration 600 keyframe id, used times, remaining times:
0 8 1
1 8 1
2 8 1
3 9 0
4 9 0
6 8 1
7 9 0
8 9 0
9 9 0
10 9 0
11 9 0
12 8 1
13 9 0
14 9 0
15 8 1
16 8 1
17 9 0
18 9 0
19 8 1
20 8 1
21 8 1
22 9 0
23 8 1
24 8 1
25 9 0
26 9 0
27 9 0
28 9 0
29 8 1
30 8 1
31 8 1
32 9 0
33 8 1
34 9 0
35 8 1
36 8 1
37 7 1
38 8 0
39 7 1
40 8 0
41 8 0
42 8 0
43 7 0
44 7 0
45 7 0
46 6 1
47 7 0
48 7 0
49 6 1
50 6 1
51 7 0
52 6 1
53 5 1
54 6 0
55 5 1
56 5 1
57 5 1
58 6 0
59 5 1
60 5 1
61 5 1
62 6 0
63 5 1
64 6 0
65 6 0
66 6 0
67 5 1
68 4 1
69 5 0
70 5 0
71 5 0
72 4 1
73 4 1
74 5 0
75 5 0
76 5 0
77 4 0
78 4 0
79 4 0
80 3 1
81 3 1
82 4 0
83 4 0
84 3 1
85 3 0
86 3 0
87 3 0
88 3 0
89 3 0
90 2 1
91 2 1
92 3 0
93 3 0
94 2 1
95 1 1
96 1 1
98 1 1
##=========================================
##[Voxel Mapper]Iteration 650 keyframe id, used times, remaining times:
0 9 0
1 9 0
2 9 0
3 9 0
4 9 0
6 9 0
7 9 0
8 9 0
9 9 0
10 9 0
11 9 0
12 9 0
13 9 0
14 9 0
15 9 0
16 9 0
17 9 0
18 9 0
19 9 0
20 9 0
21 9 0
22 9 0
23 9 0
24 9 0
25 9 0
26 9 0
27 9 0
28 9 0
29 9 0
30 9 0
31 9 0
32 9 0
33 9 0
34 9 0
35 9 0
36 8 1
37 8 0
38 8 0
39 8 0
40 8 0
41 8 0
42 8 0
43 7 0
44 7 0
45 7 0
46 7 0
47 7 0
48 7 0
49 7 0
50 7 0
51 7 0
52 7 0
53 6 0
54 6 0
55 6 0
56 6 0
57 6 0
58 6 0
59 6 0
60 6 0
61 6 0
62 6 0
63 6 0
64 6 0
65 6 0
66 6 0
67 6 0
68 5 0
69 5 0
70 5 0
71 5 0
72 5 0
73 5 0
74 5 0
75 5 0
76 5 0
77 4 0
78 4 0
79 4 0
80 4 0
81 4 0
82 4 0
83 4 0
84 4 0
85 3 0
86 3 0
87 3 0
88 3 0
89 3 0
90 3 0
91 3 0
92 3 0
93 3 0
94 3 0
95 2 0
96 2 0
97 2 0
98 2 0
99 1 1
100 1 1
101 1 1
102 1 1
##=========================================
##[Voxel Mapper]Iteration 700 keyframe id, used times, remaining times:
0 10 0
1 9 1
2 10 0
3 10 0
4 9 1
6 10 0
7 9 1
8 10 0
9 10 0
10 10 0
11 9 1
12 9 1
13 9 1
14 9 1
15 10 0
16 10 0
17 9 1
18 10 0
19 9 1
20 10 0
21 10 0
22 9 1
23 10 0
24 9 1
25 10 0
26 9 1
27 9 1
28 9 1
29 9 1
30 9 1
31 10 0
32 9 1
33 9 1
34 9 1
35 9 1
36 10 0
37 8 1
38 8 1
39 8 1
40 8 1
41 8 1
42 9 0
43 7 1
44 8 0
45 7 1
46 8 0
47 7 1
48 8 0
49 7 1
50 7 1
51 8 0
52 8 0
53 7 0
54 6 1
55 7 0
56 7 0
57 6 1
58 7 0
59 6 1
60 7 0
61 7 0
62 6 1
63 6 1
64 6 1
65 6 1
66 7 0
67 7 0
68 6 0
69 6 0
70 6 0
71 5 1
72 5 1
73 6 0
74 5 1
75 6 0
76 5 1
77 4 1
78 4 1
79 5 0
80 4 1
81 4 1
82 5 0
83 4 1
84 4 1
85 3 1
86 4 0
87 3 1
88 3 1
89 3 1
90 4 0
91 4 0
92 3 1
93 3 1
94 4 0
95 2 1
96 2 1
97 3 0
98 2 1
99 3 0
100 3 0
101 2 1
102 3 0
##=========================================
##[Voxel Mapper]Iteration 750 keyframe id, used times, remaining times:
0 10 0
1 10 0
2 10 0
3 10 0
4 9 1
6 10 0
7 10 0
8 10 0
9 10 0
10 10 0
11 10 0
12 10 0
13 10 0
14 10 0
15 10 0
16 10 0
17 10 0
18 10 0
19 10 0
20 10 0
21 10 0
22 10 0
23 10 0
24 10 0
25 10 0
26 10 0
27 9 1
28 10 0
29 10 0
30 10 0
31 10 0
32 10 0
33 10 0
34 10 0
35 9 1
36 10 0
37 9 0
38 8 1
39 9 0
40 9 0
41 9 0
42 9 0
43 8 0
44 8 0
45 8 0
46 8 0
47 8 0
48 8 0
49 8 0
50 8 0
51 8 0
52 8 0
53 7 0
54 7 0
55 7 0
56 7 0
57 7 0
58 7 0
59 7 0
60 7 0
61 7 0
62 7 0
63 7 0
64 6 1
65 7 0
66 7 0
67 7 0
68 6 0
69 6 0
70 6 0
71 6 0
72 6 0
73 6 0
74 5 1
75 6 0
76 6 0
77 5 0
78 4 1
79 5 0
80 5 0
81 5 0
82 5 0
83 5 0
84 5 0
85 4 0
86 4 0
87 4 0
88 4 0
89 4 0
90 4 0
91 4 0
92 4 0
93 4 0
94 4 0
95 3 0
96 3 0
97 3 0
98 3 0
99 3 0
100 3 0
101 3 0
102 3 0
##=========================================
##[Voxel Mapper]Iteration 50 keyframe id, used times, remaining times:
0 2 0
1 2 0
2 1 1
3 2 0
4 2 0
8 2 0
9 2 0
10 2 0
11 2 0
12 2 0
13 2 0
14 2 0
15 2 0
16 2 0
17 2 0
18 2 0
19 2 0
20 2 0
21 2 0
22 2 0
23 1 1
24 1 1
25 2 0
26 2 0
27 2 0
28 2 0
29 1 1
##=========================================
##[Voxel Mapper]Iteration 100 keyframe id, used times, remaining times:
0 3 0
1 3 0
2 3 0
3 3 0
4 3 0
7 3 0
8 3 0
9 3 0
10 3 0
11 3 0
12 3 0
13 3 0
14 3 0
15 3 0
16 3 0
17 3 0
18 3 0
19 3 0
20 3 0
21 3 0
22 3 0
23 3 0
24 3 0
25 3 0
26 3 0
27 3 0
28 3 0
29 3 0
30 3 0
31 3 0
32 3 0
33 1 1
34 2 0
35 2 0
36 2 0
##=========================================
##[Voxel Mapper]Iteration 150 keyframe id, used times, remaining times:
0 4 0
1 4 0
2 4 0
3 4 0
4 4 0
7 4 0
8 4 0
9 4 0
10 4 0
11 4 0
12 4 0
13 4 0
14 4 0
15 4 0
16 4 0
17 4 0
18 4 0
19 4 0
20 4 0
21 4 0
22 4 0
23 4 0
24 4 0
25 4 0
26 4 0
27 4 0
28 4 0
29 4 0
30 4 0
31 4 0
32 4 0
33 3 0
34 3 0
35 3 0
36 3 0
37 3 0
38 2 0
39 2 0
40 2 0
41 2 0
42 2 0
43 1 1
##=========================================
##[Voxel Mapper]Iteration 200 keyframe id, used times, remaining times:
0 4 1
1 5 0
2 5 0
3 5 0
4 5 0
7 5 0
8 5 0
9 5 0
10 5 0
11 5 0
12 5 0
13 5 0
14 5 0
15 5 0
16 5 0
17 5 0
18 5 0
19 5 0
20 5 0
21 5 0
22 5 0
23 5 0
24 5 0
25 5 0
26 5 0
27 5 0
28 5 0
29 5 0
30 5 0
31 5 0
32 5 0
33 4 0
34 4 0
35 4 0
36 4 0
37 4 0
38 3 0
39 3 0
40 3 0
41 3 0
42 3 0
43 3 0
44 2 0
45 2 0
46 1 1
47 2 0
48 1 1
##=========================================
##[Voxel Mapper]Iteration 250 keyframe id, used times, remaining times:
0 6 0
1 5 1
2 6 0
3 6 0
4 6 0
7 6 0
8 6 0
9 6 0
10 6 0
11 6 0
12 5 1
13 5 1
14 5 1
15 6 0
16 6 0
17 6 0
18 5 1
19 6 0
20 6 0
21 5 1
22 6 0
23 6 0
24 5 1
25 6 0
26 6 0
27 5 1
28 6 0
29 6 0
30 6 0
31 6 0
32 6 0
33 4 1
34 5 0
35 4 1
36 5 0
37 5 0
38 3 1
39 3 1
40 4 0
41 4 0
42 4 0
43 4 0
44 3 0
45 3 0
46 3 0
47 2 1
48 3 0
49 3 0
50 3 0
51 3 0
54 2 0
55 2 0
##=========================================
##[Voxel Mapper]Iteration 300 keyframe id, used times, remaining times:
0 7 0
1 7 0
2 6 1
3 7 0
4 6 1
7 6 1
8 6 1
9 6 1
10 6 1
11 6 1
12 6 1
13 6 1
14 6 1
15 6 1
16 6 1
17 6 1
18 6 1
19 7 0
20 7 0
21 6 1
22 7 0
23 6 1
24 6 1
25 6 1
26 7 0
27 6 1
28 6 1
29 6 1
30 6 1
31 6 1
32 6 1
33 5 1
34 5 1
35 5 1
36 6 0
37 5 1
38 5 0
39 5 0
40 5 0
41 4 1
42 4 1
43 4 1
44 3 1
45 3 1
46 4 0
47 3 1
48 3 1
49 3 1
50 3 1
51 4 0
52 2 1
53 2 1
54 2 1
55 3 0
56 2 1
57 2 1
58 2 1
59 2 1
60 3 0
61 2 1
62 3 0
63 3 0
##=========================================
##[Voxel Mapper]Iteration 350 keyframe id, used times, remaining times:
0 7 0
1 7 0
2 7 0
3 7 0
4 7 0
7 7 0
8 7 0
9 7 0
10 7 0
11 7 0
12 7 0
13 7 0
14 7 0
15 6 1
16 7 0
17 7 0
18 7 0
19 7 0
20 7 0
21 7 0
22 7 0
23 7 0
24 7 0
25 7 0
26 7 0
27 6 1
28 7 0
29 7 0
30 7 0
31 7 0
32 7 0
33 6 0
34 6 0
35 6 0
36 6 0
37 6 0
38 5 0
39 5 0
40 5 0
41 5 0
42 5 0
43 5 0
44 3 1
45 4 0
46 4 0
47 4 0
48 4 0
49 4 0
50 4 0
51 4 0
52 3 0
53 2 1
54 3 0
55 3 0
56 3 0
57 3 0
58 3 0
59 3 0
60 3 0
61 3 0
62 3 0
63 3 0
64 1 1
65 2 0
66 2 0
67 1 1
68 1 1
69 1 1
71 1 1
##=========================================
##[Voxel Mapper]Iteration 400 keyframe id, used times, remaining times:
0 7 1
1 7 1
2 7 1
3 8 0
4 8 0
7 8 0
8 8 0
9 7 1
10 7 1
11 7 1
12 7 1
13 8 0
14 7 1
15 8 0
16 7 1
17 7 1
18 7 1
19 7 1
20 7 1
21 7 1
22 8 0
23 8 0
24 8 0
25 8 0
26 8 0
27 7 1
28 8 0
29 7 1
30 8 0
31 7 1
32 7 1
33 6 1
34 7 0
35 7 0
36 7 0
37 6 1
38 5 1
39 5 1
40 5 1
41 6 0
42 5 1
43 5 1
44 4 1
45 5 0
46 5 0
47 5 0
48 5 0
49 5 0
50 5 0
51 5 0
52 3 1
53 3 1
54 3 1
55 3 1
56 4 0
57 3 1
58 4 0
59 3 1
60 3 1
61 4 0
62 3 1
63 3 1
64 3 0
65 3 0
66 3 0
67 2 1
68 3 0
69 3 0
70 2 1
71 2 1
72 2 1
73 3 0
74 1 1
76 1 1
##=========================================
##[Voxel Mapper]Iteration 450 keyframe id, used times, remaining times:
0 8 1
1 8 1
2 8 1
3 8 1
4 8 1
7 8 1
8 8 1
9 8 1
10 8 1
11 8 1
12 8 1
13 8 1
14 8 1
15 8 1
16 8 1
17 8 1
18 8 1
19 8 1
20 8 1
21 8 1
22 8 1
23 8 1
24 8 1
25 8 1
26 8 1
27 8 1
28 8 1
29 8 1
30 8 1
31 8 1
32 8 1
33 7 1
34 7 1
35 7 1
36 7 1
37 7 1
38 6 1
39 6 1
40 6 1
41 6 1
42 6 1
43 6 1
44 5 1
45 5 1
46 5 1
47 5 1
48 5 1
49 5 1
50 5 1
51 5 1
52 4 1
53 4 1
54 4 1
55 4 1
56 4 1
57 4 1
58 4 1
59 4 1
60 4 1
61 4 1
62 4 1
63 4 1
64 3 1
65 3 1
66 3 1
67 3 1
68 3 1
69 3 1
70 3 1
71 3 1
72 3 1
73 3 1
74 2 1
75 2 1
76 2 1
77 2 1
78 2 1
79 3 0
##=========================================
##[Voxel Mapper]Iteration 500 keyframe id, used times, remaining times:
0 9 0
1 8 1
2 8 1
3 9 0
4 9 0
7 8 1
8 9 0
9 8 1
10 9 0
11 9 0
12 8 1
13 8 1
14 9 0
15 8 1
16 8 1
17 8 1
18 9 0
19 9 0
20 9 0
21 9 0
22 8 1
23 9 0
24 9 0
25 9 0
26 9 0
27 9 0
28 8 1
29 9 0
30 9 0
31 8 1
32 9 0
33 7 1
34 8 0
35 7 1
36 8 0
37 8 0
38 6 1
39 6 1
40 7 0
41 7 0
42 7 0
43 6 1
44 6 0
45 5 1
46 5 1
47 6 0
48 6 0
49 5 1
50 6 0
51 6 0
52 4 1
53 5 0
54 5 0
55 4 1
56 4 1
57 5 0
58 4 1
59 5 0
60 5 0
61 5 0
62 5 0
63 5 0
64 4 0
65 4 0
66 4 0
67 3 1
68 3 1
69 4 0
70 4 0
71 4 0
72 4 0
73 3 1
74 3 0
75 2 1
76 3 0
77 3 0
78 3 0
79 3 0
82 1 1
##=========================================
##[Voxel Mapper]Iteration 550 keyframe id, used times, remaining times:
0 9 1
1 9 1
2 9 1
3 9 1
4 10 0
7 9 1
8 9 1
9 9 1
10 9 1
11 9 1
12 9 1
13 9 1
14 9 1
15 9 1
16 9 1
17 9 1
18 9 1
19 9 1
20 9 1
21 10 0
22 9 1
23 9 1
24 9 1
25 9 1
26 9 1
27 9 1
28 9 1
29 9 1
30 9 1
31 9 1
32 9 1
33 8 1
34 8 1
35 8 1
36 8 1
37 8 1
38 7 1
39 8 0
40 7 1
41 7 1
42 7 1
43 7 1
44 6 1
45 6 1
46 7 0
47 6 1
48 6 1
49 6 1
50 6 1
51 6 1
52 5 1
53 5 1
54 5 1
55 5 1
56 6 0
57 5 1
58 5 1
59 5 1
60 5 1
61 5 1
62 5 1
63 5 1
64 5 0
65 4 1
66 4 1
67 4 1
68 5 0
69 4 1
70 4 1
71 4 1
72 4 1
73 4 1
74 3 1
75 3 1
76 3 1
77 3 1
78 4 0
79 3 1
80 2 1
81 2 1
82 2 1
83 2 1
84 2 1
85 2 1
86 3 0
##=========================================
##[Voxel Mapper]Iteration 600 keyframe id, used times, remaining times:
0 10 0
1 10 0
2 9 1
3 10 0
4 10 0
7 10 0
8 10 0
9 10 0
10 10 0
11 9 1
12 9 1
13 10 0
14 10 0
15 10 0
16 10 0
17 10 0
18 10 0
19 10 0
20 10 0
21 10 0
22 10 0
23 10 0
24 10 0
25 10 0
26 9 1
27 10 0
28 9 1
29 10 0
30 10 0
31 10 0
32 9 1
33 8 1
34 8 1
35 8 1
36 8 1
37 9 0
38 8 0
39 8 0
40 8 0
41 8 0
42 7 1
43 8 0
44 6 1
45 7 0
46 7 0
47 7 0
48 7 0
49 7 0
50 6 1
51 6 1
52 5 1
53 6 0
54 5 1
55 5 1
56 6 0
57 6 0
58 5 1
59 6 0
60 6 0
61 6 0
62 6 0
63 6 0
64 5 0
65 4 1
66 5 0
67 4 1
68 5 0
69 5 0
70 4 1
71 5 0
72 4 1
73 4 1
74 3 1
75 4 0
76 4 0
77 3 1
78 4 0
79 4 0
80 3 0
81 3 0
82 2 1
83 3 0
84 2 1
85 3 0
86 3 0
87 1 1
##=========================================
##[Voxel Mapper]Iteration 650 keyframe id, used times, remaining times:
0 10 1
1 10 1
2 10 1
3 10 1
4 10 1
7 10 1
8 10 1
9 10 1
10 10 1
11 10 1
12 10 1
13 10 1
14 10 1
15 10 1
16 10 1
17 10 1
18 10 1
19 10 1
20 10 1
21 10 1
22 10 1
23 10 1
24 10 1
25 10 1
26 10 1
27 10 1
28 10 1
29 10 1
30 10 1
31 10 1
32 10 1
33 9 1
34 9 1
35 9 1
36 9 1
37 9 1
38 8 1
39 8 1
40 8 1
41 8 1
42 8 1
43 8 1
44 7 1
45 7 1
46 7 1
47 7 1
48 7 1
49 7 1
50 7 1
51 7 1
52 6 1
53 6 1
54 6 1
55 6 1
56 6 1
57 6 1
58 6 1
59 7 0
60 6 1
61 6 1
62 6 1
63 6 1
64 5 1
65 5 1
66 5 1
67 6 0
68 5 1
69 5 1
70 5 1
71 5 1
72 5 1
73 5 1
74 4 1
75 4 1
76 4 1
77 4 1
78 4 1
79 4 1
80 3 1
81 3 1
82 3 1
83 3 1
84 3 1
85 3 1
86 3 1
87 3 0
88 2 1
89 2 1
90 2 1
91 2 1
92 2 1
93 2 1
94 2 1
95 2 1
96 3 0
##=========================================
##[Voxel Mapper]Iteration 700 keyframe id, used times, remaining times:
0 11 0
1 10 1
2 11 0
3 11 0
4 10 1
7 10 1
8 11 0
9 10 1
10 11 0
11 10 1
12 10 1
13 10 1
14 11 0
15 10 1
16 11 0
17 11 0
18 11 0
19 10 1
20 11 0
21 11 0
22 10 1
23 10 1
24 11 0
25 11 0
26 10 1
27 10 1
28 11 0
29 11 0
30 10 1
31 11 0
32 10 1
33 10 0
34 9 1
35 9 1
36 10 0
37 10 0
38 9 0
39 9 0
40 9 0
41 9 0
42 9 0
43 8 1
44 8 0
45 8 0
46 8 0
47 7 1
48 8 0
49 8 0
50 8 0
51 8 0
52 7 0
53 7 0
54 6 1
55 7 0
56 7 0
57 7 0
58 6 1
59 7 0
60 7 0
61 6 1
62 6 1
63 6 1
64 6 0
65 5 1
66 5 1
67 6 0
68 5 1
69 5 1
70 5 1
71 5 1
72 5 1
73 5 1
74 4 1
75 4 1
76 5 0
77 5 0
78 5 0
79 4 1
80 4 0
81 3 1
82 4 0
83 3 1
84 4 0
85 4 0
86 3 1
87 3 0
88 2 1
89 3 0
90 3 0
91 3 0
92 2 1
93 2 1
94 2 1
95 3 0
96 3 0
97 1 1
##=========================================
##[Voxel Mapper]Iteration 750 keyframe id, used times, remaining times:
0 11 1
1 11 1
2 11 1
3 11 1
4 11 1
7 11 1
8 11 1
9 11 1
10 11 1
11 11 1
12 11 1
13 11 1
14 11 1
15 11 1
16 11 1
17 11 1
18 11 1
19 11 1
20 11 1
21 11 1
22 11 1
23 11 1
24 11 1
25 11 1
26 11 1
27 11 1
28 11 1
29 12 0
30 11 1
31 11 1
32 11 1
33 10 1
34 11 0
35 10 1
36 10 1
37 10 1
38 9 1
39 9 1
40 9 1
41 9 1
42 9 1
43 9 1
44 8 1
45 8 1
46 8 1
47 8 1
48 8 1
49 8 1
50 8 1
51 8 1
52 7 1
53 7 1
54 8 0
55 7 1
56 7 1
57 7 1
58 7 1
59 7 1
60 7 1
61 7 1
62 7 1
63 7 1
64 6 1
65 6 1
66 6 1
67 6 1
68 6 1
69 6 1
70 6 1
71 6 1
72 6 1
73 6 1
74 5 1
75 5 1
76 5 1
77 5 1
78 5 1
79 5 1
80 4 1
81 4 1
82 4 1
83 4 1
84 4 1
85 4 1
86 4 1
87 3 1
88 3 1
89 3 1
90 3 1
91 4 0
92 3 1
93 3 1
94 3 1
95 3 1
96 3 1
97 2 1
98 3 0
##=========================================
##[Voxel Mapper]Iteration 800 keyframe id, used times, remaining times:
0 12 0
1 11 1
2 12 0
3 12 0
4 11 1
7 11 1
8 11 1
9 11 1
10 11 1
11 12 0
12 11 1
13 12 0
14 12 0
15 11 1
16 11 1
17 12 0
18 12 0
19 11 1
20 11 1
21 12 0
22 11 1
23 11 1
24 12 0
25 12 0
26 12 0
27 11 1
28 12 0
29 12 0
30 11 1
31 12 0
32 12 0
33 11 0
34 11 0
35 10 1
36 11 0
37 11 0
38 9 1
39 9 1
40 10 0
41 9 1
42 9 1
43 10 0
44 8 1
45 9 0
46 9 0
47 8 1
48 9 0
49 9 0
50 9 0
51 9 0
52 8 0
53 8 0
54 8 0
55 8 0
56 8 0
57 8 0
58 7 1
59 8 0
60 8 0
61 7 1
62 8 0
63 7 1
64 6 1
65 7 0
66 6 1
67 6 1
68 6 1
69 6 1
70 7 0
71 6 1
72 7 0
73 7 0
74 6 0
75 5 1
76 6 0
77 5 1
78 6 0
79 5 1
80 5 0
81 4 1
82 4 1
83 4 1
84 5 0
85 5 0
86 5 0
87 3 1
88 3 1
89 4 0
90 3 1
91 4 0
92 3 1
93 4 0
94 3 1
95 4 0
96 4 0
97 3 0
98 3 0
##=========================================
##[Voxel Mapper]Iteration 850 keyframe id, used times, remaining times:
0 12 1
1 12 1
2 13 0
3 12 1
4 12 1
7 12 1
8 12 1
9 12 1
10 12 1
11 12 1
12 12 1
13 12 1
14 12 1
15 12 1
16 12 1
17 12 1
18 12 1
19 12 1
20 12 1
21 12 1
22 12 1
23 12 1
24 12 1
25 12 1
26 12 1
27 12 1
28 12 1
29 13 0
30 12 1
31 12 1
32 12 1
33 11 1
34 12 0
35 11 1
36 11 1
37 11 1
38 10 1
39 10 1
40 10 1
41 10 1
42 10 1
43 10 1
44 9 1
45 9 1
46 9 1
47 9 1
48 9 1
49 9 1
50 9 1
51 9 1
52 8 1
53 8 1
54 9 0
55 8 1
56 8 1
57 8 1
58 8 1
59 8 1
60 8 1
61 8 1
62 9 0
63 8 1
64 8 0
65 7 1
66 7 1
67 7 1
68 7 1
69 7 1
70 7 1
71 7 1
72 7 1
73 7 1
74 6 1
75 6 1
76 6 1
77 6 1
78 6 1
79 6 1
80 5 1
81 5 1
82 5 1
83 5 1
84 5 1
85 5 1
86 5 1
87 4 1
88 4 1
89 4 1
90 4 1
91 5 0
92 4 1
93 4 1
94 4 1
95 4 1
96 4 1
97 3 1
98 4 0
##=========================================
##[Voxel Mapper]Iteration 50 keyframe id, used times, remaining times:
0 2 0
1 2 0
2 1 1
3 2 0
5 2 0
7 2 0
8 2 0
9 2 0
10 2 0
11 2 0
12 2 0
13 2 0
14 2 0
15 2 0
16 2 0
17 2 0
18 2 0
19 2 0
20 2 0
21 2 0
23 2 0
24 2 0
25 1 1
26 2 0
27 2 0
28 1 1
29 1 1
##=========================================
##[Voxel Mapper]Iteration 100 keyframe id, used times, remaining times:
0 3 0
1 3 0
2 3 0
3 3 0
5 3 0
7 3 0
8 3 0
9 3 0
10 3 0
11 3 0
12 3 0
13 3 0
14 3 0
15 2 1
16 3 0
17 3 0
18 3 0
19 3 0
20 3 0
21 3 0
22 3 0
23 3 0
24 3 0
25 3 0
26 3 0
27 3 0
28 3 0
29 3 0
30 3 0
31 3 0
32 3 0
33 2 1
34 2 0
35 2 0
36 1 1
37 1 1
##=========================================
##[Voxel Mapper]Iteration 150 keyframe id, used times, remaining times:
0 4 0
1 4 0
2 4 0
3 4 0
5 4 0
7 4 0
8 4 0
9 4 0
10 4 0
11 4 0
12 4 0
13 4 0
14 4 0
15 4 0
16 4 0
17 4 0
18 4 0
19 4 0
20 4 0
21 4 0
22 4 0
23 4 0
24 4 0
25 4 0
26 4 0
27 4 0
28 4 0
29 4 0
30 4 0
31 4 0
32 4 0
33 4 0
34 3 0
35 3 0
36 3 0
37 3 0
38 3 0
39 3 0
40 2 0
41 1 1
42 1 1
##=========================================
##[Voxel Mapper]Iteration 200 keyframe id, used times, remaining times:
0 5 0
1 5 0
2 5 0
3 5 0
5 5 0
7 5 0
8 4 1
9 5 0
10 5 0
11 4 1
12 5 0
13 5 0
14 5 0
15 4 1
16 5 0
17 5 0
18 5 0
19 5 0
20 5 0
21 5 0
22 5 0
23 5 0
24 5 0
25 5 0
26 5 0
27 4 1
28 5 0
29 5 0
30 5 0
31 5 0
32 5 0
33 5 0
34 4 0
35 4 0
36 3 1
37 3 1
38 3 1
39 4 0
40 3 0
41 3 0
42 3 0
43 3 0
44 3 0
45 2 0
46 2 0
48 2 0
49 2 0
##=========================================
##[Voxel Mapper]Iteration 250 keyframe id, used times, remaining times:
0 5 1
1 5 1
2 6 0
3 6 0
5 6 0
7 6 0
8 5 1
9 6 0
10 6 0
11 5 1
12 5 1
13 6 0
14 5 1
15 6 0
16 5 1
17 5 1
18 5 1
19 6 0
20 6 0
21 5 1
22 5 1
23 5 1
24 6 0
25 6 0
26 6 0
27 5 1
28 6 0
29 6 0
30 6 0
31 6 0
32 5 1
33 6 0
34 5 0
35 5 0
36 4 1
37 5 0
38 4 1
39 5 0
40 3 1
41 3 1
42 4 0
43 4 0
44 4 0
45 3 0
46 3 0
47 3 0
48 3 0
49 2 1
50 3 0
51 2 1
52 3 0
53 3 0
54 1 1
##=========================================
##[Voxel Mapper]Iteration 300 keyframe id, used times, remaining times:
0 6 1
1 6 1
2 6 1
3 7 0
5 6 1
7 7 0
8 6 1
9 7 0
10 6 1
11 6 1
12 6 1
13 6 1
14 6 1
15 6 1
16 6 1
17 6 1
18 6 1
19 6 1
20 6 1
21 6 1
22 6 1
23 7 0
24 6 1
25 6 1
26 6 1
27 6 1
28 6 1
29 6 1
30 6 1
31 6 1
32 6 1
33 6 1
34 5 1
35 5 1
36 5 1
37 5 1
38 6 0
39 6 0
40 4 1
41 4 1
42 4 1
43 4 1
44 4 1
45 3 1
46 3 1
47 3 1
48 3 1
49 3 1
50 3 1
51 3 1
52 3 1
53 3 1
54 2 1
55 2 1
56 3 0
57 2 1
58 2 1
59 3 0
60 2 1
61 2 1
62 2 1
63 2 1
64 3 0
##=========================================
##[Voxel Mapper]Iteration 350 keyframe id, used times, remaining times:
0 6 1
1 7 0
2 7 0
3 7 0
5 7 0
7 7 0
8 6 1
9 7 0
10 7 0
11 7 0
12 6 1
13 7 0
14 7 0
15 7 0
16 6 1
17 7 0
18 6 1
19 7 0
20 7 0
21 7 0
22 7 0
23 7 0
24 7 0
25 7 0
26 7 0
27 7 0
28 6 1
29 7 0
30 7 0
31 6 1
32 7 0
33 7 0
34 6 0
35 5 1
36 5 1
37 6 0
38 6 0
39 6 0
40 5 0
41 5 0
42 5 0
43 5 0
44 5 0
45 3 1
46 4 0
47 4 0
48 4 0
49 3 1
50 4 0
51 4 0
52 4 0
53 4 0
54 2 1
55 3 0
56 3 0
57 3 0
58 3 0
59 3 0
60 2 1
61 3 0
62 3 0
63 3 0
64 3 0
66 2 0
67 2 0
68 2 0
69 1 1
70 1 1
71 1 1
##=========================================
##[Voxel Mapper]Iteration 400 keyframe id, used times, remaining times:
0 8 0
1 8 0
2 7 1
3 7 1
5 8 0
7 7 1
8 8 0
9 8 0
10 7 1
11 7 1
12 7 1
13 7 1
14 8 0
15 8 0
16 7 1
17 7 1
18 8 0
19 7 1
20 7 1
21 8 0
22 7 1
23 7 1
24 8 0
25 7 1
26 8 0
27 7 1
28 7 1
29 7 1
30 7 1
31 7 1
32 7 1
33 7 1
34 7 0
35 6 1
36 6 1
37 7 0
38 6 1
39 6 1
40 5 1
41 5 1
42 5 1
43 5 1
44 5 1
45 5 0
46 4 1
47 5 0
48 4 1
49 4 1
50 4 1
51 4 1
52 4 1
53 5 0
54 3 1
55 3 1
56 4 0
57 3 1
58 4 0
59 3 1
60 4 0
61 4 0
62 3 1
63 4 0
64 3 1
65 2 1
66 2 1
67 2 1
68 2 1
69 2 1
70 2 1
71 3 0
72 3 0
73 2 1
74 2 1
75 3 0
##=========================================
##[Voxel Mapper]Iteration 450 keyframe id, used times, remaining times:
0 8 0
1 8 0
2 8 0
3 7 1
5 8 0
7 8 0
8 8 0
9 8 0
10 8 0
11 8 0
12 8 0
13 8 0
14 8 0
15 8 0
16 8 0
17 8 0
18 8 0
19 8 0
20 7 1
21 8 0
22 8 0
23 8 0
24 8 0
25 8 0
26 8 0
27 8 0
28 8 0
29 8 0
30 7 1
31 8 0
32 8 0
33 8 0
34 7 0
35 7 0
36 7 0
37 7 0
38 7 0
39 7 0
40 6 0
41 6 0
42 6 0
43 6 0
44 6 0
45 5 0
46 5 0
47 5 0
48 5 0
49 4 1
50 5 0
51 5 0
52 5 0
53 5 0
54 4 0
55 4 0
56 4 0
57 4 0
58 4 0
59 4 0
60 4 0
61 4 0
62 3 1
63 4 0
64 4 0
65 2 1
66 3 0
67 3 0
68 3 0
69 3 0
70 2 1
71 3 0
72 3 0
73 2 1
74 3 0
75 3 0
76 2 0
77 2 0
78 2 0
79 1 1
80 1 1
##=========================================
##[Voxel Mapper]Iteration 500 keyframe id, used times, remaining times:
0 9 0
1 9 0
2 9 0
3 9 0
5 8 1
7 9 0
8 8 1
9 9 0
10 8 1
11 9 0
12 8 1
13 9 0
14 9 0
15 9 0
16 8 1
17 8 1
18 9 0
19 8 1
20 8 1
21 9 0
22 8 1
23 8 1
24 8 1
25 8 1
26 8 1
27 9 0
28 8 1
29 8 1
30 8 1
31 8 1
32 9 0
33 9 0
34 8 0
35 7 1
36 7 1
37 8 0
38 8 0
39 7 1
40 6 1
41 6 1
42 7 0
43 6 1
44 6 1
45 5 1
46 6 0
47 6 0
48 6 0
49 5 1
50 5 1
51 5 1
52 6 0
53 6 0
54 5 0
55 5 0
56 5 0
57 5 0
58 5 0
59 4 1
60 4 1
61 5 0
62 5 0
63 5 0
64 4 1
65 3 1
66 3 1
67 4 0
68 4 0
69 4 0
70 3 1
71 4 0
72 4 0
73 4 0
74 3 1
75 3 1
76 2 1
77 2 1
78 2 1
79 2 1
80 3 0
83 1 1
##=========================================
##[Voxel Mapper]Iteration 550 keyframe id, used times, remaining times:
0 9 0
1 9 0
2 9 0
3 9 0
5 9 0
7 9 0
8 9 0
9 9 0
10 9 0
11 9 0
12 9 0
13 9 0
14 9 0
15 9 0
16 9 0
17 9 0
18 9 0
19 9 0
20 9 0
21 9 0
22 9 0
23 9 0
24 9 0
25 9 0
26 9 0
27 9 0
28 9 0
29 9 0
30 9 0
31 9 0
32 9 0
33 9 0
34 8 0
35 8 0
36 8 0
37 8 0
38 8 0
39 8 0
40 7 0
41 7 0
42 7 0
43 7 0
44 7 0
45 6 0
46 6 0
47 6 0
48 6 0
49 6 0
50 6 0
51 6 0
52 6 0
53 6 0
54 5 0
55 5 0
56 5 0
57 5 0
58 5 0
59 5 0
60 5 0
61 5 0
62 5 0
63 5 0
64 5 0
65 4 0
66 4 0
67 4 0
68 4 0
69 4 0
70 4 0
71 4 0
72 4 0
73 4 0
74 4 0
75 4 0
76 3 0
77 3 0
78 3 0
79 3 0
80 3 0
81 2 0
82 2 0
83 1 1
84 2 0
85 2 0
86 1 1
87 1 1
##=========================================
##[Voxel Mapper]Iteration 600 keyframe id, used times, remaining times:
0 9 1
1 9 1
2 10 0
3 10 0
5 10 0
7 10 0
8 10 0
9 10 0
10 10 0
11 10 0
12 9 1
13 9 1
14 9 1
15 9 1
16 10 0
17 9 1
18 10 0
19 9 1
20 10 0
21 10 0
22 10 0
23 10 0
24 10 0
25 10 0
26 9 1
27 10 0
28 9 1
29 10 0
30 10 0
31 9 1
32 10 0
33 10 0
34 9 0
35 9 0
36 8 1
37 8 1
38 9 0
39 9 0
40 7 1
41 7 1
42 8 0
43 7 1
44 8 0
45 7 0
46 7 0
47 6 1
48 7 0
49 7 0
50 6 1
51 7 0
52 6 1
53 6 1
54 5 1
55 5 1
56 6 0
57 6 0
58 5 1
59 5 1
60 6 0
61 5 1
62 6 0
63 5 1
64 5 1
65 4 1
66 5 0
67 5 0
68 5 0
69 5 0
70 5 0
71 4 1
72 4 1
73 5 0
74 5 0
75 4 1
76 3 1
77 4 0
78 3 1
79 3 1
80 4 0
81 2 1
82 2 1
83 2 1
84 3 0
85 2 1
86 3 0
87 2 1
##=========================================
##[Voxel Mapper]Iteration 650 keyframe id, used times, remaining times:
0 10 0
1 10 0
2 10 0
3 10 0
5 10 0
7 10 0
8 10 0
9 10 0
10 10 0
11 10 0
12 10 0
13 10 0
14 10 0
15 10 0
16 10 0
17 10 0
18 10 0
19 10 0
20 10 0
21 10 0
22 10 0
23 10 0
24 10 0
25 10 0
26 10 0
27 10 0
28 10 0
29 10 0
30 10 0
31 10 0
32 10 0
33 10 0
34 9 0
35 9 0
36 9 0
37 9 0
38 9 0
39 9 0
40 8 0
41 8 0
42 8 0
43 8 0
44 8 0
45 7 0
46 7 0
47 7 0
48 7 0
49 7 0
50 7 0
51 7 0
52 7 0
53 7 0
54 6 0
55 6 0
56 6 0
57 6 0
58 6 0
59 6 0
60 6 0
61 6 0
62 6 0
63 6 0
64 6 0
65 5 0
66 5 0
67 5 0
68 5 0
69 5 0
70 5 0
71 5 0
72 5 0
73 5 0
74 5 0
75 5 0
76 4 0
77 4 0
78 4 0
79 4 0
80 4 0
81 3 0
82 3 0
83 3 0
84 3 0
85 3 0
86 3 0
87 3 0
88 2 0
89 1 1
90 2 0
91 2 0
92 2 0
93 1 1
94 1 1
##=========================================
##[Voxel Mapper]Iteration 700 keyframe id, used times, remaining times:
0 11 0
1 10 1
2 11 0
3 11 0
5 11 0
7 10 1
8 10 1
9 10 1
10 10 1
11 11 0
12 10 1
13 10 1
14 10 1
15 11 0
16 11 0
17 11 0
18 11 0
19 10 1
20 10 1
21 11 0
22 10 1
23 10 1
24 10 1
25 11 0
26 10 1
27 10 1
28 10 1
29 11 0
30 10 1
31 10 1
32 10 1
33 11 0
34 10 0
35 9 1
36 10 0
37 9 1
38 9 1
39 10 0
40 8 1
41 9 0
42 8 1
43 8 1
44 8 1
45 7 1
46 7 1
47 8 0
48 8 0
49 7 1
50 8 0
51 8 0
52 7 1
53 8 0
54 7 0
55 7 0
56 7 0
57 7 0
58 7 0
59 6 1
60 7 0
61 7 0
62 6 1
63 6 1
64 6 1
65 5 1
66 5 1
67 5 1
68 5 1
69 6 0
70 5 1
71 5 1
72 6 0
73 5 1
74 5 1
75 6 0
76 5 0
77 4 1
78 5 0
79 5 0
80 5 0
81 3 1
82 4 0
83 3 1
84 4 0
85 4 0
86 3 1
87 3 1
88 3 0
89 2 1
90 2 1
91 2 1
92 3 0
93 3 0
94 3 0
95 3 0
96 1 1
##=========================================
##[Voxel Mapper]Iteration 750 keyframe id, used times, remaining times:
0 11 0
1 11 0
2 11 0
3 11 0
5 11 0
7 10 1
8 11 0
9 11 0
10 11 0
11 11 0
12 11 0
13 11 0
14 11 0
15 11 0
16 11 0
17 11 0
18 11 0
19 11 0
20 11 0
21 11 0
22 11 0
23 11 0
24 11 0
25 11 0
26 10 1
27 11 0
28 11 0
29 11 0
30 11 0
31 11 0
32 11 0
33 11 0
34 10 0
35 10 0
36 10 0
37 10 0
38 10 0
39 10 0
40 9 0
41 9 0
42 9 0
43 9 0
44 9 0
45 8 0
46 7 1
47 8 0
48 8 0
49 8 0
50 8 0
51 8 0
52 8 0
53 8 0
54 7 0
55 7 0
56 7 0
57 7 0
58 7 0
59 7 0
60 7 0
61 7 0
62 7 0
63 7 0
64 7 0
65 5 1
66 6 0
67 6 0
68 6 0
69 6 0
70 6 0
71 6 0
72 6 0
73 6 0
74 6 0
75 6 0
76 5 0
77 5 0
78 5 0
79 5 0
80 5 0
81 4 0
82 4 0
83 4 0
84 4 0
85 4 0
86 4 0
87 4 0
88 3 0
89 3 0
90 3 0
91 3 0
92 3 0
93 3 0
94 3 0
95 3 0
96 1 1
97 2 0
98 1 1
99 1 1
##=========================================
##[Voxel Mapper]Iteration 50 keyframe id, used times, remaining times:
0 2 0
1 2 0
2 2 0
3 2 0
5 2 0
7 2 0
8 2 0
9 2 0
10 2 0
11 2 0
12 2 0
13 2 0
14 2 0
15 2 0
16 2 0
17 2 0
18 1 1
19 2 0
20 2 0
21 2 0
22 2 0
23 2 0
24 1 1
26 2 0
27 2 0
28 1 1
29 1 1
##=========================================
##[Voxel Mapper]Iteration 100 keyframe id, used times, remaining times:
0 2 1
1 3 0
2 3 0
3 3 0
5 2 1
7 3 0
8 3 0
9 3 0
10 3 0
11 3 0
12 3 0
13 3 0
14 3 0
15 3 0
16 3 0
17 3 0
18 3 0
19 3 0
20 3 0
21 3 0
22 3 0
23 3 0
24 3 0
25 3 0
26 3 0
27 3 0
28 3 0
29 3 0
30 3 0
31 3 0
32 3 0
33 2 0
34 2 0
35 2 0
36 2 0
37 1 1
##=========================================
##[Voxel Mapper]Iteration 150 keyframe id, used times, remaining times:
0 4 0
1 4 0
2 4 0
3 4 0
5 4 0
7 4 0
8 4 0
9 4 0
10 4 0
11 4 0
12 4 0
13 4 0
14 4 0
15 4 0
16 4 0
17 4 0
18 4 0
19 4 0
20 4 0
21 4 0
22 4 0
23 3 1
24 4 0
25 4 0
26 4 0
27 4 0
28 4 0
29 4 0
30 4 0
31 4 0
32 4 0
33 3 0
34 3 0
35 3 0
36 3 0
37 3 0
38 3 0
39 2 0
40 2 0
41 2 0
42 2 0
43 1 1
##=========================================
##[Voxel Mapper]Iteration 200 keyframe id, used times, remaining times:
0 4 1
1 5 0
2 5 0
3 5 0
5 4 1
7 5 0
8 5 0
9 5 0
10 5 0
11 5 0
12 5 0
13 4 1
14 5 0
15 5 0
16 5 0
17 5 0
18 5 0
19 5 0
20 5 0
21 5 0
22 5 0
23 5 0
24 5 0
25 5 0
26 5 0
27 5 0
28 5 0
29 5 0
30 5 0
31 5 0
32 5 0
33 4 0
34 4 0
35 4 0
36 4 0
37 4 0
38 4 0
39 3 0
40 3 0
41 3 0
42 3 0
43 3 0
44 1 1
45 2 0
46 1 1
47 2 0
48 2 0
49 1 1
##=========================================
##[Voxel Mapper]Iteration 250 keyframe id, used times, remaining times:
0 6 0
1 5 1
2 6 0
3 5 1
5 6 0
7 6 0
8 5 1
9 6 0
10 5 1
11 6 0
12 6 0
13 6 0
14 6 0
15 5 1
16 6 0
17 6 0
18 5 1
19 5 1
20 5 1
21 6 0
22 6 0
23 6 0
24 5 1
25 5 1
26 5 1
27 6 0
28 6 0
29 6 0
30 5 1
31 6 0
32 5 1
33 5 0
34 5 0
35 5 0
36 4 1
37 4 1
38 5 0
39 3 1
40 3 1
41 4 0
42 4 0
43 4 0
44 2 1
45 3 0
46 3 0
47 3 0
48 3 0
49 3 0
50 3 0
51 3 0
52 3 0
53 2 1
54 3 0
##=========================================
##[Voxel Mapper]Iteration 300 keyframe id, used times, remaining times:
0 7 0
1 6 1
2 6 1
3 6 1
5 6 1
7 6 1
8 6 1
9 6 1
10 6 1
11 6 1
12 6 1
13 6 1
14 7 0
15 6 1
16 6 1
17 6 1
18 6 1
19 6 1
20 6 1
21 6 1
22 6 1
23 6 1
24 6 1
25 6 1
26 6 1
27 6 1
28 6 1
29 6 1
30 6 1
31 6 1
32 6 1
33 5 1
34 5 1
35 5 1
36 5 1
37 5 1
38 5 1
39 4 1
40 5 0
41 4 1
42 4 1
43 4 1
44 3 1
45 3 1
46 4 0
47 3 1
48 3 1
49 3 1
50 3 1
51 3 1
52 4 0
53 3 1
54 3 1
55 2 1
56 2 1
57 2 1
58 2 1
59 2 1
60 2 1
61 2 1
62 3 0
63 2 1
64 2 1
65 2 1
66 3 0
##=========================================
##[Voxel Mapper]Iteration 350 keyframe id, used times, remaining times:
0 7 0
1 7 0
2 7 0
3 6 1
5 7 0
7 7 0
8 7 0
9 7 0
10 6 1
11 7 0
12 7 0
13 6 1
14 7 0
15 7 0
16 7 0
17 7 0
18 7 0
19 7 0
20 7 0
21 7 0
22 7 0
23 7 0
24 7 0
25 7 0
26 6 1
27 7 0
28 7 0
29 6 1
30 7 0
31 7 0
32 6 1
33 6 0
34 5 1
35 6 0
36 6 0
37 6 0
38 5 1
39 4 1
40 5 0
41 5 0
42 5 0
43 5 0
44 4 0
45 4 0
46 4 0
47 4 0
48 4 0
49 4 0
50 4 0
51 4 0
52 4 0
53 4 0
54 3 1
55 3 0
56 3 0
57 3 0
58 3 0
59 3 0
60 3 0
61 2 1
62 3 0
63 2 1
64 3 0
65 3 0
66 3 0
68 1 1
69 1 1
70 1 1
71 1 1
##=========================================
##[Voxel Mapper]Iteration 400 keyframe id, used times, remaining times:
0 7 1
1 7 1
2 8 0
3 8 0
5 7 1
7 7 1
8 8 0
9 7 1
10 7 1
11 7 1
12 7 1
13 7 1
14 8 0
15 8 0
16 7 1
17 8 0
18 8 0
19 8 0
20 7 1
21 7 1
22 7 1
23 7 1
24 8 0
25 8 0
26 7 1
27 7 1
28 7 1
29 8 0
30 7 1
31 7 1
32 7 1
33 6 1
34 6 1
35 6 1
36 7 0
37 6 1
38 7 0
39 5 1
40 6 0
41 6 0
42 5 1
43 5 1
44 5 0
45 4 1
46 4 1
47 4 1
48 4 1
49 4 1
50 4 1
51 4 1
52 4 1
53 4 1
54 4 1
55 4 0
56 4 0
57 3 1
58 4 0
59 4 0
60 3 1
61 3 1
62 4 0
63 4 0
64 3 1
65 3 1
66 3 1
67 3 0
68 3 0
69 2 1
70 3 0
71 2 1
72 3 0
73 2 1
74 1 1
75 1 1
##=========================================
##[Voxel Mapper]Iteration 450 keyframe id, used times, remaining times:
0 8 0
1 8 0
2 8 0
3 8 0
5 8 0
7 8 0
8 8 0
9 8 0
10 7 1
11 8 0
12 8 0
13 8 0
14 8 0
15 8 0
16 8 0
17 8 0
18 8 0
19 8 0
20 8 0
21 8 0
22 8 0
23 8 0
24 8 0
25 8 0
26 8 0
27 8 0
28 8 0
29 8 0
30 8 0
31 8 0
32 8 0
33 7 0
34 7 0
35 7 0
36 7 0
37 7 0
38 7 0
39 6 0
40 6 0
41 6 0
42 6 0
43 6 0
44 5 0
45 5 0
46 5 0
47 5 0
48 5 0
49 5 0
50 5 0
51 5 0
52 5 0
53 5 0
54 5 0
55 4 0
56 4 0
57 4 0
58 4 0
59 4 0
60 4 0
61 4 0
62 4 0
63 4 0
64 4 0
65 3 1
66 3 1
67 3 0
68 3 0
69 3 0
70 3 0
71 3 0
72 3 0
73 3 0
74 2 0
75 2 0
76 1 1
77 1 1
78 2 0
80 1 1
##=========================================
##[Voxel Mapper]Iteration 500 keyframe id, used times, remaining times:
0 9 0
1 8 1
2 9 0
3 9 0
5 8 1
7 9 0
8 9 0
9 8 1
10 8 1
11 9 0
12 9 0
13 9 0
14 8 1
15 8 1
16 9 0
17 8 1
18 9 0
19 8 1
20 9 0
21 8 1
22 9 0
23 8 1
24 9 0
25 9 0
26 9 0
27 9 0
28 9 0
29 8 1
30 8 1
31 9 0
32 8 1
33 7 1
34 7 1
35 8 0
36 7 1
37 8 0
38 7 1
39 6 1
40 7 0
41 6 1
42 6 1
43 6 1
44 5 1
45 6 0
46 6 0
47 5 1
48 6 0
49 6 0
50 5 1
51 5 1
52 5 1
53 6 0
54 6 0
55 5 0
56 5 0
57 5 0
58 5 0
59 5 0
60 4 1
61 4 1
62 4 1
63 5 0
64 4 1
65 4 1
66 5 0
67 3 1
68 4 0
69 3 1
70 4 0
71 4 0
72 3 1
73 4 0
74 2 1
75 2 1
76 3 0
77 3 0
78 2 1
79 3 0
80 3 0
##=========================================
##[Voxel Mapper]Iteration 550 keyframe id, used times, remaining times:
0 9 0
1 9 0
2 9 0
3 9 0
5 9 0
7 9 0
8 9 0
9 9 0
10 9 0
11 9 0
12 9 0
13 9 0
14 9 0
15 9 0
16 9 0
17 9 0
18 9 0
19 9 0
20 9 0
21 9 0
22 9 0
23 9 0
24 9 0
25 9 0
26 9 0
27 9 0
28 9 0
29 9 0
30 9 0
31 9 0
32 9 0
33 7 1
34 8 0
35 8 0
36 8 0
37 8 0
38 8 0
39 7 0
40 7 0
41 7 0
42 7 0
43 7 0
44 6 0
45 6 0
46 6 0
47 6 0
48 6 0
49 6 0
50 6 0
51 6 0
52 6 0
53 6 0
54 6 0
55 5 0
56 5 0
57 5 0
58 5 0
59 5 0
60 5 0
61 5 0
62 5 0
63 5 0
64 5 0
65 5 0
66 5 0
67 4 0
68 4 0
69 4 0
70 4 0
71 4 0
72 4 0
73 4 0
74 3 0
75 3 0
76 3 0
77 3 0
78 3 0
79 3 0
80 3 0
81 2 0
82 2 0
83 1 1
84 2 0
85 1 1
86 2 0
87 2 0
88 1 1
89 1 1
##=========================================
##[Voxel Mapper]Iteration 600 keyframe id, used times, remaining times:
0 10 0
1 10 0
2 10 0
3 10 0
5 10 0
7 9 1
8 10 0
9 10 0
10 9 1
11 10 0
12 10 0
13 10 0
14 10 0
15 9 1
16 9 1
17 10 0
18 9 1
19 10 0
20 10 0
21 10 0
22 9 1
23 10 0
24 9 1
25 10 0
26 9 1
27 10 0
28 9 1
29 10 0
30 10 0
31 10 0
32 9 1
33 8 1
34 8 1
35 8 1
36 9 0
37 8 1
38 9 0
39 8 0
40 8 0
41 7 1
42 7 1
43 7 1
44 6 1
45 7 0
46 6 1
47 7 0
48 6 1
49 6 1
50 6 1
51 7 0
52 6 1
53 6 1
54 6 1
55 5 1
56 6 0
57 6 0
58 6 0
59 5 1
60 6 0
61 5 1
62 5 1
63 5 1
64 6 0
65 5 1
66 6 0
67 4 1
68 5 0
69 5 0
70 5 0
71 5 0
72 5 0
73 4 1
74 3 1
75 4 0
76 3 1
77 3 1
78 3 1
79 4 0
80 4 0
81 2 1
82 2 1
83 2 1
84 2 1
85 2 1
86 2 1
87 2 1
88 2 1
89 3 0
91 1 1
92 1 1
##=========================================
##[Voxel Mapper]Iteration 650 keyframe id, used times, remaining times:
0 10 0
1 10 0
2 10 0
3 10 0
5 10 0
7 10 0
8 10 0
9 10 0
10 10 0
11 10 0
12 10 0
13 10 0
14 10 0
15 10 0
16 10 0
17 10 0
18 10 0
19 10 0
20 10 0
21 10 0
22 10 0
23 10 0
24 10 0
25 10 0
26 10 0
27 10 0
28 10 0
29 10 0
30 10 0
31 10 0
32 10 0
33 9 0
34 9 0
35 9 0
36 9 0
37 9 0
38 9 0
39 8 0
40 8 0
41 8 0
42 8 0
43 8 0
44 7 0
45 7 0
46 7 0
47 7 0
48 7 0
49 7 0
50 7 0
51 7 0
52 7 0
53 7 0
54 7 0
55 6 0
56 6 0
57 6 0
58 6 0
59 6 0
60 6 0
61 6 0
62 6 0
63 6 0
64 6 0
65 6 0
66 6 0
67 5 0
68 5 0
69 5 0
70 5 0
71 5 0
72 5 0
73 5 0
74 4 0
75 4 0
76 4 0
77 4 0
78 4 0
79 4 0
80 4 0
81 3 0
82 3 0
83 3 0
84 3 0
85 3 0
86 3 0
87 3 0
88 3 0
89 3 0
90 1 1
91 2 0
92 2 0
93 1 1
94 1 1
##=========================================
##[Voxel Mapper]Iteration 700 keyframe id, used times, remaining times:
0 11 0
1 11 0
2 11 0
3 10 1
5 10 1
7 10 1
8 11 0
9 11 0
10 11 0
11 10 1
12 11 0
13 11 0
14 11 0
15 11 0
16 11 0
17 10 1
18 10 1
19 10 1
20 10 1
21 11 0
22 11 0
23 11 0
24 10 1
25 10 1
26 10 1
27 11 0
28 11 0
29 10 1
30 10 1
31 10 1
32 11 0
33 9 1
34 9 1
35 10 0
36 10 0
37 9 1
38 9 1
39 9 0
40 8 1
41 9 0
42 8 1
43 9 0
44 8 0
45 7 1
46 8 0
47 7 1
48 7 1
49 8 0
50 8 0
51 8 0
52 7 1
53 7 1
54 7 1
55 6 1
56 6 1
57 6 1
58 6 1
59 6 1
60 7 0
61 7 0
62 7 0
63 6 1
64 7 0
65 6 1
66 6 1
67 5 1
68 6 0
69 5 1
70 6 0
71 6 0
72 5 1
73 5 1
74 5 0
75 5 0
76 5 0
77 5 0
78 5 0
79 4 1
80 4 1
81 3 1
82 3 1
83 3 1
84 3 1
85 3 1
86 4 0
87 4 0
88 4 0
89 4 0
90 2 1
91 3 0
92 3 0
93 3 0
94 3 0
##=========================================
##[Voxel Mapper]Iteration 750 keyframe id, used times, remaining times:
0 11 1
1 11 1
2 11 1
3 11 1
5 11 1
7 11 1
8 11 1
9 11 1
10 12 0
11 11 1
12 11 1
13 11 1
14 11 1
15 11 1
16 11 1
17 11 1
18 11 1
19 11 1
20 11 1
21 11 1
22 11 1
23 11 1
24 11 1
25 11 1
26 12 0
27 11 1
28 11 1
29 11 1
30 11 1
31 11 1
32 11 1
33 10 1
34 10 1
35 10 1
36 10 1
37 10 1
38 10 1
39 9 1
40 9 1
41 9 1
42 9 1
43 9 1
44 9 0
45 8 1
46 8 1
47 8 1
48 8 1
49 8 1
50 8 1
51 8 1
52 8 1
53 8 1
54 8 1
55 7 1
56 7 1
57 7 1
58 7 1
59 7 1
60 7 1
61 7 1
62 7 1
63 7 1
64 7 1
65 7 1
66 7 1
67 6 1
68 6 1
69 6 1
70 6 1
71 6 1
72 6 1
73 6 1
74 5 1
75 5 1
76 5 1
77 5 1
78 5 1
79 5 1
80 5 1
81 4 1
82 4 1
83 4 1
84 4 1
85 4 1
86 4 1
87 4 1
88 4 1
89 4 1
90 3 1
91 3 1
92 3 1
93 4 0
94 3 1
##=========================================
##[Voxel Mapper]Iteration 50 keyframe id, used times, remaining times:
0 1 1
1 2 0
2 2 0
3 2 0
4 1 1
7 1 1
8 1 1
9 2 0
10 2 0
11 2 0
12 2 0
13 2 0
14 2 0
15 2 0
16 2 0
17 2 0
18 2 0
19 2 0
20 2 0
21 2 0
22 2 0
23 2 0
24 2 0
25 1 1
26 2 0
27 1 1
28 2 0
29 1 1
30 1 1
##=========================================
##[Voxel Mapper]Iteration 100 keyframe id, used times, remaining times:
0 3 0
1 3 0
2 3 0
3 3 0
4 3 0
7 3 0
8 3 0
9 3 0
10 3 0
11 3 0
12 3 0
13 3 0
14 3 0
15 3 0
16 3 0
17 3 0
18 3 0
19 3 0
20 3 0
21 2 1
22 3 0
23 3 0
24 3 0
25 2 1
26 3 0
27 3 0
28 3 0
29 2 1
30 3 0
31 3 0
32 3 0
33 3 0
35 2 0
36 2 0
37 2 0
38 1 1
##=========================================
##[Voxel Mapper]Iteration 150 keyframe id, used times, remaining times:
0 4 0
1 3 1
2 4 0
3 4 0
4 3 1
7 4 0
8 3 1
9 4 0
10 4 0
11 4 0
12 4 0
13 3 1
14 4 0
15 4 0
16 4 0
17 4 0
18 4 0
19 4 0
20 4 0
21 4 0
22 4 0
23 4 0
24 4 0
25 4 0
26 3 1
27 4 0
28 4 0
29 4 0
30 4 0
31 4 0
32 4 0
33 4 0
34 3 0
35 3 0
36 3 0
37 3 0
38 3 0
39 3 0
40 3 0
41 2 0
42 2 0
43 2 0
##=========================================
##[Voxel Mapper]Iteration 200 keyframe id, used times, remaining times:
0 4 1
1 5 0
2 4 1
3 5 0
4 5 0
7 5 0
8 5 0
9 4 1
10 5 0
11 5 0
12 5 0
13 5 0
14 5 0
15 5 0
16 5 0
17 5 0
18 5 0
19 5 0
20 5 0
21 5 0
22 5 0
23 4 1
24 5 0
25 5 0
26 4 1
27 5 0
28 5 0
29 5 0
30 4 1
31 4 1
32 5 0
33 5 0
34 4 0
35 4 0
36 4 0
37 3 1
38 4 0
39 3 1
40 3 1
41 3 0
42 3 0
43 3 0
44 3 0
45 3 0
46 3 0
47 2 0
49 2 0
##=========================================
##[Voxel Mapper]Iteration 250 keyframe id, used times, remaining times:
0 6 0
1 6 0
2 5 1
3 5 1
4 5 1
7 5 1
8 6 0
9 5 1
10 6 0
11 5 1
12 6 0
13 5 1
14 6 0
15 6 0
16 5 1
17 6 0
18 6 0
19 6 0
20 5 1
21 6 0
22 6 0
23 6 0
24 5 1
25 5 1
26 5 1
27 5 1
28 5 1
29 5 1
30 5 1
31 6 0
32 5 1
33 6 0
34 4 1
35 5 0
36 4 1
37 5 0
38 4 1
39 4 1
40 5 0
41 3 1
42 3 1
43 3 1
44 3 1
45 4 0
46 3 1
47 2 1
48 2 1
49 3 0
50 2 1
51 2 1
52 2 1
53 3 0
54 2 1
55 3 0
56 3 0
57 1 1
##=========================================
##[Voxel Mapper]Iteration 300 keyframe id, used times, remaining times:
0 6 0
1 6 0
2 6 0
3 6 0
4 6 0
7 6 0
8 6 0
9 6 0
10 6 0
11 6 0
12 6 0
13 6 0
14 6 0
15 6 0
16 5 1
17 6 0
18 6 0
19 6 0
20 6 0
21 6 0
22 6 0
23 6 0
24 6 0
25 6 0
26 6 0
27 6 0
28 6 0
29 6 0
30 6 0
31 6 0
32 6 0
33 6 0
34 5 0
35 5 0
36 5 0
37 5 0
38 5 0
39 5 0
40 5 0
41 4 0
42 4 0
43 4 0
44 4 0
45 4 0
46 4 0
47 3 0
48 3 0
49 3 0
50 3 0
51 3 0
52 3 0
53 3 0
54 3 0
55 3 0
56 3 0
57 2 0
58 2 0
59 2 0
60 2 0
61 2 0
62 2 0
63 2 0
64 2 0
65 2 0
66 2 0
##=========================================
##[Voxel Mapper]Iteration 350 keyframe id, used times, remaining times:
0 6 1
1 7 0
2 7 0
3 7 0
4 7 0
7 7 0
8 6 1
9 7 0
10 7 0
11 7 0
12 6 1
13 7 0
14 6 1
15 7 0
16 7 0
17 6 1
18 7 0
19 7 0
20 7 0
21 7 0
22 7 0
23 6 1
24 6 1
25 7 0
26 6 1
27 6 1
28 6 1
29 7 0
30 7 0
31 7 0
32 6 1
33 6 1
34 6 0
35 6 0
36 6 0
37 6 0
38 6 0
39 6 0
40 6 0
41 4 1
42 5 0
43 4 1
44 4 1
45 4 1
46 5 0
47 4 0
48 4 0
49 3 1
50 3 1
51 4 0
52 4 0
53 4 0
54 4 0
55 4 0
56 4 0
57 3 0
58 3 0
59 2 1
60 3 0
61 3 0
62 2 1
63 3 0
64 2 1
65 2 1
66 3 0
67 3 0
68 1 1
69 1 1
72 1 1
##=========================================
##[Voxel Mapper]Iteration 400 keyframe id, used times, remaining times:
0 7 1
1 7 1
2 7 1
3 7 1
4 7 1
7 7 1
8 8 0
9 7 1
10 8 0
11 7 1
12 8 0
13 8 0
14 7 1
15 7 1
16 7 1
17 7 1
18 7 1
19 7 1
20 7 1
21 7 1
22 7 1
23 7 1
24 8 0
25 7 1
26 8 0
27 7 1
28 7 1
29 7 1
30 7 1
31 7 1
32 7 1
33 7 1
34 6 1
35 6 1
36 6 1
37 6 1
38 6 1
39 6 1
40 7 0
41 6 0
42 5 1
43 5 1
44 5 1
45 5 1
46 5 1
47 4 1
48 4 1
49 4 1
50 4 1
51 4 1
52 4 1
53 4 1
54 4 1
55 4 1
56 4 1
57 3 1
58 3 1
59 3 1
60 3 1
61 3 1
62 3 1
63 3 1
64 3 1
65 4 0
66 3 1
67 3 1
68 2 1
69 2 1
70 3 0
71 2 1
72 2 1
73 2 1
74 2 1
75 2 1
76 2 1
77 2 1
78 1 1
##=========================================
##[Voxel Mapper]Iteration 450 keyframe id, used times, remaining times:
0 8 0
1 8 0
2 8 0
3 8 0
4 8 0
7 7 1
8 8 0
9 7 1
10 8 0
11 8 0
12 8 0
13 8 0
14 7 1
15 8 0
16 8 0
17 8 0
18 8 0
19 8 0
20 7 1
21 8 0
22 8 0
23 8 0
24 8 0
25 7 1
26 8 0
27 8 0
28 8 0
29 8 0
30 8 0
31 8 0
32 8 0
33 7 1
34 6 1
35 7 0
36 7 0
37 6 1
38 6 1
39 6 1
40 7 0
41 6 0
42 5 1
43 5 1
44 6 0
45 6 0
46 6 0
47 5 0
48 5 0
49 4 1
50 4 1
51 5 0
52 5 0
53 5 0
54 4 1
55 5 0
56 4 1
57 4 0
58 3 1
59 4 0
60 4 0
61 4 0
62 4 0
63 4 0
64 4 0
65 4 0
66 4 0
67 3 1
68 3 0
69 2 1
70 3 0
71 3 0
72 3 0
73 2 1
74 3 0
75 3 0
76 3 0
77 3 0
78 2 0
79 1 1
80 1 1
81 1 1
##=========================================
##[Voxel Mapper]Iteration 500 keyframe id, used times, remaining times:
0 8 1
1 8 1
2 9 0
3 8 1
4 8 1
7 8 1
8 8 1
9 8 1
10 9 0
11 9 0
12 8 1
13 9 0
14 8 1
15 9 0
16 8 1
17 8 1
18 8 1
19 9 0
20 8 1
21 8 1
22 8 1
23 8 1
24 8 1
25 8 1
26 8 1
27 8 1
28 8 1
29 8 1
30 9 0
31 8 1
32 8 1
33 8 1
34 7 1
35 7 1
36 8 0
37 7 1
38 7 1
39 7 1
40 7 1
41 6 1
42 7 0
43 7 0
44 6 1
45 7 0
46 6 1
47 5 1
48 5 1
49 5 1
50 5 1
51 5 1
52 5 1
53 6 0
54 5 1
55 5 1
56 5 1
57 4 1
58 5 0
59 5 0
60 5 0
61 4 1
62 4 1
63 4 1
64 4 1
65 4 1
66 4 1
67 4 1
68 3 1
69 3 1
70 3 1
71 3 1
72 4 0
73 3 1
74 3 1
75 3 1
76 4 0
77 3 1
78 2 1
79 3 0
80 3 0
81 2 1
82 3 0
83 2 1
84 3 0
##=========================================
##[Voxel Mapper]Iteration 550 keyframe id, used times, remaining times:
0 8 1
1 9 0
2 9 0
3 9 0
4 9 0
7 9 0
8 8 1
9 8 1
10 9 0
11 9 0
12 9 0
13 9 0
14 9 0
15 9 0
16 8 1
17 9 0
18 8 1
19 9 0
20 9 0
21 9 0
22 9 0
23 8 1
24 9 0
25 9 0
26 9 0
27 9 0
28 9 0
29 9 0
30 9 0
31 9 0
32 9 0
33 9 0
34 8 0
35 7 1
36 8 0
37 8 0
38 8 0
39 8 0
40 8 0
41 6 1
42 7 0
43 7 0
44 7 0
45 7 0
46 7 0
47 6 0
48 6 0
49 6 0
50 6 0
51 5 1
52 6 0
53 6 0
54 6 0
55 6 0
56 5 1
57 4 1
58 5 0
59 5 0
60 5 0
61 5 0
62 5 0
63 5 0
64 4 1
65 5 0
66 5 0
67 5 0
68 4 0
69 4 0
70 3 1
71 3 1
72 4 0
73 4 0
74 3 1
75 4 0
76 4 0
77 4 0
78 3 0
79 3 0
80 3 0
81 3 0
82 3 0
83 3 0
84 3 0
86 1 1
87 2 0
##=========================================
##[Voxel Mapper]Iteration 600 keyframe id, used times, remaining times:
0 9 1
1 10 0
2 9 1
3 10 0
4 9 1
7 10 0
8 9 1
9 9 1
10 9 1
11 9 1
12 9 1
13 9 1
14 9 1
15 9 1
16 10 0
17 9 1
18 9 1
19 10 0
20 9 1
21 9 1
22 9 1
23 9 1
24 9 1
25 9 1
26 9 1
27 9 1
28 9 1
29 9 1
30 9 1
31 10 0
32 9 1
33 9 1
34 9 0
35 8 1
36 8 1
37 8 1
38 8 1
39 8 1
40 9 0
41 8 0
42 7 1
43 7 1
44 7 1
45 8 0
46 7 1
47 6 1
48 6 1
49 6 1
50 6 1
51 6 1
52 6 1
53 6 1
54 7 0
55 7 0
56 6 1
57 6 0
58 5 1
59 6 0
60 6 0
61 5 1
62 5 1
63 5 1
64 5 1
65 5 1
66 5 1
67 5 1
68 4 1
69 5 0
70 4 1
71 5 0
72 4 1
73 5 0
74 4 1
75 4 1
76 4 1
77 5 0
78 4 0
79 3 1
80 3 1
81 3 1
82 4 0
83 3 1
84 3 1
85 2 1
86 2 1
87 2 1
88 2 1
89 3 0
90 2 1
91 3 0
92 1 1
##=========================================
##[Voxel Mapper]Iteration 650 keyframe id, used times, remaining times:
0 9 1
1 10 0
2 9 1
3 10 0
4 10 0
7 10 0
8 9 1
9 9 1
10 9 1
11 9 1
12 10 0
13 10 0
14 9 1
15 10 0
16 10 0
17 10 0
18 10 0
19 10 0
20 10 0
21 9 1
22 10 0
23 10 0
24 10 0
25 10 0
26 9 1
27 10 0
28 9 1
29 10 0
30 9 1
31 10 0
32 10 0
33 10 0
34 9 0
35 9 0
36 9 0
37 8 1
38 9 0
39 9 0
40 9 0
41 8 0
42 8 0
43 8 0
44 8 0
45 8 0
46 7 1
47 7 0
48 7 0
49 6 1
50 6 1
51 6 1
52 6 1
53 7 0
54 7 0
55 7 0
56 7 0
57 6 0
58 6 0
59 6 0
60 6 0
61 6 0
62 5 1
63 6 0
64 5 1
65 6 0
66 6 0
67 6 0
68 4 1
69 5 0
70 4 1
71 5 0
72 5 0
73 5 0
74 5 0
75 4 1
76 5 0
77 5 0
78 4 0
79 3 1
80 4 0
81 3 1
82 4 0
83 3 1
84 4 0
85 3 0
86 2 1
87 3 0
88 3 0
89 3 0
90 3 0
91 3 0
92 2 0
93 2 0
94 2 0
95 1 1
96 1 1
97 1 1
98 1 1
##=========================================
##[Voxel Mapper]Iteration 700 keyframe id, used times, remaining times:
0 10 1
1 10 1
2 10 1
3 10 1
4 10 1
7 10 1
8 10 1
9 10 1
10 10 1
11 10 1
12 10 1
13 10 1
14 10 1
15 10 1
16 10 1
17 10 1
18 10 1
19 10 1
20 10 1
21 10 1
22 10 1
23 10 1
24 10 1
25 11 0
26 10 1
27 11 0
28 10 1
29 10 1
30 10 1
31 10 1
32 10 1
33 10 1
34 9 1
35 10 0
36 9 1
37 9 1
38 9 1
39 9 1
40 9 1
41 8 1
42 8 1
43 8 1
44 8 1
45 8 1
46 8 1
47 7 1
48 7 1
49 7 1
50 7 1
51 7 1
52 7 1
53 7 1
54 8 0
55 7 1
56 7 1
57 6 1
58 6 1
59 7 0
60 6 1
61 6 1
62 6 1
63 6 1
64 6 1
65 6 1
66 6 1
67 6 1
68 5 1
69 5 1
70 5 1
71 5 1
72 5 1
73 6 0
74 5 1
75 5 1
76 5 1
77 5 1
78 4 1
79 4 1
80 4 1
81 5 0
82 4 1
83 4 1
84 4 1
85 4 0
86 3 1
87 3 1
88 3 1
89 3 1
90 3 1
91 3 1
92 2 1
93 2 1
94 2 1
95 2 1
96 2 1
97 2 1
98 3 0
99 3 0
100 3 0
101 2 1
102 3 0
##=========================================
##[Voxel Mapper]Iteration 750 keyframe id, used times, remaining times:
0 10 1
1 11 0
2 11 0
3 10 1
4 10 1
7 11 0
8 11 0
9 11 0
10 11 0
11 11 0
12 11 0
13 10 1
14 10 1
15 11 0
16 11 0
17 10 1
18 11 0
19 11 0
20 10 1
21 10 1
22 11 0
23 10 1
24 10 1
25 11 0
26 11 0
27 11 0
28 10 1
29 10 1
30 11 0
31 10 1
32 11 0
33 11 0
34 10 0
35 10 0
36 9 1
37 10 0
38 9 1
39 10 0
40 10 0
41 8 1
42 9 0
43 9 0
44 9 0
45 9 0
46 9 0
47 8 0
48 8 0
49 7 1
50 7 1
51 8 0
52 8 0
53 7 1
54 8 0
55 8 0
56 8 0
57 6 1
58 6 1
59 7 0
60 7 0
61 7 0
62 6 1
63 7 0
64 6 1
65 6 1
66 6 1
67 7 0
68 5 1
69 5 1
70 6 0
71 5 1
72 5 1
73 6 0
74 5 1
75 5 1
76 6 0
77 6 0
78 5 0
79 4 1
80 4 1
81 5 0
82 5 0
83 4 1
84 4 1
85 4 0
86 3 1
87 4 0
88 3 1
89 4 0
90 3 1
91 3 1
92 3 0
93 3 0
94 3 0
95 2 1
96 2 1
97 3 0
98 3 0
99 3 0
100 3 0
101 3 0
102 3 0
104 1 1
105 1 1
##=========================================
##[Voxel Mapper]Iteration 50 keyframe id, used times, remaining times:
0 2 0
1 2 0
2 2 0
3 2 0
5 2 0
8 2 0
10 2 0
11 2 0
12 2 0
13 2 0
14 2 0
15 2 0
16 2 0
17 2 0
18 2 0
19 1 1
20 2 0
21 1 1
22 2 0
23 2 0
24 2 0
25 2 0
26 2 0
28 2 0
29 1 1
30 2 0
31 1 1
##=========================================
##[Voxel Mapper]Iteration 100 keyframe id, used times, remaining times:
0 3 0
1 3 0
2 3 0
3 3 0
5 3 0
8 3 0
10 3 0
11 3 0
12 3 0
13 3 0
14 3 0
15 3 0
16 3 0
17 3 0
18 3 0
19 3 0
20 3 0
21 3 0
22 3 0
23 3 0
24 3 0
25 3 0
26 3 0
27 3 0
28 3 0
29 3 0
30 3 0
31 3 0
32 3 0
33 3 0
34 2 0
35 2 0
36 2 0
37 2 0
38 1 1
39 1 1
##=========================================
##[Voxel Mapper]Iteration 150 keyframe id, used times, remaining times:
0 4 1
1 4 1
2 4 1
3 4 1
5 4 1
8 4 1
10 4 1
11 4 1
12 4 1
13 4 1
14 4 1
15 4 1
16 4 1
17 4 1
18 4 1
19 4 1
20 4 1
21 4 1
22 4 1
23 4 1
24 4 1
25 4 1
26 4 1
27 4 1
28 4 1
29 4 1
30 4 1
31 4 1
32 4 1
33 4 1
34 3 1
35 3 1
36 3 1
37 3 1
38 3 1
39 3 1
40 3 1
41 2 1
42 2 1
43 2 1
44 3 0
##=========================================
##[Voxel Mapper]Iteration 200 keyframe id, used times, remaining times:
0 5 0
1 5 0
2 5 0
3 5 0
5 5 0
8 5 0
10 5 0
11 5 0
12 5 0
13 5 0
14 5 0
15 5 0
16 5 0
17 5 0
18 5 0
19 5 0
20 5 0
21 5 0
22 5 0
23 5 0
24 5 0
25 5 0
26 5 0
27 5 0
28 5 0
29 5 0
30 5 0
31 5 0
32 5 0
33 5 0
34 4 0
35 4 0
36 4 0
37 4 0
38 4 0
39 4 0
40 4 0
41 3 0
42 3 0
43 3 0
44 3 0
45 2 0
46 2 0
47 1 1
48 2 0
49 2 0
50 1 1
##=========================================
##[Voxel Mapper]Iteration 250 keyframe id, used times, remaining times:
0 6 0
1 6 0
2 6 0
3 6 0
5 6 0
8 5 1
10 5 1
11 6 0
12 6 0
13 6 0
14 6 0
15 6 0
16 5 1
17 6 0
18 6 0
19 6 0
20 6 0
21 6 0
22 6 0
23 5 1
24 6 0
25 5 1
26 5 1
27 6 0
28 6 0
29 6 0
30 6 0
31 6 0
32 6 0
33 6 0
34 5 0
35 5 0
36 4 1
37 5 0
38 4 1
39 5 0
40 5 0
41 4 0
42 4 0
43 4 0
44 4 0
45 3 0
46 3 0
47 3 0
48 3 0
49 3 0
50 3 0
51 2 1
52 1 1
53 1 1
54 2 0
56 1 1
57 1 1
58 1 1
##=========================================
##[Voxel Mapper]Iteration 300 keyframe id, used times, remaining times:
0 6 1
1 6 1
2 6 1
3 6 1
5 6 1
8 6 1
10 6 1
11 6 1
12 6 1
13 6 1
14 7 0
15 6 1
16 6 1
17 6 1
18 7 0
19 6 1
20 7 0
21 6 1
22 6 1
23 7 0
24 6 1
25 7 0
26 6 1
27 6 1
28 6 1
29 7 0
30 6 1
31 7 0
32 6 1
33 7 0
34 6 0
35 5 1
36 5 1
37 6 0
38 6 0
39 5 1
40 5 1
41 5 0
42 5 0
43 4 1
44 4 1
45 4 0
46 4 0
47 4 0
48 3 1
49 3 1
50 4 0
51 3 1
52 3 0
53 2 1
54 2 1
55 3 0
56 2 1
57 2 1
58 2 1
59 3 0
60 3 0
61 2 1
62 3 0
64 2 0
65 1 1
66 1 1
##=========================================
##[Voxel Mapper]Iteration 350 keyframe id, used times, remaining times:
0 7 0
1 7 0
2 7 0
3 6 1
5 7 0
8 7 0
10 7 0
11 7 0
12 7 0
13 7 0
14 7 0
15 7 0
16 7 0
17 7 0
18 7 0
19 7 0
20 7 0
21 7 0
22 7 0
23 7 0
24 7 0
25 7 0
26 6 1
27 7 0
28 7 0
29 7 0
30 7 0
31 7 0
32 7 0
33 7 0
34 6 0
35 6 0
36 6 0
37 6 0
38 6 0
39 6 0
40 6 0
41 5 0
42 5 0
43 5 0
44 5 0
45 4 0
46 4 0
47 4 0
48 4 0
49 4 0
50 4 0
51 4 0
52 3 0
53 2 1
54 3 0
55 3 0
56 3 0
57 3 0
58 3 0
59 3 0
60 3 0
61 3 0
62 3 0
63 2 0
64 2 0
65 2 0
66 2 0
67 2 0
68 2 0
69 2 0
70 1 1
71 2 0
72 2 0
73 1 1
##=========================================
##[Voxel Mapper]Iteration 400 keyframe id, used times, remaining times:
0 7 1
1 7 1
2 8 0
3 8 0
5 8 0
8 7 1
10 8 0
11 8 0
12 8 0
13 7 1
14 8 0
15 7 1
16 8 0
17 8 0
18 8 0
19 7 1
20 7 1
21 8 0
22 7 1
23 7 1
24 8 0
25 8 0
26 7 1
27 8 0
28 8 0
29 8 0
30 8 0
31 7 1
32 7 1
33 8 0
34 7 0
35 6 1
36 6 1
37 7 0
38 7 0
39 6 1
40 7 0
41 6 0
42 5 1
43 5 1
44 6 0
45 4 1
46 5 0
47 5 0
48 5 0
49 5 0
50 4 1
51 5 0
52 3 1
53 4 0
54 4 0
55 3 1
56 3 1
57 4 0
58 4 0
59 4 0
60 3 1
61 3 1
62 4 0
63 2 1
64 3 0
65 3 0
66 2 1
67 2 1
68 3 0
69 2 1
70 3 0
71 2 1
72 3 0
73 2 1
74 3 0
75 1 1
76 1 1
##=========================================
##[Voxel Mapper]Iteration 450 keyframe id, used times, remaining times:
0 8 1
1 8 1
2 8 1
3 8 1
5 8 1
8 9 0
10 9 0
11 8 1
12 8 1
13 8 1
14 9 0
15 8 1
16 8 1
17 8 1
18 8 1
19 8 1
20 8 1
21 8 1
22 8 1
23 8 1
24 9 0
25 8 1
26 8 1
27 8 1
28 8 1
29 8 1
30 8 1
31 8 1
32 8 1
33 8 1
34 7 1
35 8 0
36 8 0
37 7 1
38 7 1
39 7 1
40 7 1
41 7 0
42 7 0
43 6 1
44 6 1
45 5 1
46 5 1
47 5 1
48 5 1
49 5 1
50 5 1
51 5 1
52 4 1
53 4 1
54 5 0
55 4 1
56 5 0
57 4 1
58 4 1
59 4 1
60 4 1
61 4 1
62 4 1
63 3 1
64 3 1
65 3 1
66 3 1
67 3 1
68 3 1
69 3 1
70 4 0
71 3 1
72 3 1
73 3 1
74 3 1
75 2 1
76 2 1
77 2 1
78 2 1
79 3 0
##=========================================
##[Voxel Mapper]Iteration 500 keyframe id, used times, remaining times:
0 9 0
1 8 1
2 8 1
3 9 0
5 9 0
8 9 0
10 9 0
11 9 0
12 9 0
13 9 0
14 9 0
15 9 0
16 9 0
17 9 0
18 8 1
19 8 1
20 9 0
21 8 1
22 8 1
23 9 0
24 9 0
25 9 0
26 9 0
27 9 0
28 9 0
29 9 0
30 9 0
31 9 0
32 9 0
33 8 1
34 8 0
35 8 0
36 8 0
37 8 0
38 8 0
39 8 0
40 8 0
41 7 0
42 7 0
43 7 0
44 7 0
45 6 0
46 6 0
47 6 0
48 6 0
49 5 1
50 6 0
51 6 0
52 4 1
53 4 1
54 5 0
55 4 1
56 5 0
57 5 0
58 4 1
59 4 1
60 5 0
61 4 1
62 5 0
63 4 0
64 4 0
65 4 0
66 3 1
67 4 0
68 4 0
69 3 1
70 4 0
71 4 0
72 3 1
73 4 0
74 4 0
75 3 0
76 3 0
77 3 0
78 3 0
79 3 0
80 1 1
81 1 1
82 1 1
##=========================================
##[Voxel Mapper]Iteration 550 keyframe id, used times, remaining times:
0 9 1
1 9 1
2 9 1
3 9 1
5 10 0
8 9 1
10 9 1
11 9 1
12 9 1
13 10 0
14 9 1
15 9 1
16 9 1
17 9 1
18 9 1
19 9 1
20 9 1
21 9 1
22 10 0
23 9 1
24 9 1
25 9 1
26 9 1
27 10 0
28 9 1
29 9 1
30 10 0
31 9 1
32 10 0
33 9 1
34 8 1
35 9 0
36 8 1
37 8 1
38 8 1
39 8 1
40 9 0
41 7 1
42 8 0
43 7 1
44 8 0
45 6 1
46 6 1
47 7 0
48 6 1
49 7 0
50 6 1
51 6 1
52 5 1
53 5 1
54 5 1
55 5 1
56 5 1
57 5 1
58 6 0
59 5 1
60 5 1
61 6 0
62 6 0
63 4 1
64 4 1
65 4 1
66 5 0
67 5 0
68 4 1
69 5 0
70 4 1
71 4 1
72 4 1
73 4 1
74 4 1
75 3 1
76 3 1
77 3 1
78 4 0
79 4 0
80 2 1
81 2 1
82 2 1
83 3 0
84 2 1
85 3 0
86 2 1
##=========================================
##[Voxel Mapper]Iteration 600 keyframe id, used times, remaining times:
0 10 0
1 10 0
2 10 0
3 10 0
5 10 0
8 10 0
10 10 0
11 10 0
12 9 1
13 10 0
14 10 0
15 9 1
16 10 0
17 10 0
18 10 0
19 10 0
20 10 0
21 9 1
22 10 0
23 10 0
24 10 0
25 10 0
26 10 0
27 10 0
28 10 0
29 10 0
30 10 0
31 10 0
32 10 0
33 10 0
34 9 0
35 9 0
36 9 0
37 9 0
38 9 0
39 8 1
40 9 0
41 7 1
42 8 0
43 8 0
44 8 0
45 7 0
46 6 1
47 7 0
48 6 1
49 7 0
50 6 1
51 7 0
52 5 1
53 6 0
54 6 0
55 5 1
56 6 0
57 6 0
58 6 0
59 6 0
60 6 0
61 6 0
62 6 0
63 4 1
64 5 0
65 5 0
66 5 0
67 5 0
68 5 0
69 5 0
70 5 0
71 5 0
72 5 0
73 5 0
74 5 0
75 4 0
76 3 1
77 4 0
78 4 0
79 4 0
80 3 0
81 2 1
82 2 1
83 3 0
84 3 0
85 3 0
86 3 0
88 2 0
89 1 1
##=========================================
##[Voxel Mapper]Iteration 650 keyframe id, used times, remaining times:
0 10 1
1 10 1
2 11 0
3 10 1
5 10 1
8 10 1
10 11 0
11 10 1
12 11 0
13 10 1
14 10 1
15 10 1
16 10 1
17 10 1
18 10 1
19 10 1
20 10 1
21 10 1
22 10 1
23 10 1
24 10 1
25 10 1
26 10 1
27 11 0
28 10 1
29 10 1
30 11 0
31 10 1
32 10 1
33 10 1
34 9 1
35 9 1
36 9 1
37 10 0
38 10 0
39 10 0
40 10 0
41 8 1
42 8 1
43 8 1
44 8 1
45 8 0
46 7 1
47 7 1
48 7 1
49 7 1
50 7 1
51 7 1
52 7 0
53 6 1
54 6 1
55 7 0
56 6 1
57 6 1
58 6 1
59 7 0
60 6 1
61 6 1
62 7 0
63 5 1
64 5 1
65 5 1
66 5 1
67 5 1
68 5 1
69 5 1
70 5 1
71 5 1
72 5 1
73 5 1
74 5 1
75 4 1
76 4 1
77 4 1
78 4 1
79 4 1
80 4 0
81 4 0
82 3 1
83 4 0
84 3 1
85 3 1
86 3 1
87 2 1
88 2 1
89 2 1
90 3 0
91 2 1
92 2 1
93 2 1
94 2 1
95 3 0
96 2 0
##=========================================
##[Voxel Mapper]Iteration 700 keyframe id, used times, remaining times:
0 10 1
1 10 1
2 11 0
3 10 1
5 10 1
8 10 1
10 11 0
11 11 0
12 11 0
13 11 0
14 11 0
15 11 0
16 11 0
17 11 0
18 11 0
19 11 0
20 10 1
21 10 1
22 11 0
23 10 1
24 10 1
25 11 0
26 10 1
27 11 0
28 11 0
29 10 1
30 11 0
31 11 0
32 10 1
33 11 0
34 10 0
35 9 1
36 10 0
37 10 0
38 10 0
39 10 0
40 10 0
41 9 0
42 8 1
43 9 0
44 9 0
45 8 0
46 8 0
47 8 0
48 7 1
49 8 0
50 8 0
51 8 0
52 7 0
53 7 0
54 6 1
55 7 0
56 7 0
57 7 0
58 7 0
59 7 0
60 7 0
61 7 0
62 7 0
63 6 0
64 6 0
65 6 0
66 5 1
67 6 0
68 6 0
69 6 0
70 6 0
71 6 0
72 6 0
73 6 0
74 6 0
75 4 1
76 4 1
77 5 0
78 4 1
79 5 0
80 4 0
81 4 0
82 3 1
83 4 0
84 3 1
85 4 0
86 4 0
87 3 0
88 3 0
89 2 1
90 3 0
91 2 1
92 3 0
93 3 0
94 2 1
95 3 0
96 2 0
99 2 0
##=========================================
##[Voxel Mapper]Iteration 750 keyframe id, used times, remaining times:
0 11 1
1 11 1
2 11 1
3 11 1
5 11 1
8 11 1
10 11 1
11 11 1
12 11 1
13 12 0
14 11 1
15 11 1
16 11 1
17 11 1
18 11 1
19 11 1
20 11 1
21 11 1
22 11 1
23 11 1
24 11 1
25 11 1
26 11 1
27 11 1
28 11 1
29 11 1
30 11 1
31 11 1
32 11 1
33 11 1
34 10 1
35 10 1
36 10 1
37 10 1
38 11 0
39 11 0
40 11 0
41 9 1
42 9 1
43 9 1
44 9 1
45 8 1
46 8 1
47 9 0
48 8 1
49 8 1
50 8 1
51 8 1
52 7 1
53 8 0
54 8 0
55 7 1
56 7 1
57 7 1
58 7 1
59 8 0
60 7 1
61 7 1
62 7 1
63 6 1
64 6 1
65 6 1
66 6 1
67 6 1
68 6 1
69 7 0
70 6 1
71 7 0
72 6 1
73 6 1
74 6 1
75 5 1
76 6 0
77 5 1
78 5 1
79 5 1
80 4 1
81 4 1
82 4 1
83 4 1
84 4 1
85 4 1
86 4 1
87 3 1
88 3 1
89 3 1
90 3 1
91 3 1
92 4 0
93 3 1
94 3 1
95 4 0
96 2 1
97 3 0
98 2 1
99 2 1
100 3 0
101 2 1
102 2 1
##=========================================
##[Voxel Mapper]Iteration 50 keyframe id, used times, remaining times:
0 2 0
1 2 0
2 1 1
3 2 0
4 2 0
6 2 0
7 2 0
8 2 0
9 2 0
10 2 0
11 2 0
12 2 0
13 2 0
14 2 0
15 2 0
16 2 0
17 2 0
18 2 0
19 2 0
20 2 0
21 2 0
22 2 0
23 2 0
24 2 0
26 2 0
27 1 1
##=========================================
##[Voxel Mapper]Iteration 100 keyframe id, used times, remaining times:
0 3 0
1 3 0
2 3 0
3 3 0
4 3 0
6 3 0
7 3 0
8 3 0
9 3 0
10 3 0
11 3 0
12 3 0
13 3 0
14 3 0
15 3 0
16 2 1
17 3 0
18 3 0
19 3 0
20 3 0
21 3 0
22 3 0
23 3 0
24 3 0
25 3 0
26 3 0
27 3 0
28 3 0
29 3 0
30 3 0
31 3 0
32 2 0
33 2 0
34 2 0
35 1 1
36 1 1
##=========================================
##[Voxel Mapper]Iteration 150 keyframe id, used times, remaining times:
0 4 0
1 4 0
2 4 0
3 4 0
4 4 0
6 4 0
7 4 0
8 4 0
9 4 0
10 4 0
11 4 0
12 4 0
13 4 0
14 4 0
15 4 0
16 4 0
17 4 0
18 4 0
19 4 0
20 4 0
21 4 0
22 4 0
23 4 0
24 4 0
25 4 0
26 4 0
27 4 0
28 4 0
29 4 0
30 4 0
31 4 0
32 3 0
33 3 0
34 3 0
35 3 0
36 3 0
37 3 0
38 2 0
39 2 0
40 2 0
41 1 1
42 1 1
##=========================================
##[Voxel Mapper]Iteration 200 keyframe id, used times, remaining times:
0 5 0
1 5 0
2 5 0
3 5 0
4 5 0
6 5 0
7 5 0
8 5 0
9 5 0
10 5 0
11 5 0
12 5 0
13 4 1
14 5 0
15 5 0
16 5 0
17 5 0
18 5 0
19 5 0
20 5 0
21 5 0
22 5 0
23 5 0
24 5 0
25 5 0
26 5 0
27 5 0
28 5 0
29 5 0
30 5 0
31 5 0
32 4 0
33 4 0
34 4 0
35 4 0
36 4 0
37 4 0
38 3 0
39 3 0
40 3 0
41 3 0
42 3 0
44 2 0
45 1 1
47 2 0
48 1 1
49 1 1
##=========================================
##[Voxel Mapper]Iteration 250 keyframe id, used times, remaining times:
0 6 0
1 6 0
2 6 0
3 5 1
4 6 0
6 6 0
7 6 0
8 6 0
9 5 1
10 6 0
11 5 1
12 5 1
13 5 1
14 6 0
15 6 0
16 6 0
17 6 0
18 5 1
19 6 0
20 6 0
21 6 0
22 5 1
23 6 0
24 6 0
25 6 0
26 6 0
27 5 1
28 6 0
29 6 0
30 5 1
31 6 0
32 4 1
33 5 0
34 4 1
35 5 0
36 4 1
37 4 1
38 3 1
39 4 0
40 4 0
41 4 0
42 4 0
43 3 0
44 3 0
45 3 0
46 2 1
47 3 0
48 2 1
49 3 0
50 3 0
51 2 1
52 1 1
54 1 1
55 1 1
58 1 1
##=========================================
##[Voxel Mapper]Iteration 300 keyframe id, used times, remaining times:
0 6 1
1 6 1
2 6 1
3 6 1
4 6 1
6 6 1
7 6 1
8 6 1
9 6 1
10 6 1
11 6 1
12 6 1
13 6 1
14 6 1
15 6 1
16 6 1
17 6 1
18 7 0
19 6 1
20 6 1
21 6 1
22 6 1
23 6 1
24 7 0
25 6 1
26 7 0
27 6 1
28 6 1
29 6 1
30 6 1
31 6 1
32 5 1
33 5 1
34 5 1
35 5 1
36 6 0
37 6 0
38 4 1
39 4 1
40 4 1
41 4 1
42 4 1
43 3 1
44 3 1
45 3 1
46 4 0
47 4 0
48 3 1
49 3 1
50 3 1
51 3 1
52 2 1
53 3 0
54 3 0
55 3 0
56 3 0
57 2 1
58 2 1
59 2 1
60 2 1
61 2 1
62 2 1
63 2 1
64 2 1
##=========================================
##[Voxel Mapper]Iteration 350 keyframe id, used times, remaining times:
0 6 1
1 7 0
2 6 1
3 6 1
4 7 0
6 6 1
7 7 0
8 7 0
9 7 0
10 7 0
11 7 0
12 7 0
13 7 0
14 7 0
15 7 0
16 6 1
17 7 0
18 7 0
19 7 0
20 6 1
21 7 0
22 7 0
23 7 0
24 7 0
25 6 1
26 7 0
27 7 0
28 7 0
29 7 0
30 7 0
31 7 0
32 6 0
33 6 0
34 5 1
35 6 0
36 6 0
37 6 0
38 5 0
39 5 0
40 5 0
41 5 0
42 4 1
43 4 0
44 4 0
45 4 0
46 4 0
47 4 0
48 4 0
49 4 0
50 4 0
51 4 0
52 3 0
53 3 0
54 3 0
55 3 0
56 3 0
57 3 0
58 3 0
59 3 0
60 3 0
61 3 0
62 2 1
63 3 0
64 3 0
65 2 0
66 1 1
68 1 1
69 2 0
71 1 1
##=========================================
##[Voxel Mapper]Iteration 400 keyframe id, used times, remaining times:
0 8 0
1 8 0
2 7 1
3 8 0
4 8 0
6 7 1
7 7 1
8 7 1
9 7 1
10 7 1
11 7 1
12 7 1
13 7 1
14 7 1
15 7 1
16 8 0
17 8 0
18 8 0
19 8 0
20 8 0
21 7 1
22 7 1
23 7 1
24 7 1
25 7 1
26 7 1
27 7 1
28 7 1
29 7 1
30 8 0
31 7 1
32 6 1
33 6 1
34 6 1
35 6 1
36 6 1
37 6 1
38 5 1
39 6 0
40 5 1
41 6 0
42 6 0
43 5 0
44 5 0
45 4 1
46 5 0
47 5 0
48 4 1
49 5 0
50 5 0
51 5 0
52 3 1
53 3 1
54 3 1
55 4 0
56 4 0
57 3 1
58 3 1
59 4 0
60 4 0
61 3 1
62 4 0
63 3 1
64 3 1
65 2 1
66 2 1
67 2 1
68 3 0
69 2 1
70 3 0
71 2 1
72 2 1
73 2 1
74 2 1
##=========================================
##[Voxel Mapper]Iteration 450 keyframe id, used times, remaining times:
0 8 0
1 8 0
2 8 0
3 8 0
4 8 0
6 8 0
7 8 0
8 8 0
9 8 0
10 7 1
11 8 0
12 7 1
13 8 0
14 8 0
15 8 0
16 8 0
17 8 0
18 8 0
19 8 0
20 8 0
21 8 0
22 8 0
23 8 0
24 8 0
25 8 0
26 8 0
27 8 0
28 8 0
29 8 0
30 8 0
31 8 0
32 7 0
33 7 0
34 7 0
35 7 0
36 7 0
37 7 0
38 6 0
39 6 0
40 6 0
41 6 0
42 6 0
43 5 0
44 5 0
45 5 0
46 5 0
47 5 0
48 4 1
49 5 0
50 5 0
51 5 0
52 4 0
53 4 0
54 4 0
55 4 0
56 4 0
57 4 0
58 4 0
59 4 0
60 4 0
61 4 0
62 4 0
63 3 1
64 4 0
65 3 0
66 3 0
67 3 0
68 3 0
69 3 0
70 3 0
71 2 1
72 3 0
73 3 0
74 3 0
75 1 1
76 2 0
77 2 0
78 1 1
79 2 0
##=========================================
##[Voxel Mapper]Iteration 500 keyframe id, used times, remaining times:
0 8 1
1 8 1
2 9 0
3 9 0
4 8 1
6 8 1
7 9 0
8 8 1
9 9 0
10 8 1
11 9 0
12 9 0
13 9 0
14 9 0
15 8 1
16 8 1
17 8 1
18 8 1
19 9 0
20 8 1
21 9 0
22 8 1
23 8 1
24 8 1
25 8 1
26 9 0
27 8 1
28 9 0
29 9 0
30 9 0
31 8 1
32 7 1
33 7 1
34 8 0
35 8 0
36 8 0
37 7 1
38 7 0
39 6 1
40 6 1
41 7 0
42 7 0
43 6 0
44 6 0
45 5 1
46 5 1
47 5 1
48 6 0
49 6 0
50 6 0
51 6 0
52 5 0
53 5 0
54 4 1
55 5 0
56 4 1
57 5 0
58 4 1
59 4 1
60 4 1
61 4 1
62 4 1
63 5 0
64 4 1
65 4 0
66 4 0
67 3 1
68 4 0
69 3 1
70 4 0
71 4 0
72 3 1
73 3 1
74 3 1
75 3 0
76 2 1
77 3 0
78 3 0
79 2 1
80 2 1
81 1 1
82 1 1
##=========================================
##[Voxel Mapper]Iteration 550 keyframe id, used times, remaining times:
0 9 0
1 9 0
2 9 0
3 9 0
4 9 0
6 9 0
7 9 0
8 9 0
9 9 0
10 9 0
11 9 0
12 9 0
13 9 0
14 9 0
15 9 0
16 8 1
17 9 0
18 9 0
19 9 0
20 9 0
21 9 0
22 9 0
23 9 0
24 9 0
25 9 0
26 9 0
27 9 0
28 9 0
29 9 0
30 9 0
31 9 0
32 8 0
33 8 0
34 8 0
35 8 0
36 8 0
37 8 0
38 7 0
39 7 0
40 7 0
41 7 0
42 7 0
43 6 0
44 6 0
45 6 0
46 6 0
47 6 0
48 6 0
49 6 0
50 6 0
51 6 0
52 5 0
53 5 0
54 5 0
55 5 0
56 5 0
57 5 0
58 5 0
59 5 0
60 5 0
61 5 0
62 5 0
63 5 0
64 5 0
65 4 0
66 4 0
67 4 0
68 4 0
69 4 0
70 4 0
71 4 0
72 4 0
73 4 0
74 4 0
75 3 0
76 3 0
77 3 0
78 3 0
79 3 0
80 3 0
81 2 0
82 2 0
83 2 0
84 2 0
85 1 1
86 2 0
87 1 1
##=========================================
##[Voxel Mapper]Iteration 600 keyframe id, used times, remaining times:
0 9 1
1 10 0
2 10 0
3 9 1
4 10 0
6 10 0
7 10 0
8 9 1
9 9 1
10 10 0
11 10 0
12 10 0
13 9 1
14 10 0
15 9 1
16 10 0
17 9 1
18 10 0
19 10 0
20 9 1
21 9 1
22 9 1
23 9 1
24 10 0
25 10 0
26 10 0
27 9 1
28 9 1
29 10 0
30 10 0
31 10 0
32 9 0
33 9 0
34 9 0
35 8 1
36 9 0
37 9 0
38 8 0
39 7 1
40 8 0
41 7 1
42 7 1
43 7 0
44 6 1
45 6 1
46 6 1
47 7 0
48 6 1
49 6 1
50 6 1
51 6 1
52 5 1
53 5 1
54 6 0
55 6 0
56 5 1
57 5 1
58 6 0
59 6 0
60 6 0
61 5 1
62 5 1
63 6 0
64 6 0
65 4 1
66 5 0
67 4 1
68 4 1
69 4 1
70 5 0
71 4 1
72 4 1
73 4 1
74 5 0
75 4 0
76 4 0
77 3 1
78 3 1
79 3 1
80 4 0
81 2 1
82 2 1
83 3 0
84 3 0
85 3 0
86 2 1
87 2 1
88 3 0
89 1 1
##=========================================
##[Voxel Mapper]Iteration 650 keyframe id, used times, remaining times:
0 10 0
1 10 0
2 10 0
3 10 0
4 10 0
6 10 0
7 10 0
8 10 0
9 10 0
10 10 0
11 10 0
12 10 0
13 10 0
14 10 0
15 10 0
16 10 0
17 10 0
18 10 0
19 10 0
20 9 1
21 10 0
22 10 0
23 10 0
24 10 0
25 10 0
26 10 0
27 10 0
28 10 0
29 10 0
30 10 0
31 10 0
32 9 0
33 9 0
34 9 0
35 9 0
36 9 0
37 9 0
38 8 0
39 8 0
40 8 0
41 8 0
42 8 0
43 7 0
44 7 0
45 7 0
46 7 0
47 7 0
48 6 1
49 7 0
50 7 0
51 7 0
52 6 0
53 6 0
54 6 0
55 6 0
56 5 1
57 6 0
58 6 0
59 6 0
60 6 0
61 6 0
62 6 0
63 6 0
64 6 0
65 5 0
66 5 0
67 5 0
68 5 0
69 5 0
70 5 0
71 5 0
72 5 0
73 4 1
74 5 0
75 4 0
76 4 0
77 4 0
78 4 0
79 4 0
80 4 0
81 3 0
82 3 0
83 3 0
84 3 0
85 3 0
86 2 1
87 3 0
88 3 0
89 2 0
90 2 0
91 2 0
92 2 0
93 1 1
94 1 1
95 1 1
96 1 1
##=========================================
##[Voxel Mapper]Iteration 700 keyframe id, used times, remaining times:
0 10 1
1 10 1
2 11 0
3 10 1
4 10 1
6 10 1
7 11 0
8 10 1
9 10 1
10 11 0
11 10 1
12 11 0
13 11 0
14 10 1
15 10 1
16 10 1
17 11 0
18 11 0
19 11 0
20 10 1
21 10 1
22 10 1
23 10 1
24 10 1
25 10 1
26 10 1
27 10 1
28 11 0
29 11 0
30 10 1
31 11 0
32 9 1
33 9 1
34 10 0
35 10 0
36 10 0
37 10 0
38 9 0
39 8 1
40 9 0
41 8 1
42 9 0
43 7 1
44 7 1
45 8 0
46 8 0
47 7 1
48 7 1
49 7 1
50 8 0
51 7 1
52 7 0
53 6 1
54 7 0
55 6 1
56 7 0
57 6 1
58 7 0
59 7 0
60 7 0
61 6 1
62 6 1
63 6 1
64 7 0
65 5 1
66 5 1
67 5 1
68 5 1
69 6 0
70 5 1
71 5 1
72 5 1
73 5 1
74 5 1
75 5 0
76 4 1
77 5 0
78 5 0
79 4 1
80 4 1
81 3 1
82 3 1
83 3 1
84 3 1
85 3 1
86 4 0
87 3 1
88 4 0
89 3 0
90 2 1
91 3 0
92 2 1
93 2 1
94 3 0
95 3 0
96 2 1
97 2 1
98 1 1
##=========================================
##[Voxel Mapper]Iteration 750 keyframe id, used times, remaining times:
0 11 0
1 10 1
2 11 0
3 11 0
4 10 1
6 11 0
7 11 0
8 11 0
9 10 1
10 11 0
11 10 1
12 11 0
13 11 0
14 11 0
15 11 0
16 11 0
17 11 0
18 11 0
19 11 0
20 11 0
21 10 1
22 11 0
23 11 0
24 11 0
25 11 0
26 11 0
27 11 0
28 11 0
29 11 0
30 11 0
31 11 0
32 10 0
33 10 0
34 10 0
35 10 0
36 10 0
37 10 0
38 9 0
39 9 0
40 9 0
41 9 0
42 9 0
43 8 0
44 8 0
45 8 0
46 8 0
47 8 0
48 8 0
49 8 0
50 8 0
51 8 0
52 7 0
53 7 0
54 7 0
55 7 0
56 7 0
57 7 0
58 7 0
59 7 0
60 7 0
61 7 0
62 6 1
63 7 0
64 7 0
65 6 0
66 6 0
67 6 0
68 5 1
69 6 0
70 6 0
71 5 1
72 6 0
73 6 0
74 6 0
75 5 0
76 5 0
77 5 0
78 5 0
79 5 0
80 5 0
81 4 0
82 4 0
83 4 0
84 4 0
85 4 0
86 4 0
87 4 0
88 4 0
89 3 0
90 3 0
91 3 0
92 3 0
93 3 0
94 3 0
95 3 0
96 3 0
97 2 1
98 1 1
##=========================================
##[Voxel Mapper]Iteration 50 keyframe id, used times, remaining times:
0 2 0
1 2 0
2 2 0
3 2 0
4 1 1
6 1 1
8 2 0
9 2 0
10 2 0
11 1 1
12 2 0
13 1 1
14 2 0
15 2 0
16 2 0
17 2 0
18 2 0
19 2 0
20 2 0
21 2 0
22 2 0
23 2 0
24 2 0
25 2 0
26 2 0
27 1 1
28 2 0
29 1 1
##=========================================
##[Voxel Mapper]Iteration 100 keyframe id, used times, remaining times:
0 3 1
1 3 1
2 3 1
3 3 1
4 3 1
6 3 1
8 3 1
9 3 1
10 3 1
11 3 1
12 3 1
13 3 1
14 3 1
15 3 1
16 3 1
17 3 1
18 3 1
19 3 1
20 3 1
21 3 1
22 3 1
23 4 0
24 3 1
25 3 1
26 3 1
27 3 1
28 3 1
29 3 1
30 3 1
31 2 1
32 2 1
33 2 1
34 2 1
35 3 0
36 1 1
##=========================================
##[Voxel Mapper]Iteration 150 keyframe id, used times, remaining times:
0 4 1
1 4 1
2 4 1
3 4 1
4 4 1
6 4 1
8 4 1
9 4 1
10 4 1
11 4 1
12 4 1
13 4 1
14 4 1
15 4 1
16 4 1
17 4 1
18 4 1
19 4 1
20 5 0
21 5 0
22 4 1
23 4 1
24 4 1
25 5 0
26 5 0
27 5 0
28 4 1
29 4 1
30 4 1
31 3 1
32 3 1
33 4 0
34 3 1
35 3 1
36 2 1
37 2 1
38 2 1
39 2 1
40 2 1
41 3 0
##=========================================
##[Voxel Mapper]Iteration 200 keyframe id, used times, remaining times:
0 5 0
1 5 0
2 5 0
3 5 0
4 5 0
6 5 0
8 5 0
9 5 0
10 5 0
11 5 0
12 5 0
13 5 0
14 5 0
15 5 0
16 5 0
17 5 0
18 5 0
19 5 0
20 5 0
21 5 0
22 5 0
23 5 0
24 5 0
25 5 0
26 5 0
27 5 0
28 5 0
29 5 0
30 5 0
31 4 0
32 4 0
33 4 0
34 4 0
35 4 0
36 3 0
37 3 0
38 3 0
39 3 0
40 3 0
41 3 0
42 2 0
43 2 0
44 2 0
45 2 0
46 2 0
47 2 0
48 1 1
49 1 1
50 2 0
51 1 1
##=========================================
##[Voxel Mapper]Iteration 250 keyframe id, used times, remaining times:
0 5 1
1 6 0
2 5 1
3 6 0
4 6 0
6 5 1
8 5 1
9 6 0
10 6 0
11 5 1
12 6 0
13 6 0
14 6 0
15 6 0
16 6 0
17 5 1
18 5 1
19 5 1
20 6 0
21 6 0
22 6 0
23 6 0
24 6 0
25 6 0
26 6 0
27 6 0
28 6 0
29 5 1
30 6 0
31 5 0
32 4 1
33 5 0
34 5 0
35 4 1
36 4 0
37 4 0
38 4 0
39 4 0
40 4 0
41 4 0
42 3 0
43 2 1
44 2 1
45 3 0
46 3 0
47 3 0
48 3 0
49 3 0
50 3 0
51 3 0
52 3 0
53 2 1
54 3 0
56 1 1
57 1 1
##=========================================
##[Voxel Mapper]Iteration 300 keyframe id, used times, remaining times:
0 7 0
1 7 0
2 6 1
3 6 1
4 6 1
6 6 1
8 6 1
9 7 0
10 6 1
11 6 1
12 6 1
13 6 1
14 6 1
15 6 1
16 6 1
17 7 0
18 6 1
19 6 1
20 6 1
21 7 0
22 6 1
23 6 1
24 6 1
25 6 1
26 6 1
27 6 1
28 6 1
29 6 1
30 7 0
31 6 0
32 5 1
33 5 1
34 5 1
35 6 0
36 5 0
37 5 0
38 4 1
39 4 1
40 4 1
41 4 1
42 3 1
43 3 1
44 3 1
45 3 1
46 3 1
47 3 1
48 3 1
49 3 1
50 4 0
51 3 1
52 3 1
53 3 1
54 4 0
55 3 0
56 2 1
57 2 1
58 3 0
59 2 1
60 2 1
61 2 1
62 2 1
63 2 1
64 2 1
65 3 0
66 1 1
##=========================================
##[Voxel Mapper]Iteration 350 keyframe id, used times, remaining times:
0 7 0
1 7 0
2 7 0
3 7 0
4 7 0
6 7 0
8 7 0
9 7 0
10 7 0
11 7 0
12 7 0
13 7 0
14 7 0
15 6 1
16 7 0
17 7 0
18 7 0
19 6 1
20 7 0
21 7 0
22 7 0
23 7 0
24 6 1
25 7 0
26 7 0
27 7 0
28 7 0
29 7 0
30 7 0
31 6 0
32 6 0
33 6 0
34 6 0
35 6 0
36 5 0
37 5 0
38 5 0
39 5 0
40 5 0
41 5 0
42 4 0
43 4 0
44 4 0
45 4 0
46 4 0
47 4 0
48 4 0
49 4 0
50 4 0
51 4 0
52 4 0
53 4 0
54 4 0
55 3 0
56 3 0
57 3 0
58 3 0
59 3 0
60 3 0
61 3 0
62 2 1
63 2 1
64 3 0
65 3 0
66 2 0
67 2 0
68 2 0
69 1 1
##=========================================
##[Voxel Mapper]Iteration 400 keyframe id, used times, remaining times:
0 7 1
1 8 0
2 7 1
3 8 0
4 8 0
6 7 1
8 7 1
9 8 0
10 7 1
11 8 0
12 8 0
13 7 1
14 7 1
15 8 0
16 8 0
17 7 1
18 8 0
19 7 1
20 7 1
21 8 0
22 7 1
23 7 1
24 7 1
25 8 0
26 8 0
27 7 1
28 8 0
29 7 1
30 8 0
31 7 0
32 7 0
33 7 0
34 6 1
35 6 1
36 5 1
37 6 0
38 6 0
39 5 1
40 6 0
41 6 0
42 4 1
43 5 0
44 5 0
45 5 0
46 4 1
47 5 0
48 4 1
49 5 0
50 5 0
51 4 1
52 4 1
53 5 0
54 5 0
55 3 1
56 4 0
57 4 0
58 4 0
59 3 1
60 4 0
61 3 1
62 3 1
63 3 1
64 4 0
65 4 0
66 3 0
67 3 0
68 2 1
69 3 0
70 2 1
71 3 0
73 1 1
##=========================================
##[Voxel Mapper]Iteration 450 keyframe id, used times, remaining times:
0 8 1
1 8 1
2 8 1
3 8 1
4 8 1
6 8 1
8 9 0
9 8 1
10 8 1
11 8 1
12 8 1
13 8 1
14 8 1
15 8 1
16 8 1
17 8 1
18 8 1
19 8 1
20 8 1
21 8 1
22 8 1
23 8 1
24 8 1
25 8 1
26 9 0
27 9 0
28 8 1
29 8 1
30 8 1
31 7 1
32 7 1
33 7 1
34 7 1
35 7 1
36 6 1
37 6 1
38 6 1
39 6 1
40 6 1
41 6 1
42 5 1
43 5 1
44 6 0
45 5 1
46 5 1
47 5 1
48 5 1
49 5 1
50 5 1
51 5 1
52 5 1
53 5 1
54 5 1
55 4 1
56 4 1
57 4 1
58 4 1
59 4 1
60 4 1
61 4 1
62 5 0
63 4 1
64 4 1
65 4 1
66 3 1
67 3 1
68 3 1
69 3 1
70 3 1
71 3 1
72 2 1
73 2 1
74 2 1
75 2 1
76 2 1
77 2 1
78 3 0
##=========================================
##[Voxel Mapper]Iteration 500 keyframe id, used times, remaining times:
0 9 0
1 9 0
2 9 0
3 9 0
4 9 0
6 8 1
8 9 0
9 8 1
10 9 0
11 8 1
12 9 0
13 9 0
14 9 0
15 9 0
16 9 0
17 9 0
18 9 0
19 9 0
20 9 0
21 8 1
22 9 0
23 8 1
24 8 1
25 8 1
26 9 0
27 9 0
28 9 0
29 9 0
30 9 0
31 8 0
32 7 1
33 8 0
34 8 0
35 7 1
36 6 1
37 7 0
38 6 1
39 6 1
40 6 1
41 6 1
42 6 0
43 6 0
44 6 0
45 6 0
46 6 0
47 5 1
48 6 0
49 6 0
50 6 0
51 5 1
52 5 1
53 6 0
54 6 0
55 5 0
56 4 1
57 4 1
58 4 1
59 5 0
60 5 0
61 5 0
62 5 0
63 5 0
64 5 0
65 5 0
66 4 0
67 4 0
68 4 0
69 4 0
70 4 0
71 3 1
72 3 0
73 3 0
74 2 1
75 3 0
76 2 1
77 3 0
78 3 0
81 1 1
83 1 1
##=========================================
##[Voxel Mapper]Iteration 550 keyframe id, used times, remaining times:
0 9 1
1 9 1
2 9 1
3 9 1
4 9 1
6 9 1
8 9 1
9 9 1
10 9 1
11 9 1
12 9 1
13 9 1
14 9 1
15 9 1
16 9 1
17 9 1
18 10 0
19 9 1
20 9 1
21 9 1
22 9 1
23 9 1
24 9 1
25 9 1
26 9 1
27 9 1
28 9 1
29 10 0
30 10 0
31 8 1
32 8 1
33 8 1
34 8 1
35 8 1
36 7 1
37 7 1
38 8 0
39 7 1
40 8 0
41 7 1
42 6 1
43 6 1
44 6 1
45 6 1
46 7 0
47 7 0
48 6 1
49 7 0
50 6 1
51 6 1
52 6 1
53 6 1
54 6 1
55 5 1
56 5 1
57 5 1
58 5 1
59 5 1
60 5 1
61 5 1
62 5 1
63 5 1
64 5 1
65 5 1
66 4 1
67 4 1
68 4 1
69 4 1
70 4 1
71 4 1
72 3 1
73 4 0
74 3 1
75 3 1
76 3 1
77 3 1
78 3 1
79 3 0
80 2 1
81 2 1
82 2 1
83 2 1
84 2 1
85 3 0
86 2 1
87 2 1
##=========================================
##[Voxel Mapper]Iteration 600 keyframe id, used times, remaining times:
0 10 0
1 10 0
2 9 1
3 9 1
4 10 0
6 10 0
8 9 1
9 10 0
10 10 0
11 10 0
12 10 0
13 9 1
14 10 0
15 9 1
16 9 1
17 10 0
18 10 0
19 9 1
20 9 1
21 10 0
22 10 0
23 10 0
24 10 0
25 9 1
26 9 1
27 10 0
28 10 0
29 10 0
30 10 0
31 8 1
32 9 0
33 8 1
34 9 0
35 9 0
36 8 0
37 8 0
38 8 0
39 8 0
40 8 0
41 7 1
42 7 0
43 7 0
44 7 0
45 7 0
46 7 0
47 7 0
48 6 1
49 7 0
50 6 1
51 6 1
52 7 0
53 6 1
54 7 0
55 6 0
56 6 0
57 6 0
58 6 0
59 5 1
60 6 0
61 5 1
62 6 0
63 5 1
64 6 0
65 6 0
66 5 0
67 5 0
68 4 1
69 5 0
70 4 1
71 5 0
72 3 1
73 4 0
74 4 0
75 4 0
76 4 0
77 3 1
78 4 0
79 3 0
80 3 0
81 3 0
82 3 0
83 2 1
84 3 0
85 3 0
86 2 1
87 2 1
88 1 1
89 1 1
##=========================================
##[Voxel Mapper]Iteration 650 keyframe id, used times, remaining times:
0 10 1
1 10 1
2 10 1
3 10 1
4 10 1
6 10 1
8 10 1
9 11 0
10 11 0
11 11 0
12 11 0
13 10 1
14 10 1
15 10 1
16 10 1
17 10 1
18 10 1
19 10 1
20 10 1
21 10 1
22 11 0
23 11 0
24 10 1
25 10 1
26 10 1
27 11 0
28 10 1
29 10 1
30 10 1
31 9 1
32 9 1
33 9 1
34 9 1
35 9 1
36 8 1
37 8 1
38 8 1
39 9 0
40 8 1
41 8 1
42 8 0
43 8 0
44 7 1
45 8 0
46 7 1
47 7 1
48 7 1
49 8 0
50 7 1
51 7 1
52 8 0
53 7 1
54 7 1
55 6 1
56 6 1
57 6 1
58 6 1
59 6 1
60 6 1
61 6 1
62 7 0
63 6 1
64 6 1
65 7 0
66 5 1
67 5 1
68 5 1
69 5 1
70 5 1
71 6 0
72 4 1
73 4 1
74 4 1
75 4 1
76 4 1
77 4 1
78 4 1
79 3 1
80 3 1
81 3 1
82 3 1
83 3 1
84 3 1
85 3 1
86 3 1
87 3 1
88 2 1
89 2 1
90 2 1
91 3 0
##=========================================
##[Voxel Mapper]Iteration 50 keyframe id, used times, remaining times:
0 2 0
1 1 1
2 2 0
3 2 0
5 2 0
6 2 0
10 2 0
11 2 0
12 2 0
13 2 0
14 2 0
15 2 0
16 2 0
17 2 0
18 2 0
19 2 0
20 2 0
21 2 0
22 2 0
23 2 0
24 2 0
25 2 0
26 2 0
27 1 1
28 1 1
29 1 1
30 1 1
31 1 1
##=========================================
##[Voxel Mapper]Iteration 100 keyframe id, used times, remaining times:
0 3 0
1 3 0
2 3 0
3 3 0
5 3 0
6 3 0
9 2 1
10 3 0
11 3 0
12 3 0
13 3 0
14 3 0
15 3 0
16 3 0
17 3 0
18 3 0
19 3 0
20 3 0
21 3 0
22 3 0
23 3 0
24 3 0
25 3 0
26 3 0
27 3 0
28 3 0
29 3 0
30 3 0
31 3 0
32 3 0
33 3 0
34 2 0
35 2 0
36 2 0
37 1 1
38 1 1
##=========================================
##[Voxel Mapper]Iteration 150 keyframe id, used times, remaining times:
0 4 0
1 4 0
2 4 0
3 4 0
5 4 0
6 4 0
9 4 0
10 4 0
11 4 0
12 4 0
13 4 0
14 4 0
15 4 0
16 4 0
17 4 0
18 4 0
19 4 0
20 4 0
21 4 0
22 4 0
23 4 0
24 4 0
25 4 0
26 4 0
27 4 0
28 4 0
29 4 0
30 4 0
31 4 0
32 4 0
33 4 0
34 3 0
35 3 0
36 3 0
37 3 0
38 3 0
39 3 0
40 2 0
41 2 0
42 2 0
43 2 0
##=========================================
##[Voxel Mapper]Iteration 200 keyframe id, used times, remaining times:
0 5 0
1 5 0
2 5 0
3 5 0
5 5 0
6 5 0
9 4 1
10 5 0
11 5 0
12 5 0
13 5 0
14 5 0
15 5 0
16 5 0
17 5 0
18 5 0
19 5 0
20 5 0
21 5 0
22 5 0
23 5 0
24 5 0
25 5 0
26 5 0
27 5 0
28 5 0
29 4 1
30 5 0
31 5 0
32 5 0
33 5 0
34 4 0
35 4 0
36 4 0
37 4 0
38 4 0
39 4 0
40 3 0
41 3 0
42 3 0
43 3 0
44 3 0
45 1 1
46 2 0
47 2 0
48 1 1
49 1 1
50 1 1
##=========================================
##[Voxel Mapper]Iteration 250 keyframe id, used times, remaining times:
0 6 0
1 5 1
2 6 0
3 6 0
5 6 0
6 5 1
9 6 0
10 5 1
11 6 0
12 6 0
13 5 1
14 5 1
15 6 0
16 5 1
17 6 0
18 6 0
19 6 0
20 5 1
21 6 0
22 6 0
23 6 0
24 6 0
25 5 1
26 6 0
27 6 0
28 6 0
29 6 0
30 6 0
31 6 0
32 6 0
33 6 0
34 4 1
35 4 1
36 4 1
37 5 0
38 5 0
39 5 0
40 4 0
41 3 1
42 4 0
43 4 0
44 4 0
45 3 0
46 3 0
47 3 0
48 3 0
49 3 0
50 3 0
51 3 0
53 1 1
54 2 0
56 1 1
58 1 1
##=========================================
##[Voxel Mapper]Iteration 50 keyframe id, used times, remaining times:
0 2 0
1 1 1
2 1 1
3 2 0
4 2 0
7 2 0
8 2 0
9 2 0
10 2 0
11 2 0
12 2 0
13 2 0
14 2 0
15 1 1
16 2 0
17 2 0
18 2 0
19 2 0
20 1 1
21 2 0
22 2 0
23 2 0
24 2 0
25 2 0
26 2 0
27 2 0
28 1 1
30 1 1
##=========================================
##[Voxel Mapper]Iteration 100 keyframe id, used times, remaining times:
0 3 0
1 3 0
2 3 0
3 3 0
4 3 0
7 3 0
8 3 0
9 3 0
10 3 0
11 3 0
12 3 0
13 3 0
14 3 0
15 3 0
16 3 0
17 3 0
18 3 0
19 3 0
20 3 0
21 3 0
22 3 0
23 3 0
24 3 0
25 3 0
26 3 0
27 3 0
28 3 0
29 3 0
30 3 0
31 3 0
32 3 0
33 2 0
34 2 0
35 1 1
36 1 1
37 1 1
##=========================================
##[Voxel Mapper]Iteration 150 keyframe id, used times, remaining times:
0 4 0
1 4 0
2 4 0
3 4 0
4 4 0
7 4 0
8 4 0
9 4 0
10 4 0
11 4 0
12 4 0
13 4 0
14 4 0
15 4 0
16 4 0
17 4 0
18 4 0
19 4 0
20 4 0
21 4 0
22 4 0
23 4 0
24 4 0
25 4 0
26 4 0
27 4 0
28 3 1
29 4 0
30 4 0
31 4 0
32 4 0
33 3 0
34 3 0
35 3 0
36 3 0
37 3 0
38 3 0
39 2 0
40 2 0
41 2 0
42 2 0
43 1 1
##=========================================
##[Voxel Mapper]Iteration 200 keyframe id, used times, remaining times:
0 5 0
1 5 0
2 5 0
3 5 0
4 5 0
7 5 0
8 5 0
9 5 0
10 5 0
11 5 0
12 5 0
13 5 0
14 5 0
15 5 0
16 5 0
17 5 0
18 5 0
19 5 0
20 5 0
21 5 0
22 5 0
23 5 0
24 5 0
25 5 0
26 5 0
27 5 0
28 5 0
29 5 0
30 5 0
31 5 0
32 5 0
33 4 0
34 4 0
35 4 0
36 4 0
37 4 0
38 4 0
39 3 0
40 3 0
41 3 0
42 3 0
43 3 0
44 1 1
45 2 0
46 1 1
47 1 1
49 1 1
##=========================================
##[Voxel Mapper]Iteration 250 keyframe id, used times, remaining times:
0 6 0
1 6 0
2 6 0
3 6 0
4 5 1
7 6 0
8 5 1
9 6 0
10 6 0
11 6 0
12 6 0
13 5 1
14 5 1
15 6 0
16 5 1
17 5 1
18 6 0
19 6 0
20 6 0
21 6 0
22 6 0
23 6 0
24 6 0
25 6 0
26 6 0
27 5 1
28 6 0
29 5 1
30 6 0
31 6 0
32 6 0
33 5 0
34 5 0
35 5 0
36 5 0
37 5 0
38 4 1
39 4 0
40 4 0
41 4 0
42 4 0
43 3 1
44 2 1
45 3 0
46 2 1
47 2 1
48 3 0
49 3 0
50 3 0
51 1 1
52 1 1
53 1 1
54 1 1
55 1 1
56 1 1
##=========================================
##[Voxel Mapper]Iteration 300 keyframe id, used times, remaining times:
0 7 0
1 6 1
2 7 0
3 7 0
4 6 1
7 6 1
8 7 0
9 6 1
10 6 1
11 6 1
12 6 1
13 7 0
14 6 1
15 6 1
16 6 1
17 7 0
18 7 0
19 7 0
20 6 1
21 6 1
22 6 1
23 7 0
24 6 1
25 6 1
26 6 1
27 6 1
28 6 1
29 6 1
30 6 1
31 6 1
32 7 0
33 6 0
34 6 0
35 5 1
36 5 1
37 5 1
38 5 1
39 4 1
40 4 1
41 5 0
42 4 1
43 5 0
44 3 1
45 3 1
46 3 1
47 3 1
48 3 1
49 3 1
50 3 1
51 3 0
52 3 0
53 2 1
54 3 0
55 2 1
56 2 1
57 2 1
58 3 0
59 2 1
60 2 1
61 2 1
62 3 0
##=========================================
##[Voxel Mapper]Iteration 350 keyframe id, used times, remaining times:
0 7 0
1 7 0
2 7 0
3 7 0
4 7 0
7 7 0
8 7 0
9 7 0
10 7 0
11 7 0
12 7 0
13 7 0
14 7 0
15 7 0
16 7 0
17 7 0
18 7 0
19 7 0
20 7 0
21 7 0
22 7 0
23 7 0
24 7 0
25 7 0
26 7 0
27 7 0
28 7 0
29 7 0
30 7 0
31 7 0
32 7 0
33 6 0
34 6 0
35 6 0
36 6 0
37 6 0
38 6 0
39 5 0
40 5 0
41 5 0
42 4 1
43 5 0
44 4 0
45 4 0
46 4 0
47 3 1
48 4 0
49 4 0
50 3 1
51 3 0
52 3 0
53 3 0
54 3 0
55 3 0
56 3 0
57 3 0
58 3 0
59 3 0
60 3 0
61 3 0
62 3 0
64 2 0
66 2 0
67 2 0
68 1 1
69 2 0
70 1 1
71 1 1
##=========================================
##[Voxel Mapper]Iteration 400 keyframe id, used times, remaining times:
0 7 1
1 7 1
2 8 0
3 8 0
4 7 1
7 7 1
8 7 1
9 8 0
10 8 0
11 8 0
12 7 1
13 7 1
14 7 1
15 7 1
16 8 0
17 8 0
18 7 1
19 7 1
20 7 1
21 7 1
22 8 0
23 8 0
24 8 0
25 8 0
26 7 1
27 8 0
28 8 0
29 8 0
30 8 0
31 8 0
32 8 0
33 6 1
34 6 1
35 7 0
36 7 0
37 6 1
38 7 0
39 5 1
40 5 1
41 6 0
42 6 0
43 5 1
44 4 1
45 5 0
46 5 0
47 4 1
48 4 1
49 4 1
50 5 0
51 4 0
52 4 0
53 4 0
54 4 0
55 4 0
56 4 0
57 3 1
58 3 1
59 3 1
60 3 1
61 3 1
62 3 1
63 2 1
64 2 1
65 3 0
66 2 1
67 3 0
68 2 1
69 3 0
70 2 1
71 2 1
72 2 1
73 3 0
75 1 1
##=========================================
##[Voxel Mapper]Iteration 450 keyframe id, used times, remaining times:
0 8 1
1 8 1
2 8 1
3 8 1
4 8 1
7 8 1
8 8 1
9 8 1
10 8 1
11 8 1
12 8 1
13 8 1
14 8 1
15 8 1
16 8 1
17 8 1
18 8 1
19 8 1
20 8 1
21 8 1
22 8 1
23 8 1
24 8 1
25 8 1
26 9 0
27 8 1
28 8 1
29 8 1
30 8 1
31 8 1
32 8 1
33 7 1
34 7 1
35 7 1
36 7 1
37 7 1
38 7 1
39 6 1
40 6 1
41 6 1
42 6 1
43 6 1
44 5 1
45 5 1
46 5 1
47 5 1
48 5 1
49 5 1
50 5 1
51 4 1
52 4 1
53 4 1
54 4 1
55 4 1
56 4 1
57 4 1
58 4 1
59 4 1
60 4 1
61 4 1
62 4 1
63 3 1
64 3 1
65 3 1
66 3 1
67 3 1
68 3 1
69 3 1
70 3 1
71 3 1
72 3 1
73 3 1
74 2 1
75 2 1
76 2 1
77 2 1
78 2 1
79 3 0
##=========================================
##[Voxel Mapper]Iteration 500 keyframe id, used times, remaining times:
0 9 0
1 9 0
2 8 1
3 9 0
4 8 1
7 8 1
8 9 0
9 9 0
10 8 1
11 9 0
12 9 0
13 9 0
14 8 1
15 9 0
16 9 0
17 9 0
18 8 1
19 9 0
20 9 0
21 8 1
22 8 1
23 8 1
24 9 0
25 9 0
26 9 0
27 9 0
28 9 0
29 9 0
30 9 0
31 8 1
32 8 1
33 7 1
34 8 0
35 8 0
36 8 0
37 8 0
38 8 0
39 6 1
40 7 0
41 6 1
42 6 1
43 7 0
44 5 1
45 6 0
46 6 0
47 6 0
48 6 0
49 6 0
50 6 0
51 4 1
52 5 0
53 4 1
54 5 0
55 5 0
56 4 1
57 4 1
58 4 1
59 4 1
60 4 1
61 4 1
62 5 0
63 4 0
64 3 1
65 4 0
66 4 0
67 4 0
68 4 0
69 3 1
70 4 0
71 4 0
72 4 0
73 3 1
74 3 0
75 3 0
76 2 1
77 3 0
78 3 0
79 3 0
80 1 1
82 1 1
##=========================================
##[Voxel Mapper]Iteration 550 keyframe id, used times, remaining times:
0 9 1
1 9 1
2 9 1
3 9 1
4 9 1
7 9 1
8 10 0
9 9 1
10 9 1
11 9 1
12 10 0
13 9 1
14 9 1
15 9 1
16 10 0
17 9 1
18 9 1
19 9 1
20 9 1
21 9 1
22 9 1
23 9 1
24 9 1
25 9 1
26 9 1
27 9 1
28 10 0
29 9 1
30 9 1
31 9 1
32 9 1
33 8 1
34 8 1
35 8 1
36 8 1
37 8 1
38 8 1
39 7 1
40 7 1
41 7 1
42 8 0
43 7 1
44 6 1
45 6 1
46 6 1
47 6 1
48 6 1
49 6 1
50 6 1
51 5 1
52 5 1
53 5 1
54 5 1
55 5 1
56 5 1
57 6 0
58 5 1
59 5 1
60 6 0
61 5 1
62 5 1
63 4 1
64 4 1
65 4 1
66 4 1
67 4 1
68 4 1
69 4 1
70 4 1
71 4 1
72 4 1
73 4 1
74 3 1
75 3 1
76 3 1
77 3 1
78 4 0
79 3 1
80 2 1
81 2 1
82 2 1
83 2 1
84 2 1
85 2 1
86 2 1
87 2 1
##=========================================
##[Voxel Mapper]Iteration 600 keyframe id, used times, remaining times:
0 9 1
1 10 0
2 10 0
3 10 0
4 10 0
7 10 0
8 10 0
9 10 0
10 10 0
11 9 1
12 10 0
13 9 1
14 9 1
15 10 0
16 10 0
17 10 0
18 9 1
19 9 1
20 9 1
21 10 0
22 10 0
23 10 0
24 10 0
25 10 0
26 9 1
27 10 0
28 10 0
29 9 1
30 10 0
31 10 0
32 10 0
33 9 0
34 9 0
35 9 0
36 9 0
37 9 0
38 8 1
39 8 0
40 8 0
41 8 0
42 8 0
43 7 1
44 7 0
45 6 1
46 6 1
47 7 0
48 7 0
49 7 0
50 7 0
51 6 0
52 6 0
53 6 0
54 5 1
55 5 1
56 5 1
57 6 0
58 6 0
59 5 1
60 6 0
61 5 1
62 6 0
63 5 0
64 5 0
65 4 1
66 4 1
67 5 0
68 5 0
69 4 1
70 5 0
71 5 0
72 4 1
73 5 0
74 3 1
75 4 0
76 3 1
77 3 1
78 4 0
79 4 0
80 2 1
81 3 0
82 3 0
83 3 0
84 2 1
85 3 0
86 2 1
87 2 1
90 1 1
##=========================================
##[Voxel Mapper]Iteration 650 keyframe id, used times, remaining times:
0 10 1
1 10 1
2 10 1
3 10 1
4 10 1
7 10 1
8 10 1
9 10 1
10 10 1
11 10 1
12 10 1
13 10 1
14 10 1
15 10 1
16 10 1
17 10 1
18 10 1
19 10 1
20 10 1
21 10 1
22 10 1
23 10 1
24 10 1
25 10 1
26 10 1
27 10 1
28 11 0
29 10 1
30 10 1
31 11 0
32 10 1
33 9 1
34 9 1
35 9 1
36 9 1
37 9 1
38 9 1
39 9 0
40 8 1
41 8 1
42 8 1
43 8 1
44 7 1
45 7 1
46 7 1
47 7 1
48 7 1
49 7 1
50 7 1
51 6 1
52 6 1
53 6 1
54 6 1
55 6 1
56 6 1
57 6 1
58 6 1
59 6 1
60 6 1
61 6 1
62 6 1
63 5 1
64 5 1
65 5 1
66 5 1
67 5 1
68 5 1
69 5 1
70 5 1
71 5 1
72 5 1
73 5 1
74 4 1
75 5 0
76 4 1
77 4 1
78 4 1
79 4 1
80 3 1
81 3 1
82 3 1
83 3 1
84 3 1
85 3 1
86 3 1
87 3 1
88 3 0
89 2 1
90 2 1
91 2 1
92 2 1
93 2 1
94 2 1
95 3 0
##=========================================
##[Voxel Mapper]Iteration 700 keyframe id, used times, remaining times:
0 11 0
1 10 1
2 11 0
3 10 1
4 11 0
7 11 0
8 10 1
9 10 1
10 11 0
11 10 1
12 10 1
13 10 1
14 11 0
15 11 0
16 10 1
17 11 0
18 10 1
19 11 0
20 11 0
21 10 1
22 11 0
23 10 1
24 10 1
25 10 1
26 11 0
27 11 0
28 11 0
29 10 1
30 11 0
31 11 0
32 10 1
33 9 1
34 10 0
35 10 0
36 10 0
37 10 0
38 10 0
39 9 0
40 9 0
41 9 0
42 9 0
43 8 1
44 7 1
45 7 1
46 8 0
47 8 0
48 7 1
49 7 1
50 7 1
51 7 0
52 6 1
53 7 0
54 7 0
55 7 0
56 6 1
57 6 1
58 6 1
59 6 1
60 6 1
61 6 1
62 7 0
63 6 0
64 6 0
65 5 1
66 5 1
67 5 1
68 6 0
69 5 1
70 6 0
71 5 1
72 5 1
73 5 1
74 4 1
75 5 0
76 5 0
77 4 1
78 5 0
79 5 0
80 3 1
81 3 1
82 4 0
83 3 1
84 3 1
85 4 0
86 4 0
87 4 0
88 3 0
89 3 0
90 3 0
91 3 0
92 3 0
93 2 1
94 2 1
95 3 0
96 1 1
97 2 0
98 2 0
99 1 1
##=========================================
##[Voxel Mapper]Iteration 750 keyframe id, used times, remaining times:
0 11 0
1 11 0
2 11 0
3 11 0
4 11 0
7 11 0
8 10 1
9 11 0
10 11 0
11 11 0
12 11 0
13 10 1
14 11 0
15 11 0
16 11 0
17 11 0
18 11 0
19 11 0
20 11 0
21 11 0
22 11 0
23 11 0
24 11 0
25 11 0
26 11 0
27 11 0
28 11 0
29 11 0
30 11 0
31 11 0
32 11 0
33 10 0
34 10 0
35 10 0
36 10 0
37 10 0
38 10 0
39 9 0
40 9 0
41 9 0
42 9 0
43 9 0
44 8 0
45 8 0
46 8 0
47 8 0
48 8 0
49 8 0
50 8 0
51 7 0
52 7 0
53 7 0
54 7 0
55 7 0
56 7 0
57 7 0
58 7 0
59 7 0
60 7 0
61 7 0
62 7 0
63 6 0
64 6 0
65 6 0
66 6 0
67 6 0
68 6 0
69 6 0
70 6 0
71 6 0
72 6 0
73 6 0
74 5 0
75 5 0
76 5 0
77 5 0
78 5 0
79 5 0
80 4 0
81 4 0
82 4 0
83 4 0
84 4 0
85 4 0
86 4 0
87 4 0
88 3 0
89 3 0
90 3 0
91 3 0
92 3 0
93 3 0
94 3 0
95 3 0
96 2 0
97 2 0
98 2 0
99 2 0
100 2 0
101 2 0
102 1 1
103 1 1
##=========================================
##[Voxel Mapper]Iteration 800 keyframe id, used times, remaining times:
0 11 1
1 12 0
2 12 0
3 12 0
4 12 0
7 12 0
8 12 0
9 11 1
10 11 1
11 11 1
12 11 1
13 12 0
14 11 1
15 11 1
16 11 1
17 12 0
18 12 0
19 11 1
20 12 0
21 12 0
22 12 0
23 12 0
24 12 0
25 12 0
26 11 1
27 12 0
28 11 1
29 12 0
30 11 1
31 11 1
32 12 0
33 11 0
34 10 1
35 10 1
36 11 0
37 11 0
38 10 1
39 10 0
40 10 0
41 9 1
42 9 1
43 10 0
44 8 1
45 9 0
46 9 0
47 9 0
48 9 0
49 9 0
50 9 0
51 7 1
52 7 1
53 8 0
54 7 1
55 7 1
56 7 1
57 7 1
58 7 1
59 8 0
60 7 1
61 8 0
62 8 0
63 6 1
64 6 1
65 6 1
66 6 1
67 7 0
68 6 1
69 6 1
70 6 1
71 6 1
72 7 0
73 7 0
74 5 1
75 5 1
76 5 1
77 5 1
78 5 1
79 5 1
80 4 1
81 4 1
82 4 1
83 5 0
84 4 1
85 4 1
86 4 1
87 4 1
88 4 0
89 3 1
90 3 1
91 4 0
92 3 1
93 3 1
94 3 1
95 4 0
96 2 1
97 3 0
98 3 0
99 3 0
100 3 0
101 2 1
102 3 0
103 2 1
##=========================================
##[Voxel Mapper]Iteration 850 keyframe id, used times, remaining times:
0 12 0
1 12 0
2 12 0
3 12 0
4 12 0
7 12 0
8 12 0
9 12 0
10 12 0
11 12 0
12 12 0
13 12 0
14 12 0
15 12 0
16 11 1
17 12 0
18 12 0
19 12 0
20 12 0
21 12 0
22 12 0
23 12 0
24 12 0
25 12 0
26 11 1
27 12 0
28 12 0
29 12 0
30 11 1
31 12 0
32 12 0
33 11 0
34 11 0
35 11 0
36 11 0
37 11 0
38 11 0
39 10 0
40 10 0
41 10 0
42 10 0
43 10 0
44 9 0
45 9 0
46 9 0
47 9 0
48 9 0
49 9 0
50 9 0
51 8 0
52 8 0
53 8 0
54 8 0
55 8 0
56 8 0
57 7 1
58 8 0
59 8 0
60 8 0
61 8 0
62 8 0
63 7 0
64 7 0
65 7 0
66 7 0
67 7 0
68 7 0
69 7 0
70 7 0
71 7 0
72 7 0
73 7 0
74 6 0
75 6 0
76 6 0
77 6 0
78 6 0
79 6 0
80 5 0
81 5 0
82 5 0
83 5 0
84 5 0
85 4 1
86 5 0
87 5 0
88 4 0
89 3 1
90 4 0
91 4 0
92 4 0
93 4 0
94 4 0
95 4 0
96 3 0
97 3 0
98 3 0
99 3 0
100 3 0
101 3 0
102 3 0
103 3 0
##=========================================
##[Voxel Mapper]Iteration 50 keyframe id, used times, remaining times:
0 2 0
1 2 0
2 2 0
3 2 0
4 2 0
5 2 0
7 2 0
10 2 0
11 2 0
12 2 0
13 2 0
14 2 0
15 2 0
16 2 0
17 2 0
18 2 0
19 2 0
20 2 0
21 2 0
22 1 1
23 2 0
25 2 0
26 2 0
27 1 1
28 1 1
29 2 0
30 1 1
##=========================================
##[Voxel Mapper]Iteration 100 keyframe id, used times, remaining times:
0 3 0
1 3 0
2 3 0
3 3 0
4 3 0
5 3 0
7 3 0
10 3 0
11 3 0
12 3 0
13 3 0
14 3 0
15 3 0
16 3 0
17 3 0
18 3 0
19 3 0
20 3 0
21 3 0
22 3 0
23 3 0
24 3 0
25 3 0
26 3 0
27 3 0
28 3 0
29 3 0
30 3 0
31 3 0
32 3 0
33 2 0
34 2 0
35 2 0
36 2 0
37 2 0
##=========================================
##[Voxel Mapper]Iteration 150 keyframe id, used times, remaining times:
0 4 1
1 4 1
2 4 1
3 5 0
4 4 1
5 4 1
7 4 1
10 4 1
11 4 1
12 4 1
13 4 1
14 4 1
15 4 1
16 4 1
17 4 1
18 4 1
19 4 1
20 4 1
21 4 1
22 4 1
23 4 1
24 4 1
25 4 1
26 4 1
27 4 1
28 4 1
29 4 1
30 4 1
31 4 1
32 4 1
33 3 1
34 3 1
35 3 1
36 3 1
37 3 1
38 3 1
39 2 1
40 2 1
41 2 1
42 2 1
43 3 0
##=========================================
##[Voxel Mapper]Iteration 200 keyframe id, used times, remaining times:
0 5 0
1 5 0
2 5 0
3 5 0
4 5 0
5 5 0
7 5 0
10 5 0
11 5 0
12 5 0
13 5 0
14 5 0
15 5 0
16 5 0
17 5 0
18 5 0
19 5 0
20 5 0
21 5 0
22 5 0
23 5 0
24 5 0
25 5 0
26 5 0
27 5 0
28 5 0
29 5 0
30 5 0
31 5 0
32 5 0
33 4 0
34 4 0
35 4 0
36 4 0
37 4 0
38 4 0
39 3 0
40 3 0
41 3 0
42 3 0
43 3 0
44 2 0
45 2 0
46 2 0
47 2 0
48 2 0
49 1 1
##=========================================
##[Voxel Mapper]Iteration 50 keyframe id, used times, remaining times:
0 2 0
1 2 0
2 2 0
3 1 1
4 2 0
7 2 0
9 2 0
10 2 0
11 2 0
12 2 0
13 2 0
14 2 0
15 2 0
16 2 0
17 2 0
18 2 0
19 2 0
20 1 1
21 2 0
22 2 0
23 2 0
24 2 0
25 2 0
26 1 1
27 1 1
28 1 1
29 2 0
32 1 1
##=========================================
##[Voxel Mapper]Iteration 100 keyframe id, used times, remaining times:
0 3 0
1 3 0
2 3 0
3 3 0
4 2 1
7 3 0
9 3 0
10 3 0
11 3 0
12 3 0
13 3 0
14 3 0
15 3 0
16 2 1
17 3 0
18 3 0
19 3 0
20 3 0
21 3 0
22 3 0
23 2 1
24 3 0
25 3 0
26 3 0
27 2 1
28 3 0
29 3 0
30 3 0
31 3 0
32 3 0
33 3 0
34 3 0
35 3 0
36 1 1
37 2 0
38 1 1
39 1 1
##=========================================
##[Voxel Mapper]Iteration 150 keyframe id, used times, remaining times:
0 4 0
1 4 0
2 4 0
3 4 0
4 4 0
7 4 0
9 4 0
10 4 0
11 4 0
12 4 0
13 4 0
14 4 0
15 4 0
16 4 0
17 3 1
18 4 0
19 4 0
20 4 0
21 4 0
22 3 1
23 4 0
24 4 0
25 4 0
26 4 0
27 3 1
28 4 0
29 4 0
30 4 0
31 4 0
32 4 0
33 4 0
34 4 0
35 4 0
36 3 0
37 3 0
38 3 0
39 3 0
40 3 0
41 3 0
42 2 0
43 1 1
##=========================================
##[Voxel Mapper]Iteration 200 keyframe id, used times, remaining times:
0 5 0
1 5 0
2 5 0
3 5 0
4 5 0
7 5 0
9 5 0
10 4 1
11 5 0
12 5 0
13 5 0
14 4 1
15 5 0
16 5 0
17 5 0
18 5 0
19 5 0
20 5 0
21 5 0
22 5 0
23 5 0
24 5 0
25 5 0
26 5 0
27 5 0
28 5 0
29 5 0
30 5 0
31 5 0
32 4 1
33 5 0
34 4 1
35 5 0
36 4 0
37 4 0
38 3 1
39 3 1
40 3 1
41 4 0
42 2 1
43 3 0
44 3 0
45 3 0
46 2 0
48 1 1
49 2 0
50 1 1
51 1 1
##=========================================
##[Voxel Mapper]Iteration 250 keyframe id, used times, remaining times:
0 6 0
1 6 0
2 5 1
3 5 1
4 6 0
7 5 1
9 6 0
10 6 0
11 5 1
12 5 1
13 5 1
14 5 1
15 6 0
16 6 0
17 6 0
18 5 1
19 6 0
20 6 0
21 6 0
22 5 1
23 5 1
24 6 0
25 5 1
26 5 1
27 5 1
28 6 0
29 6 0
30 6 0
31 5 1
32 5 1
33 6 0
34 5 1
35 6 0
36 5 0
37 5 0
38 5 0
39 4 1
40 5 0
41 5 0
42 4 0
43 4 0
44 4 0
45 3 1
46 3 0
47 2 1
48 3 0
49 3 0
50 3 0
51 2 1
52 3 0
53 2 1
56 2 0
57 1 1
##=========================================
##[Voxel Mapper]Iteration 300 keyframe id, used times, remaining times:
0 7 0
1 6 1
2 6 1
3 6 1
4 6 1
7 7 0
9 6 1
10 6 1
11 6 1
12 6 1
13 6 1
14 6 1
15 6 1
16 7 0
17 6 1
18 6 1
19 6 1
20 6 1
21 6 1
22 7 0
23 6 1
24 7 0
25 6 1
26 6 1
27 6 1
28 6 1
29 6 1
30 6 1
31 6 1
32 6 1
33 6 1
34 6 1
35 6 1
36 5 1
37 5 1
38 5 1
39 5 1
40 5 1
41 5 1
42 4 1
43 4 1
44 5 0
45 4 1
46 3 1
47 3 1
48 3 1
49 3 1
50 3 1
51 3 1
52 3 1
53 3 1
54 2 1
55 3 0
56 2 1
57 2 1
58 3 0
59 2 1
60 3 0
61 2 1
62 2 1
63 2 1
64 3 0
##=========================================
##[Voxel Mapper]Iteration 350 keyframe id, used times, remaining times:
0 7 0
1 7 0
2 6 1
3 7 0
4 7 0
7 7 0
9 7 0
10 7 0
11 7 0
12 7 0
13 7 0
14 7 0
15 7 0
16 7 0
17 7 0
18 7 0
19 6 1
20 7 0
21 7 0
22 7 0
23 7 0
24 7 0
25 6 1
26 6 1
27 7 0
28 7 0
29 6 1
30 6 1
31 6 1
32 7 0
33 7 0
34 7 0
35 7 0
36 6 0
37 5 1
38 6 0
39 6 0
40 6 0
41 6 0
42 5 0
43 4 1
44 5 0
45 5 0
46 4 0
47 4 0
48 4 0
49 4 0
50 3 1
51 4 0
52 3 1
53 4 0
54 3 0
55 3 0
56 3 0
57 3 0
58 3 0
59 3 0
60 3 0
61 3 0
62 3 0
63 3 0
64 3 0
65 2 0
66 2 0
67 2 0
68 2 0
69 1 1
##=========================================
##[Voxel Mapper]Iteration 400 keyframe id, used times, remaining times:
0 7 1
1 7 1
2 8 0
3 7 1
4 7 1
7 7 1
9 7 1
10 7 1
11 7 1
12 8 0
13 7 1
14 7 1
15 7 1
16 8 0
17 8 0
18 7 1
19 7 1
20 8 0
21 8 0
22 7 1
23 8 0
24 7 1
25 8 0
26 7 1
27 7 1
28 8 0
29 7 1
30 8 0
31 8 0
32 8 0
33 7 1
34 7 1
35 7 1
36 6 1
37 6 1
38 6 1
39 6 1
40 6 1
41 6 1
42 5 1
43 6 0
44 5 1
45 6 0
46 4 1
47 4 1
48 4 1
49 5 0
50 5 0
51 4 1
52 4 1
53 4 1
54 4 0
55 3 1
56 3 1
57 4 0
58 4 0
59 3 1
60 3 1
61 3 1
62 4 0
63 4 0
64 3 1
65 2 1
66 2 1
67 3 0
68 2 1
69 2 1
70 3 0
71 3 0
72 2 1
73 3 0
74 3 0
75 2 1
##=========================================
##[Voxel Mapper]Iteration 450 keyframe id, used times, remaining times:
0 8 0
1 8 0
2 8 0
3 8 0
4 7 1
7 8 0
9 8 0
10 8 0
11 8 0
12 8 0
13 8 0
14 8 0
15 8 0
16 8 0
17 8 0
18 8 0
19 8 0
20 8 0
21 8 0
22 8 0
23 8 0
24 8 0
25 8 0
26 8 0
27 8 0
28 8 0
29 8 0
30 8 0
31 8 0
32 8 0
33 8 0
34 7 1
35 8 0
36 7 0
37 7 0
38 7 0
39 7 0
40 7 0
41 7 0
42 6 0
43 6 0
44 5 1
45 6 0
46 5 0
47 5 0
48 5 0
49 5 0
50 5 0
51 5 0
52 5 0
53 5 0
54 4 0
55 4 0
56 4 0
57 4 0
58 4 0
59 4 0
60 4 0
61 4 0
62 4 0
63 4 0
64 4 0
65 3 0
66 3 0
67 3 0
68 3 0
69 3 0
70 3 0
71 3 0
72 3 0
73 3 0
74 3 0
75 3 0
76 2 0
77 1 1
78 1 1
79 1 1
80 1 1
##=========================================
##[Voxel Mapper]Iteration 500 keyframe id, used times, remaining times:
0 8 1
1 8 1
2 8 1
3 9 0
4 8 1
7 9 0
9 8 1
10 9 0
11 8 1
12 9 0
13 9 0
14 8 1
15 9 0
16 9 0
17 9 0
18 9 0
19 8 1
20 8 1
21 9 0
22 9 0
23 8 1
24 8 1
25 9 0
26 8 1
27 8 1
28 9 0
29 8 1
30 9 0
31 8 1
32 8 1
33 8 1
34 9 0
35 9 0
36 7 1
37 7 1
38 7 1
39 8 0
40 8 0
41 8 0
42 6 1
43 7 0
44 6 1
45 6 1
46 6 0
47 5 1
48 6 0
49 6 0
50 5 1
51 5 1
52 6 0
53 6 0
54 4 1
55 5 0
56 5 0
57 4 1
58 5 0
59 5 0
60 4 1
61 5 0
62 5 0
63 5 0
64 4 1
65 3 1
66 3 1
67 4 0
68 4 0
69 4 0
70 4 0
71 4 0
72 3 1
73 3 1
74 3 1
75 3 1
76 3 0
77 2 1
78 2 1
79 3 0
80 2 1
81 3 0
82 1 1
##=========================================
##[Voxel Mapper]Iteration 550 keyframe id, used times, remaining times:
0 9 0
1 9 0
2 9 0
3 9 0
4 9 0
7 9 0
9 9 0
10 9 0
11 9 0
12 9 0
13 9 0
14 9 0
15 9 0
16 9 0
17 9 0
18 9 0
19 9 0
20 9 0
21 9 0
22 9 0
23 9 0
24 9 0
25 9 0
26 9 0
27 9 0
28 9 0
29 9 0
30 9 0
31 9 0
32 9 0
33 9 0
34 9 0
35 9 0
36 7 1
37 8 0
38 8 0
39 8 0
40 8 0
41 8 0
42 7 0
43 7 0
44 7 0
45 7 0
46 6 0
47 6 0
48 6 0
49 6 0
50 6 0
51 6 0
52 6 0
53 6 0
54 5 0
55 5 0
56 5 0
57 5 0
58 5 0
59 5 0
60 5 0
61 5 0
62 5 0
63 5 0
64 5 0
65 4 0
66 4 0
67 4 0
68 4 0
69 4 0
70 4 0
71 4 0
72 4 0
73 4 0
74 4 0
75 4 0
76 3 0
77 3 0
78 3 0
79 3 0
80 3 0
81 3 0
82 2 0
83 2 0
84 2 0
85 2 0
86 2 0
87 2 0
88 1 1
##=========================================
##[Voxel Mapper]Iteration 600 keyframe id, used times, remaining times:
0 10 0
1 10 0
2 9 1
3 10 0
4 10 0
7 10 0
9 10 0
10 10 0
11 9 1
12 10 0
13 10 0
14 9 1
15 10 0
16 9 1
17 10 0
18 10 0
19 10 0
20 10 0
21 9 1
22 10 0
23 10 0
24 9 1
25 10 0
26 10 0
27 9 1
28 10 0
29 10 0
30 10 0
31 9 1
32 10 0
33 9 1
34 9 1
35 10 0
36 8 1
37 8 1
38 9 0
39 9 0
40 9 0
41 9 0
42 7 1
43 8 0
44 8 0
45 7 1
46 6 1
47 6 1
48 7 0
49 6 1
50 7 0
51 7 0
52 6 1
53 6 1
54 6 0
55 5 1
56 5 1
57 5 1
58 5 1
59 5 1
60 5 1
61 6 0
62 6 0
63 5 1
64 5 1
65 5 0
66 4 1
67 4 1
68 5 0
69 4 1
70 5 0
71 4 1
72 5 0
73 5 0
74 4 1
75 4 1
76 4 0
77 4 0
78 4 0
79 4 0
80 4 0
81 3 1
82 2 1
83 2 1
84 2 1
85 2 1
86 3 0
87 2 1
88 3 0
89 1 1
##=========================================
##[Voxel Mapper]Iteration 650 keyframe id, used times, remaining times:
0 10 0
1 10 0
2 10 0
3 10 0
4 10 0
7 10 0
9 10 0
10 10 0
11 10 0
12 10 0
13 10 0
14 10 0
15 10 0
16 10 0
17 10 0
18 10 0
19 10 0
20 10 0
21 10 0
22 10 0
23 10 0
24 10 0
25 10 0
26 10 0
27 10 0
28 10 0
29 10 0
30 10 0
31 10 0
32 10 0
33 10 0
34 10 0
35 10 0
36 9 0
37 9 0
38 9 0
39 9 0
40 9 0
41 9 0
42 8 0
43 8 0
44 8 0
45 8 0
46 7 0
47 7 0
48 7 0
49 7 0
50 7 0
51 7 0
52 7 0
53 7 0
54 6 0
55 6 0
56 6 0
57 6 0
58 6 0
59 6 0
60 6 0
61 6 0
62 6 0
63 6 0
64 6 0
65 5 0
66 5 0
67 5 0
68 5 0
69 5 0
70 5 0
71 5 0
72 5 0
73 5 0
74 5 0
75 5 0
76 4 0
77 4 0
78 4 0
79 4 0
80 4 0
81 4 0
82 3 0
83 3 0
84 3 0
85 3 0
86 3 0
87 3 0
88 3 0
89 1 1
90 2 0
91 2 0
92 2 0
93 2 0
94 1 1
95 1 1
96 1 1
##=========================================
##[Voxel Mapper]Iteration 700 keyframe id, used times, remaining times:
0 10 1
1 11 0
2 10 1
3 11 0
4 11 0
7 10 1
9 10 1
10 10 1
11 11 0
12 11 0
13 10 1
14 10 1
15 10 1
16 11 0
17 10 1
18 11 0
19 10 1
20 11 0
21 11 0
22 11 0
23 11 0
24 11 0
25 10 1
26 10 1
27 11 0
28 11 0
29 11 0
30 11 0
31 10 1
32 11 0
33 11 0
34 10 1
35 11 0
36 9 1
37 10 0
38 10 0
39 9 1
40 10 0
41 9 1
42 9 0
43 8 1
44 8 1
45 8 1
46 7 1
47 7 1
48 7 1
49 7 1
50 7 1
51 8 0
52 8 0
53 7 1
54 6 1
55 7 0
56 7 0
57 7 0
58 7 0
59 7 0
60 7 0
61 6 1
62 6 1
63 6 1
64 7 0
65 6 0
66 6 0
67 5 1
68 6 0
69 6 0
70 5 1
71 5 1
72 6 0
73 6 0
74 5 1
75 6 0
76 4 1
77 4 1
78 4 1
79 5 0
80 4 1
81 5 0
82 3 1
83 3 1
84 4 0
85 4 0
86 4 0
87 3 1
88 3 1
89 2 1
90 3 0
91 2 1
92 2 1
93 2 1
94 2 1
95 2 1
96 3 0
##=========================================
##[Voxel Mapper]Iteration 750 keyframe id, used times, remaining times:
0 11 0
1 11 0
2 11 0
3 11 0
4 11 0
7 11 0
9 11 0
10 11 0
11 11 0
12 11 0
13 11 0
14 11 0
15 11 0
16 11 0
17 11 0
18 11 0
19 11 0
20 11 0
21 11 0
22 11 0
23 11 0
24 11 0
25 11 0
26 11 0
27 11 0
28 11 0
29 11 0
30 11 0
31 11 0
32 11 0
33 11 0
34 11 0
35 11 0
36 10 0
37 10 0
38 10 0
39 10 0
40 10 0
41 10 0
42 9 0
43 9 0
44 9 0
45 9 0
46 8 0
47 8 0
48 8 0
49 8 0
50 8 0
51 8 0
52 8 0
53 8 0
54 7 0
55 7 0
56 7 0
57 7 0
58 7 0
59 7 0
60 7 0
61 7 0
62 7 0
63 7 0
64 7 0
65 6 0
66 6 0
67 6 0
68 6 0
69 6 0
70 6 0
71 6 0
72 6 0
73 6 0
74 6 0
75 6 0
76 5 0
77 5 0
78 5 0
79 5 0
80 5 0
81 5 0
82 4 0
83 4 0
84 4 0
85 4 0
86 4 0
87 4 0
88 4 0
89 3 0
90 3 0
91 3 0
92 3 0
93 3 0
94 3 0
95 3 0
96 3 0
97 1 1
98 1 1
##=========================================
##[Voxel Mapper]Iteration 50 keyframe id, used times, remaining times:
0 1 1
1 2 0
2 1 1
3 2 0
4 1 1
5 2 0
10 2 0
11 2 0
12 2 0
13 1 1
14 2 0
15 2 0
16 2 0
17 2 0
18 2 0
19 2 0
20 2 0
21 2 0
22 1 1
23 2 0
24 2 0
25 2 0
26 2 0
27 2 0
28 2 0
30 2 0
31 2 0
32 1 1
##=========================================
##[Voxel Mapper]Iteration 100 keyframe id, used times, remaining times:
0 3 0
1 2 1
2 3 0
3 3 0
4 3 0
5 3 0
10 3 0
11 3 0
12 3 0
13 3 0
14 3 0
15 2 1
16 3 0
17 3 0
18 3 0
19 3 0
20 2 1
21 3 0
22 3 0
23 2 1
24 3 0
25 3 0
26 2 1
27 3 0
28 3 0
29 3 0
30 3 0
31 3 0
32 3 0
33 3 0
34 3 0
35 3 0
36 3 0
38 2 0
39 2 0
41 1 1
42 1 1
##=========================================
##[Voxel Mapper]Iteration 150 keyframe id, used times, remaining times:
0 3 1
1 4 0
2 4 0
3 4 0
4 4 0
5 3 1
10 4 0
11 4 0
12 4 0
13 4 0
14 4 0
15 4 0
16 4 0
17 4 0
18 3 1
19 4 0
20 4 0
21 3 1
22 4 0
23 3 1
24 4 0
25 4 0
26 4 0
27 4 0
28 4 0
29 4 0
30 3 1
31 4 0
32 3 1
33 4 0
34 3 1
35 4 0
36 3 1
37 2 1
38 3 0
39 3 0
40 2 1
41 2 1
42 3 0
43 3 0
44 3 0
45 1 1
46 2 0
47 1 1
49 1 1
50 1 1
##=========================================
##[Voxel Mapper]Iteration 200 keyframe id, used times, remaining times:
0 4 1
1 4 1
2 4 1
3 4 1
4 4 1
5 4 1
10 5 0
11 4 1
12 5 0
13 4 1
14 4 1
15 4 1
16 5 0
17 4 1
18 4 1
19 5 0
20 4 1
21 4 1
22 4 1
23 4 1
24 4 1
25 4 1
26 4 1
27 4 1
28 4 1
29 4 1
30 4 1
31 4 1
32 4 1
33 4 1
34 5 0
35 4 1
36 4 1
37 3 1
38 3 1
39 3 1
40 4 0
41 3 1
42 4 0
43 3 1
44 3 1
45 2 1
46 3 0
47 2 1
48 2 1
49 2 1
50 3 0
51 3 0
52 3 0
53 2 1
54 2 1
55 3 0
56 2 1
57 2 1
58 3 0
59 2 1
60 1 1
##=========================================
##[Voxel Mapper]Iteration 250 keyframe id, used times, remaining times:
0 5 0
1 5 0
2 5 0
3 5 0
4 5 0
5 5 0
10 5 0
11 5 0
12 5 0
13 5 0
14 5 0
15 5 0
16 5 0
17 5 0
18 5 0
19 5 0
20 5 0
21 5 0
22 4 1
23 5 0
24 5 0
25 5 0
26 5 0
27 5 0
28 5 0
29 4 1
30 4 1
31 4 1
32 5 0
33 5 0
34 5 0
35 5 0
36 5 0
37 4 0
38 4 0
39 4 0
40 4 0
41 4 0
42 4 0
43 4 0
44 4 0
45 3 0
46 3 0
47 3 0
48 3 0
49 2 1
50 3 0
51 3 0
52 3 0
53 3 0
54 3 0
55 3 0
56 3 0
57 2 1
58 3 0
59 3 0
60 2 0
62 2 0
63 2 0
64 2 0
65 2 0
66 2 0
68 1 1
72 1 1
##=========================================
##[Voxel Mapper]Iteration 300 keyframe id, used times, remaining times:
0 5 1
1 6 0
2 6 0
3 6 0
4 5 1
5 5 1
10 5 1
11 5 1
12 5 1
13 5 1
14 5 1
15 6 0
16 5 1
17 5 1
18 5 1
19 5 1
20 5 1
21 6 0
22 5 1
23 6 0
24 6 0
25 6 0
26 5 1
27 6 0
28 5 1
29 6 0
30 5 1
31 6 0
32 5 1
33 6 0
34 5 1
35 5 1
36 5 1
37 5 0
38 5 0
39 4 1
40 4 1
41 4 1
42 4 1
43 4 1
44 4 1
45 3 1
46 4 0
47 3 1
48 3 1
49 3 1
50 3 1
51 4 0
52 3 1
53 3 1
54 4 0
55 3 1
56 3 1
57 4 0
58 3 1
59 3 1
60 3 0
61 2 1
62 2 1
63 2 1
64 3 0
65 2 1
66 2 1
67 3 0
68 3 0
69 2 1
70 2 1
71 3 0
72 3 0
73 2 1
74 2 1
75 2 1
76 2 1
##=========================================
##[Voxel Mapper]Iteration 350 keyframe id, used times, remaining times:
0 6 0
1 6 0
2 6 0
3 6 0
4 5 1
5 6 0
10 6 0
11 6 0
12 6 0
13 6 0
14 6 0
15 6 0
16 6 0
17 6 0
18 6 0
19 6 0
20 6 0
21 6 0
22 6 0
23 6 0
24 6 0
25 6 0
26 6 0
27 6 0
28 6 0
29 6 0
30 6 0
31 6 0
32 5 1
33 6 0
34 6 0
35 6 0
36 6 0
37 5 0
38 5 0
39 5 0
40 5 0
41 4 1
42 4 1
43 5 0
44 5 0
45 4 0
46 4 0
47 4 0
48 4 0
49 4 0
50 4 0
51 4 0
52 4 0
53 4 0
54 4 0
55 3 1
56 4 0
57 4 0
58 3 1
59 4 0
60 3 0
61 3 0
62 2 1
63 3 0
64 3 0
65 3 0
66 3 0
67 3 0
68 3 0
69 3 0
70 3 0
71 3 0
72 3 0
73 3 0
74 3 0
75 3 0
76 3 0
77 2 0
78 2 0
80 2 0
81 1 1
82 1 1
##=========================================
##[Voxel Mapper]Iteration 400 keyframe id, used times, remaining times:
0 6 1
1 7 0
2 7 0
3 6 1
4 7 0
5 6 1
10 6 1
11 7 0
12 7 0
13 7 0
14 7 0
15 6 1
16 6 1
17 6 1
18 6 1
19 7 0
20 6 1
21 7 0
22 7 0
23 6 1
24 7 0
25 7 0
26 6 1
27 7 0
28 6 1
29 6 1
30 6 1
31 6 1
32 6 1
33 6 1
34 7 0
35 6 1
36 7 0
37 6 0
38 5 1
39 6 0
40 5 1
41 5 1
42 5 1
43 5 1
44 5 1
45 5 0
46 4 1
47 5 0
48 4 1
49 4 1
50 4 1
51 5 0
52 5 0
53 4 1
54 5 0
55 4 1
56 4 1
57 4 1
58 4 1
59 4 1
60 3 1
61 3 1
62 3 1
63 3 1
64 4 0
65 3 1
66 4 0
67 3 1
68 4 0
69 3 1
70 4 0
71 3 1
72 3 1
73 4 0
74 4 0
75 3 1
76 4 0
77 2 1
78 3 0
79 3 0
80 3 0
81 3 0
82 2 1
83 3 0
84 3 0
##=========================================
##[Voxel Mapper]Iteration 450 keyframe id, used times, remaining times:
0 7 0
1 7 0
2 7 0
3 7 0
4 7 0
5 7 0
10 6 1
11 7 0
12 7 0
13 7 0
14 7 0
15 7 0
16 7 0
17 7 0
18 7 0
19 7 0
20 7 0
21 7 0
22 7 0
23 7 0
24 7 0
25 7 0
26 7 0
27 7 0
28 7 0
29 7 0
30 7 0
31 7 0
32 7 0
33 7 0
34 7 0
35 6 1
36 7 0
37 6 0
38 6 0
39 6 0
40 6 0
41 6 0
42 5 1
43 6 0
44 6 0
45 5 0
46 5 0
47 5 0
48 5 0
49 5 0
50 5 0
51 5 0
52 5 0
53 5 0
54 5 0
55 5 0
56 5 0
57 5 0
58 4 1
59 4 1
60 4 0
61 4 0
62 4 0
63 4 0
64 4 0
65 4 0
66 4 0
67 4 0
68 4 0
69 4 0
70 4 0
71 4 0
72 4 0
73 4 0
74 4 0
75 4 0
76 4 0
77 3 0
78 3 0
79 3 0
80 3 0
81 3 0
82 3 0
83 3 0
84 3 0
85 1 1
87 2 0
88 2 0
89 1 1
90 2 0
91 1 1
##=========================================
##[Voxel Mapper]Iteration 500 keyframe id, used times, remaining times:
0 7 1
1 7 1
2 7 1
3 7 1
4 7 1
5 8 0
10 7 1
11 8 0
12 7 1
13 8 0
14 7 1
15 7 1
16 7 1
17 7 1
18 7 1
19 8 0
20 7 1
21 7 1
22 8 0
23 8 0
24 7 1
25 7 1
26 7 1
27 7 1
28 8 0
29 8 0
30 7 1
31 7 1
32 7 1
33 7 1
34 8 0
35 8 0
36 7 1
37 6 1
38 7 0
39 7 0
40 6 1
41 6 1
42 6 1
43 6 1
44 6 1
45 5 1
46 5 1
47 5 1
48 5 1
49 6 0
50 5 1
51 6 0
52 6 0
53 5 1
54 5 1
55 5 1
56 6 0
57 6 0
58 6 0
59 5 1
60 4 1
61 5 0
62 4 1
63 4 1
64 4 1
65 4 1
66 4 1
67 4 1
68 4 1
69 5 0
70 4 1
71 4 1
72 4 1
73 5 0
74 4 1
75 5 0
76 4 1
77 3 1
78 3 1
79 3 1
80 3 1
81 3 1
82 3 1
83 3 1
84 4 0
85 2 1
86 3 0
87 3 0
88 3 0
89 2 1
90 3 0
91 3 0
92 2 1
93 2 1
94 3 0
95 3 0
97 1 1
98 1 1
##=========================================
##[Voxel Mapper]Iteration 550 keyframe id, used times, remaining times:
0 8 0
1 8 0
2 8 0
3 7 1
4 8 0
5 8 0
10 8 0
11 8 0
12 8 0
13 8 0
14 8 0
15 8 0
16 8 0
17 8 0
18 8 0
19 8 0
20 8 0
21 7 1
22 8 0
23 8 0
24 8 0
25 8 0
26 8 0
27 7 1
28 8 0
29 8 0
30 8 0
31 7 1
32 7 1
33 8 0
34 8 0
35 8 0
36 7 1
37 7 0
38 7 0
39 7 0
40 7 0
41 7 0
42 7 0
43 7 0
44 6 1
45 6 0
46 5 1
47 5 1
48 6 0
49 6 0
50 5 1
51 6 0
52 6 0
53 6 0
54 6 0
55 5 1
56 6 0
57 6 0
58 6 0
59 6 0
60 4 1
61 5 0
62 4 1
63 5 0
64 5 0
65 5 0
66 5 0
67 4 1
68 5 0
69 5 0
70 5 0
71 5 0
72 5 0
73 5 0
74 5 0
75 5 0
76 5 0
77 3 1
78 4 0
79 3 1
80 4 0
81 4 0
82 3 1
83 3 1
84 4 0
85 3 0
86 3 0
87 3 0
88 3 0
89 3 0
90 3 0
91 3 0
92 3 0
93 3 0
94 3 0
95 3 0
96 2 0
97 2 0
98 1 1
99 1 1
100 1 1
101 1 1
##=========================================
##[Voxel Mapper]Iteration 600 keyframe id, used times, remaining times:
0 9 0
1 8 1
2 8 1
3 8 1
4 8 1
5 8 1
10 9 0
11 8 1
12 8 1
13 8 1
14 8 1
15 9 0
16 8 1
17 8 1
18 8 1
19 8 1
20 9 0
21 8 1
22 8 1
23 8 1
24 8 1
25 9 0
26 9 0
27 8 1
28 8 1
29 8 1
30 8 1
31 8 1
32 8 1
33 8 1
34 8 1
35 9 0
36 8 1
37 7 1
38 7 1
39 7 1
40 7 1
41 7 1
42 7 1
43 7 1
44 8 0
45 7 0
46 7 0
47 7 0
48 7 0
49 7 0
50 6 1
51 7 0
52 7 0
53 6 1
54 7 0
55 7 0
56 7 0
57 6 1
58 6 1
59 6 1
60 5 1
61 5 1
62 5 1
63 5 1
64 5 1
65 5 1
66 5 1
67 5 1
68 5 1
69 5 1
70 6 0
71 5 1
72 5 1
73 5 1
74 5 1
75 5 1
76 5 1
77 5 0
78 4 1
79 4 1
80 4 1
81 4 1
82 4 1
83 4 1
84 4 1
85 3 1
86 4 0
87 3 1
88 3 1
89 3 1
90 3 1
91 3 1
92 3 1
93 3 1
94 3 1
95 3 1
96 3 0
97 3 0
98 2 1
99 3 0
100 2 1
101 3 0
102 3 0
##=========================================
##[Voxel Mapper]Iteration 650 keyframe id, used times, remaining times:
0 9 0
1 9 0
2 8 1
3 9 0
4 9 0
5 9 0
10 9 0
11 8 1
12 9 0
13 9 0
14 8 1
15 9 0
16 8 1
17 9 0
18 9 0
19 9 0
20 9 0
21 9 0
22 8 1
23 9 0
24 8 1
25 9 0
26 9 0
27 8 1
28 9 0
29 8 1
30 9 0
31 9 0
32 9 0
33 8 1
34 9 0
35 9 0
36 9 0
37 7 1
38 8 0
39 8 0
40 8 0
41 8 0
42 8 0
43 8 0
44 8 0
45 7 0
46 7 0
47 7 0
48 7 0
49 7 0
50 7 0
51 7 0
52 7 0
53 7 0
54 7 0
55 7 0
56 7 0
57 7 0
58 6 1
59 7 0
60 6 0
61 5 1
62 6 0
63 5 1
64 5 1
65 6 0
66 6 0
67 6 0
68 6 0
69 6 0
70 6 0
71 5 1
72 6 0
73 5 1
74 6 0
75 5 1
76 6 0
77 5 0
78 4 1
79 5 0
80 5 0
81 5 0
82 5 0
83 5 0
84 5 0
85 3 1
86 4 0
87 4 0
88 4 0
89 4 0
90 3 1
91 3 1
92 3 1
93 4 0
94 3 1
95 4 0
96 3 0
97 3 0
98 3 0
99 3 0
100 3 0
101 3 0
102 3 0
##=========================================
##[Voxel Mapper]Iteration 50 keyframe id, used times, remaining times:
0 2 0
1 2 0
2 2 0
3 2 0
5 2 0
6 2 0
9 2 0
10 2 0
11 2 0
13 2 0
14 2 0
15 2 0
16 2 0
17 1 1
18 1 1
19 2 0
20 2 0
21 2 0
22 1 1
23 2 0
24 2 0
25 1 1
26 2 0
28 2 0
29 2 0
30 2 0
31 1 1
35 1 1
##=========================================
##[Voxel Mapper]Iteration 100 keyframe id, used times, remaining times:
0 3 0
1 3 0
2 2 1
3 2 1
5 3 0
6 3 0
9 3 0
10 3 0
11 3 0
12 3 0
13 2 1
14 3 0
15 3 0
16 3 0
17 3 0
18 2 1
19 3 0
20 2 1
21 3 0
22 2 1
23 3 0
24 3 0
25 2 1
26 3 0
27 2 1
28 3 0
29 2 1
30 3 0
31 2 1
32 2 1
33 3 0
34 2 1
35 2 1
36 3 0
37 3 0
38 2 1
39 2 1
40 3 0
41 1 1
##=========================================
##[Voxel Mapper]Iteration 150 keyframe id, used times, remaining times:
0 4 0
1 3 1
2 3 1
3 3 1
5 3 1
6 3 1
9 4 0
10 3 1
11 4 0
12 3 1
13 4 0
14 3 1
15 4 0
16 3 1
17 3 1
18 3 1
19 3 1
20 4 0
21 4 0
22 4 0
23 4 0
24 3 1
25 4 0
26 3 1
27 4 0
28 3 1
29 3 1
30 4 0
31 3 1
32 3 1
33 3 1
34 3 1
35 3 1
36 3 1
37 3 1
38 4 0
39 4 0
40 4 0
41 3 0
42 2 1
43 2 1
44 2 1
45 2 1
46 2 1
47 2 1
48 3 0
49 1 1
50 2 0
##=========================================
##[Voxel Mapper]Iteration 200 keyframe id, used times, remaining times:
0 4 0
1 4 0
2 4 0
3 4 0
5 4 0
6 4 0
9 4 0
10 4 0
11 4 0
12 4 0
13 4 0
14 4 0
15 4 0
16 4 0
17 4 0
18 4 0
19 4 0
20 4 0
21 4 0
22 4 0
23 4 0
24 4 0
25 4 0
26 4 0
27 4 0
28 4 0
29 4 0
30 4 0
31 4 0
32 4 0
33 4 0
34 4 0
35 4 0
36 4 0
37 4 0
38 4 0
39 4 0
40 4 0
41 3 0
42 3 0
43 3 0
44 3 0
45 3 0
46 3 0
47 3 0
48 3 0
49 2 0
50 2 0
51 2 0
52 2 0
53 2 0
54 2 0
55 1 1
56 2 0
57 2 0
58 2 0
59 2 0
61 2 0
63 1 1
##=========================================
##[Voxel Mapper]Iteration 250 keyframe id, used times, remaining times:
0 5 0
1 5 0
2 4 1
3 5 0
5 5 0
6 5 0
9 5 0
10 5 0
11 4 1
12 5 0
13 5 0
14 5 0
15 4 1
16 5 0
17 5 0
18 5 0
19 4 1
20 5 0
21 4 1
22 5 0
23 4 1
24 4 1
25 5 0
26 4 1
27 4 1
28 5 0
29 4 1
30 4 1
31 5 0
32 5 0
33 4 1
34 5 0
35 5 0
36 5 0
37 4 1
38 5 0
39 5 0
40 5 0
41 3 1
42 4 0
43 3 1
44 3 1
45 4 0
46 4 0
47 3 1
48 3 1
49 3 0
50 3 0
51 2 1
52 3 0
53 2 1
54 3 0
55 2 1
56 3 0
57 3 0
58 3 0
59 3 0
60 2 1
61 3 0
62 3 0
63 3 0
64 3 0
68 2 0
##=========================================
##[Voxel Mapper]Iteration 300 keyframe id, used times, remaining times:
0 5 0
1 5 0
2 5 0
3 5 0
5 5 0
6 5 0
9 5 0
10 5 0
11 5 0
12 5 0
13 5 0
14 5 0
15 5 0
16 5 0
17 5 0
18 5 0
19 5 0
20 5 0
21 5 0
22 5 0
23 5 0
24 5 0
25 5 0
26 5 0
27 5 0
28 5 0
29 5 0
30 5 0
31 5 0
32 5 0
33 5 0
34 5 0
35 5 0
36 5 0
37 5 0
38 5 0
39 5 0
40 5 0
41 4 0
42 4 0
43 4 0
44 4 0
45 4 0
46 4 0
47 4 0
48 4 0
49 3 0
50 3 0
51 3 0
52 3 0
53 3 0
54 3 0
55 3 0
56 3 0
57 3 0
58 3 0
59 3 0
60 3 0
61 3 0
62 3 0
63 3 0
64 3 0
65 2 0
66 2 0
67 2 0
68 2 0
69 2 0
70 2 0
71 1 1
72 2 0
73 2 0
74 2 0
75 2 0
76 2 0
77 2 0
78 2 0
79 2 0
80 1 1
##=========================================
##[Voxel Mapper]Iteration 350 keyframe id, used times, remaining times:
0 6 0
1 6 0
2 5 1
3 6 0
5 6 0
6 6 0
9 6 0
10 6 0
11 5 1
12 6 0
13 5 1
14 5 1
15 5 1
16 6 0
17 6 0
18 5 1
19 6 0
20 5 1
21 6 0
22 6 0
23 5 1
24 5 1
25 6 0
26 6 0
27 6 0
28 6 0
29 6 0
30 6 0
31 5 1
32 5 1
33 5 1
34 5 1
35 6 0
36 5 1
37 6 0
38 6 0
39 5 1
40 5 1
41 4 1
42 4 1
43 4 1
44 5 0
45 5 0
46 5 0
47 5 0
48 4 1
49 4 0
50 4 0
51 3 1
52 3 1
53 4 0
54 4 0
55 3 1
56 3 1
57 3 1
58 4 0
59 4 0
60 4 0
61 3 1
62 4 0
63 4 0
64 4 0
65 3 0
66 3 0
67 2 1
68 3 0
69 3 0
70 2 1
71 2 1
72 3 0
73 3 0
74 2 1
75 2 1
76 3 0
77 2 1
78 3 0
79 3 0
80 3 0
81 1 1
83 1 1
##=========================================
##[Voxel Mapper]Iteration 50 keyframe id, used times, remaining times:
0 2 0
1 2 0
3 2 0
4 2 0
5 2 0
7 2 0
10 2 0
11 1 1
12 2 0
13 2 0
14 2 0
15 2 0
16 2 0
17 1 1
18 1 1
19 2 0
20 2 0
21 2 0
22 1 1
23 2 0
24 2 0
25 2 0
26 2 0
28 2 0
29 2 0
30 2 0
31 1 1
33 1 1
##=========================================
##[Voxel Mapper]Iteration 100 keyframe id, used times, remaining times:
0 3 0
1 3 0
2 2 1
3 3 0
4 2 1
5 3 0
7 2 1
10 3 0
11 2 1
12 3 0
13 3 0
14 3 0
15 3 0
16 3 0
17 3 0
18 2 1
19 3 0
20 3 0
21 2 1
22 2 1
23 3 0
24 3 0
25 2 1
26 3 0
27 3 0
28 2 1
29 2 1
30 3 0
31 2 1
32 3 0
33 2 1
34 3 0
35 3 0
36 3 0
37 3 0
38 3 0
39 1 1
40 2 0
41 1 1
##=========================================
##[Voxel Mapper]Iteration 150 keyframe id, used times, remaining times:
0 4 0
1 3 1
2 4 0
3 4 0
4 3 1
5 3 1
7 4 0
10 4 0
11 4 0
12 3 1
13 4 0
14 4 0
15 3 1
16 3 1
17 4 0
18 3 1
19 3 1
20 4 0
21 4 0
22 4 0
23 4 0
24 4 0
25 4 0
26 3 1
27 3 1
28 3 1
29 4 0
30 4 0
31 3 1
32 3 1
33 4 0
34 3 1
35 4 0
36 4 0
37 3 1
38 4 0
39 3 0
40 2 1
41 2 1
42 2 1
43 3 0
44 2 1
45 2 1
46 2 1
47 3 0
##=========================================
##[Voxel Mapper]Iteration 200 keyframe id, used times, remaining times:
0 4 0
1 4 0
2 4 0
3 4 0
4 4 0
5 4 0
7 4 0
10 4 0
11 4 0
12 4 0
13 4 0
14 4 0
15 4 0
16 4 0
17 4 0
18 4 0
19 4 0
20 4 0
21 4 0
22 4 0
23 4 0
24 4 0
25 4 0
26 4 0
27 4 0
28 4 0
29 4 0
30 4 0
31 4 0
32 4 0
33 4 0
34 4 0
35 4 0
36 4 0
37 4 0
38 4 0
39 3 0
40 3 0
41 3 0
42 3 0
43 3 0
44 3 0
45 3 0
46 3 0
47 3 0
48 2 0
49 2 0
50 2 0
51 2 0
52 2 0
53 2 0
54 2 0
55 2 0
56 2 0
57 2 0
58 2 0
59 2 0
60 1 1
61 2 0
62 1 1
63 1 1
##=========================================
##[Voxel Mapper]Iteration 250 keyframe id, used times, remaining times:
0 4 1
1 5 0
2 4 1
3 5 0
4 5 0
5 5 0
7 5 0
10 5 0
11 5 0
12 5 0
13 5 0
14 4 1
15 5 0
16 4 1
17 5 0
18 4 1
19 5 0
20 5 0
21 5 0
22 5 0
23 4 1
24 5 0
25 4 1
26 5 0
27 5 0
28 5 0
29 5 0
30 4 1
31 4 1
32 5 0
33 4 1
34 5 0
35 5 0
36 5 0
37 5 0
38 4 1
39 4 0
40 3 1
41 3 1
42 4 0
43 3 1
44 4 0
45 3 1
46 3 1
47 4 0
48 3 0
49 2 1
50 3 0
51 2 1
52 3 0
53 2 1
54 2 1
55 3 0
56 2 1
57 2 1
58 3 0
59 3 0
60 3 0
61 2 1
62 3 0
63 3 0
64 3 0
65 2 0
66 1 1
69 1 1
72 2 0
##=========================================
##[Voxel Mapper]Iteration 300 keyframe id, used times, remaining times:
0 5 1
1 5 1
2 5 1
3 5 1
4 5 1
5 5 1
7 5 1
10 5 1
11 5 1
12 5 1
13 5 1
14 5 1
15 5 1
16 5 1
17 5 1
18 5 1
19 5 1
20 5 1
21 5 1
22 5 1
23 5 1
24 5 1
25 5 1
26 5 1
27 5 1
28 5 1
29 5 1
30 5 1
31 5 1
32 5 1
33 5 1
34 5 1
35 5 1
36 5 1
37 5 1
38 5 1
39 4 1
40 4 1
41 4 1
42 4 1
43 4 1
44 4 1
45 4 1
46 4 1
47 4 1
48 3 1
49 3 1
50 3 1
51 3 1
52 3 1
53 3 1
54 3 1
55 3 1
56 3 1
57 3 1
58 3 1
59 3 1
60 3 1
61 3 1
62 3 1
63 3 1
64 3 1
65 2 1
66 2 1
67 2 1
68 2 1
69 2 1
70 2 1
71 2 1
72 2 1
73 2 1
74 2 1
75 2 1
76 2 1
77 2 1
78 2 1
79 2 1
80 3 0
##=========================================
##[Voxel Mapper]Iteration 350 keyframe id, used times, remaining times:
0 6 0
1 5 1
2 6 0
3 6 0
4 5 1
5 6 0
7 6 0
10 5 1
11 6 0
12 5 1
13 6 0
14 6 0
15 6 0
16 6 0
17 6 0
18 6 0
19 6 0
20 6 0
21 6 0
22 6 0
23 5 1
24 6 0
25 5 1
26 6 0
27 6 0
28 6 0
29 5 1
30 5 1
31 5 1
32 6 0
33 5 1
34 6 0
35 6 0
36 5 1
37 6 0
38 6 0
39 5 0
40 5 0
41 4 1
42 5 0
43 5 0
44 5 0
45 4 1
46 5 0
47 5 0
48 4 0
49 4 0
50 4 0
51 3 1
52 3 1
53 4 0
54 3 1
55 4 0
56 3 1
57 4 0
58 3 1
59 4 0
60 3 1
61 4 0
62 3 1
63 4 0
64 3 1
65 2 1
66 3 0
67 2 1
68 2 1
69 3 0
70 2 1
71 2 1
72 3 0
73 3 0
74 2 1
75 3 0
76 3 0
77 3 0
78 2 1
79 2 1
80 3 0
81 1 1
84 1 1
##=========================================
##[Voxel Mapper]Iteration 400 keyframe id, used times, remaining times:
0 6 1
1 6 1
2 6 1
3 6 1
4 6 1
5 6 1
7 6 1
10 6 1
11 6 1
12 6 1
13 6 1
14 6 1
15 6 1
16 6 1
17 6 1
18 6 1
19 6 1
20 6 1
21 6 1
22 6 1
23 6 1
24 6 1
25 6 1
26 6 1
27 6 1
28 6 1
29 6 1
30 6 1
31 6 1
32 6 1
33 6 1
34 6 1
35 6 1
36 6 1
37 7 0
38 6 1
39 5 1
40 5 1
41 5 1
42 5 1
43 5 1
44 5 1
45 5 1
46 5 1
47 5 1
48 4 1
49 4 1
50 4 1
51 5 0
52 4 1
53 4 1
54 4 1
55 4 1
56 4 1
57 5 0
58 4 1
59 4 1
60 5 0
61 4 1
62 4 1
63 4 1
64 4 1
65 3 1
66 3 1
67 3 1
68 3 1
69 3 1
70 3 1
71 3 1
72 3 1
73 3 1
74 3 1
75 3 1
76 3 1
77 3 1
78 3 1
79 3 1
80 3 1
81 2 1
82 2 1
83 2 1
84 2 1
85 2 1
86 2 1
87 2 1
88 2 1
89 3 0
##=========================================
##[Voxel Mapper]Iteration 450 keyframe id, used times, remaining times:
0 7 0
1 6 1
2 7 0
3 6 1
4 6 1
5 7 0
7 7 0
10 7 0
11 6 1
12 7 0
13 7 0
14 6 1
15 7 0
16 6 1
17 6 1
18 6 1
19 6 1
20 6 1
21 7 0
22 7 0
23 6 1
24 6 1
25 7 0
26 7 0
27 7 0
28 6 1
29 6 1
30 7 0
31 7 0
32 7 0
33 7 0
34 7 0
35 7 0
36 7 0
37 7 0
38 6 1
39 6 0
40 6 0
41 5 1
42 6 0
43 5 1
44 5 1
45 6 0
46 6 0
47 6 0
48 5 0
49 5 0
50 5 0
51 5 0
52 5 0
53 4 1
54 5 0
55 5 0
56 5 0
57 5 0
58 5 0
59 5 0
60 5 0
61 5 0
62 5 0
63 4 1
64 4 1
65 3 1
66 3 1
67 4 0
68 3 1
69 3 1
70 3 1
71 4 0
72 3 1
73 4 0
74 4 0
75 3 1
76 3 1
77 3 1
78 4 0
79 3 1
80 4 0
81 2 1
82 2 1
83 2 1
84 3 0
85 2 1
86 3 0
87 3 0
88 2 1
89 3 0
90 1 1
91 1 1
92 1 1
93 1 1
##=========================================
##[Voxel Mapper]Iteration 500 keyframe id, used times, remaining times:
0 7 0
1 7 0
2 7 0
3 7 0
4 7 0
5 7 0
7 7 0
10 7 0
11 7 0
12 7 0
13 7 0
14 7 0
15 7 0
16 7 0
17 7 0
18 7 0
19 7 0
20 7 0
21 7 0
22 7 0
23 7 0
24 7 0
25 7 0
26 7 0
27 7 0
28 7 0
29 7 0
30 7 0
31 7 0
32 7 0
33 7 0
34 7 0
35 7 0
36 7 0
37 7 0
38 7 0
39 6 0
40 6 0
41 6 0
42 6 0
43 5 1
44 6 0
45 6 0
46 6 0
47 6 0
48 5 0
49 5 0
50 5 0
51 5 0
52 5 0
53 5 0
54 5 0
55 5 0
56 5 0
57 5 0
58 5 0
59 5 0
60 5 0
61 5 0
62 5 0
63 5 0
64 5 0
65 4 0
66 4 0
67 4 0
68 4 0
69 4 0
70 3 1
71 4 0
72 4 0
73 4 0
74 4 0
75 4 0
76 4 0
77 4 0
78 4 0
79 4 0
80 4 0
81 3 0
82 2 1
83 3 0
84 3 0
85 3 0
86 3 0
87 3 0
88 3 0
89 3 0
90 2 0
91 2 0
92 2 0
93 2 0
94 1 1
95 2 0
97 2 0
98 2 0
99 2 0
100 2 0
101 2 0
##=========================================
##[Voxel Mapper]Iteration 550 keyframe id, used times, remaining times:
0 8 0
1 7 1
2 7 1
3 7 1
4 8 0
5 8 0
7 7 1
10 7 1
11 8 0
12 7 1
13 7 1
14 7 1
15 8 0
16 8 0
17 7 1
18 7 1
19 7 1
20 7 1
21 7 1
22 7 1
23 8 0
24 8 0
25 8 0
26 8 0
27 7 1
28 8 0
29 7 1
30 8 0
31 7 1
32 7 1
33 8 0
34 7 1
35 7 1
36 8 0
37 7 1
38 8 0
39 7 0
40 7 0
41 7 0
42 6 1
43 6 1
44 7 0
45 6 1
46 6 1
47 6 1
48 5 1
49 6 0
50 6 0
51 6 0
52 6 0
53 5 1
54 5 1
55 5 1
56 5 1
57 6 0
58 5 1
59 5 1
60 5 1
61 6 0
62 5 1
63 6 0
64 5 1
65 5 0
66 4 1
67 4 1
68 4 1
69 4 1
70 4 1
71 5 0
72 4 1
73 4 1
74 5 0
75 4 1
76 4 1
77 5 0
78 5 0
79 4 1
80 4 1
81 3 1
82 4 0
83 3 1
84 3 1
85 4 0
86 3 1
87 3 1
88 3 1
89 4 0
90 2 1
91 3 0
92 2 1
93 2 1
94 2 1
95 3 0
96 2 1
97 3 0
98 2 1
99 3 0
100 2 1
101 2 1
102 3 0
103 3 0
##=========================================
##[Voxel Mapper]Iteration 600 keyframe id, used times, remaining times:
0 8 0
1 8 0
2 8 0
3 8 0
4 8 0
5 8 0
7 8 0
10 8 0
11 8 0
12 7 1
13 8 0
14 8 0
15 8 0
16 8 0
17 8 0
18 7 1
19 7 1
20 8 0
21 7 1
22 8 0
23 8 0
24 8 0
25 8 0
26 8 0
27 7 1
28 8 0
29 8 0
30 8 0
31 8 0
32 8 0
33 8 0
34 8 0
35 8 0
36 8 0
37 7 1
38 8 0
39 7 0
40 7 0
41 7 0
42 7 0
43 6 1
44 7 0
45 6 1
46 7 0
47 7 0
48 6 0
49 6 0
50 6 0
51 6 0
52 6 0
53 6 0
54 6 0
55 6 0
56 5 1
57 6 0
58 5 1
59 5 1
60 6 0
61 6 0
62 6 0
63 6 0
64 6 0
65 5 0
66 5 0
67 5 0
68 5 0
69 4 1
70 5 0
71 5 0
72 5 0
73 5 0
74 5 0
75 5 0
76 5 0
77 5 0
78 5 0
79 5 0
80 5 0
81 4 0
82 4 0
83 4 0
84 3 1
85 4 0
86 4 0
87 4 0
88 3 1
89 4 0
90 3 0
91 3 0
92 3 0
93 3 0
94 3 0
95 3 0
96 3 0
97 3 0
98 2 1
99 3 0
100 3 0
101 3 0
102 3 0
103 3 0
104 1 1
105 1 1
106 1 1
107 1 1
##=========================================
##[Voxel Mapper]Iteration 650 keyframe id, used times, remaining times:
0 9 0
1 8 1
2 9 0
3 8 1
4 8 1
5 9 0
7 8 1
10 8 1
11 8 1
12 8 1
13 9 0
14 8 1
15 9 0
16 9 0
17 8 1
18 9 0
19 9 0
20 8 1
21 9 0
22 8 1
23 8 1
24 8 1
25 9 0
26 8 1
27 8 1
28 8 1
29 8 1
30 9 0
31 9 0
32 8 1
33 8 1
34 8 1
35 8 1
36 9 0
37 9 0
38 8 1
39 7 1
40 7 1
41 8 0
42 7 1
43 8 0
44 7 1
45 7 1
46 8 0
47 7 1
48 6 1
49 7 0
50 6 1
51 7 0
52 6 1
53 6 1
54 6 1
55 6 1
56 7 0
57 6 1
58 7 0
59 6 1
60 6 1
61 6 1
62 6 1
63 6 1
64 6 1
65 5 1
66 5 1
67 5 1
68 5 1
69 5 1
70 5 1
71 5 1
72 5 1
73 5 1
74 5 1
75 6 0
76 5 1
77 6 0
78 5 1
79 5 1
80 5 1
81 5 0
82 4 1
83 4 1
84 5 0
85 5 0
86 4 1
87 4 1
88 5 0
89 5 0
90 3 1
91 3 1
92 3 1
93 3 1
94 3 1
95 3 1
96 3 1
97 3 1
98 3 1
99 3 1
100 4 0
101 3 1
102 4 0
103 3 1
104 2 1
105 3 0
106 2 1
107 2 1
##=========================================
##[Voxel Mapper]Iteration 50 keyframe id, used times, remaining times:
1 2 0
2 1 1
3 2 0
4 2 0
5 2 0
6 2 0
7 2 0
8 1 1
9 2 0
10 2 0
12 1 1
13 2 0
14 2 0
15 1 1
16 2 0
17 2 0
18 2 0
19 2 0
20 2 0
21 1 1
22 1 1
23 2 0
24 2 0
25 2 0
26 2 0
27 2 0
29 2 0
30 2 0
##=========================================
##[Voxel Mapper]Iteration 100 keyframe id, used times, remaining times:
0 3 0
1 3 0
2 3 0
3 2 1
4 3 0
5 2 1
6 2 1
7 3 0
8 3 0
9 3 0
10 3 0
11 3 0
12 3 0
13 2 1
14 3 0
15 2 1
16 2 1
17 3 0
18 2 1
19 3 0
20 2 1
21 3 0
22 3 0
23 3 0
24 3 0
25 3 0
26 3 0
27 3 0
28 2 1
29 3 0
30 3 0
31 3 0
32 2 1
33 2 1
34 3 0
35 2 1
36 2 0
37 1 1
40 1 1
##=========================================
##[Voxel Mapper]Iteration 150 keyframe id, used times, remaining times:
0 4 0
1 3 1
2 4 0
3 4 0
4 4 0
5 3 1
6 3 1
7 3 1
8 3 1
9 4 0
10 4 0
11 3 1
12 4 0
13 4 0
14 3 1
15 3 1
16 4 0
17 3 1
18 3 1
19 4 0
20 3 1
21 4 0
22 4 0
23 4 0
24 4 0
25 3 1
26 3 1
27 4 0
28 3 1
29 4 0
30 3 1
31 3 1
32 3 1
33 3 1
34 3 1
35 4 0
36 3 0
37 2 1
38 2 1
39 3 0
40 2 1
41 2 1
42 3 0
43 2 1
44 3 0
45 3 0
##=========================================
##[Voxel Mapper]Iteration 200 keyframe id, used times, remaining times:
0 4 0
1 4 0
2 4 0
3 4 0
4 4 0
5 4 0
6 4 0
7 4 0
8 4 0
9 4 0
10 4 0
11 4 0
12 4 0
13 4 0
14 4 0
15 4 0
16 4 0
17 4 0
18 4 0
19 4 0
20 4 0
21 4 0
22 4 0
23 4 0
24 4 0
25 4 0
26 4 0
27 4 0
28 4 0
29 4 0
30 4 0
31 4 0
32 4 0
33 4 0
34 4 0
35 4 0
36 3 0
37 3 0
38 3 0
39 3 0
40 3 0
41 3 0
42 3 0
43 3 0
44 3 0
45 3 0
46 2 0
47 1 1
48 2 0
49 2 0
50 2 0
51 2 0
52 2 0
53 2 0
54 2 0
55 2 0
57 1 1
58 2 0
59 1 1
60 2 0
61 1 1
##=========================================
##[Voxel Mapper]Iteration 250 keyframe id, used times, remaining times:
0 4 1
1 5 0
2 5 0
3 5 0
4 5 0
5 5 0
6 5 0
7 5 0
8 4 1
9 5 0
10 5 0
11 4 1
12 5 0
13 4 1
14 4 1
15 5 0
16 4 1
17 5 0
18 5 0
19 5 0
20 5 0
21 4 1
22 4 1
23 4 1
24 4 1
25 4 1
26 5 0
27 4 1
28 5 0
29 4 1
30 5 0
31 4 1
32 4 1
33 5 0
34 4 1
35 4 1
36 3 1
37 4 0
38 4 0
39 4 0
40 3 1
41 4 0
42 4 0
43 4 0
44 3 1
45 4 0
46 3 0
47 2 1
48 2 1
49 2 1
50 2 1
51 2 1
52 3 0
53 3 0
54 3 0
55 2 1
56 3 0
57 3 0
58 3 0
59 2 1
60 3 0
61 2 1
62 3 0
63 3 0
65 1 1
66 2 0
67 1 1
##=========================================
##[Voxel Mapper]Iteration 300 keyframe id, used times, remaining times:
0 5 0
1 5 0
2 5 0
3 5 0
4 5 0
5 5 0
6 5 0
7 5 0
8 5 0
9 5 0
10 5 0
11 5 0
12 5 0
13 5 0
14 5 0
15 5 0
16 5 0
17 5 0
18 5 0
19 5 0
20 5 0
21 5 0
22 5 0
23 5 0
24 5 0
25 5 0
26 5 0
27 5 0
28 5 0
29 5 0
30 5 0
31 5 0
32 5 0
33 5 0
34 5 0
35 5 0
36 4 0
37 4 0
38 4 0
39 4 0
40 4 0
41 4 0
42 4 0
43 4 0
44 4 0
45 4 0
46 3 0
47 3 0
48 3 0
49 3 0
50 3 0
51 3 0
52 3 0
53 3 0
54 3 0
55 3 0
56 3 0
57 3 0
58 3 0
59 3 0
60 3 0
61 3 0
62 3 0
63 3 0
64 2 0
65 2 0
66 2 0
67 2 0
68 2 0
69 1 1
70 2 0
71 2 0
72 2 0
73 1 1
74 2 0
75 2 0
76 1 1
77 2 0
78 1 1
##=========================================
##[Voxel Mapper]Iteration 350 keyframe id, used times, remaining times:
0 6 0
1 5 1
2 5 1
3 5 1
4 5 1
5 5 1
6 5 1
7 5 1
8 6 0
9 6 0
10 5 1
11 5 1
12 6 0
13 5 1
14 6 0
15 6 0
16 6 0
17 6 0
18 6 0
19 6 0
20 5 1
21 6 0
22 6 0
23 5 1
24 5 1
25 6 0
26 6 0
27 6 0
28 6 0
29 5 1
30 6 0
31 6 0
32 5 1
33 5 1
34 6 0
35 5 1
36 4 1
37 5 0
38 4 1
39 5 0
40 5 0
41 5 0
42 5 0
43 5 0
44 4 1
45 4 1
46 3 1
47 4 0
48 4 0
49 3 1
50 4 0
51 3 1
52 3 1
53 3 1
54 4 0
55 4 0
56 4 0
57 4 0
58 4 0
59 4 0
60 3 1
61 3 1
62 3 1
63 4 0
64 2 1
65 3 0
66 2 1
67 3 0
68 2 1
69 2 1
70 3 0
71 2 1
72 2 1
73 2 1
74 2 1
75 3 0
76 3 0
77 3 0
78 3 0
79 3 0
82 1 1
##=========================================
##[Voxel Mapper]Iteration 400 keyframe id, used times, remaining times:
0 6 0
1 6 0
2 6 0
3 6 0
4 6 0
5 6 0
6 6 0
7 6 0
8 6 0
9 6 0
10 6 0
11 6 0
12 6 0
13 6 0
14 6 0
15 6 0
16 6 0
17 6 0
18 6 0
19 6 0
20 6 0
21 6 0
22 6 0
23 6 0
24 6 0
25 6 0
26 6 0
27 6 0
28 6 0
29 6 0
30 6 0
31 6 0
32 6 0
33 6 0
34 6 0
35 6 0
36 5 0
37 5 0
38 5 0
39 5 0
40 5 0
41 5 0
42 5 0
43 5 0
44 5 0
45 5 0
46 4 0
47 4 0
48 4 0
49 4 0
50 4 0
51 4 0
52 4 0
53 4 0
54 4 0
55 4 0
56 4 0
57 4 0
58 4 0
59 4 0
60 4 0
61 4 0
62 4 0
63 4 0
64 3 0
65 3 0
66 3 0
67 3 0
68 3 0
69 3 0
70 3 0
71 3 0
72 3 0
73 3 0
74 3 0
75 3 0
76 3 0
77 3 0
78 3 0
79 3 0
80 2 0
82 2 0
83 2 0
84 2 0
85 2 0
86 2 0
87 1 1
88 1 1
##=========================================
##[Voxel Mapper]Iteration 450 keyframe id, used times, remaining times:
0 6 1
1 7 0
2 7 0
3 6 1
4 6 1
5 6 1
6 6 1
7 6 1
8 6 1
9 7 0
10 7 0
11 7 0
12 6 1
13 7 0
14 7 0
15 7 0
16 7 0
17 6 1
18 7 0
19 7 0
20 6 1
21 7 0
22 6 1
23 7 0
24 7 0
25 6 1
26 7 0
27 7 0
28 6 1
29 6 1
30 6 1
31 6 1
32 6 1
33 6 1
34 7 0
35 6 1
36 6 0
37 6 0
38 5 1
39 6 0
40 5 1
41 5 1
42 5 1
43 5 1
44 6 0
45 5 1
46 4 1
47 4 1
48 4 1
49 5 0
50 5 0
51 5 0
52 4 1
53 4 1
54 4 1
55 5 0
56 5 0
57 4 1
58 5 0
59 5 0
60 4 1
61 4 1
62 4 1
63 4 1
64 3 1
65 4 0
66 4 0
67 3 1
68 4 0
69 3 1
70 3 1
71 3 1
72 4 0
73 4 0
74 3 1
75 4 0
76 4 0
77 4 0
78 3 1
79 3 1
80 2 1
81 2 1
82 3 0
83 3 0
84 3 0
85 2 1
86 2 1
87 3 0
88 2 1
89 2 1
90 1 1
91 2 0
92 1 1
##=========================================
##[Voxel Mapper]Iteration 500 keyframe id, used times, remaining times:
0 7 0
1 7 0
2 7 0
3 7 0
4 7 0
5 7 0
6 7 0
7 7 0
8 7 0
9 7 0
10 7 0
11 7 0
12 7 0
13 7 0
14 7 0
15 7 0
16 7 0
17 7 0
18 7 0
19 7 0
20 7 0
21 7 0
22 7 0
23 7 0
24 7 0
25 6 1
26 7 0
27 7 0
28 7 0
29 7 0
30 7 0
31 7 0
32 7 0
33 6 1
34 7 0
35 6 1
36 6 0
37 6 0
38 6 0
39 6 0
40 6 0
41 6 0
42 6 0
43 6 0
44 6 0
45 6 0
46 5 0
47 4 1
48 5 0
49 5 0
50 5 0
51 5 0
52 4 1
53 4 1
54 5 0
55 5 0
56 5 0
57 5 0
58 5 0
59 5 0
60 4 1
61 5 0
62 5 0
63 5 0
64 4 0
65 4 0
66 4 0
67 4 0
68 4 0
69 4 0
70 4 0
71 4 0
72 4 0
73 4 0
74 4 0
75 4 0
76 4 0
77 4 0
78 4 0
79 4 0
80 3 0
81 3 0
82 3 0
83 3 0
84 3 0
85 3 0
86 2 1
87 3 0
88 3 0
89 3 0
90 1 1
91 2 0
92 2 0
93 2 0
94 1 1
95 2 0
98 1 1
99 1 1
##=========================================
##[Voxel Mapper]Iteration 550 keyframe id, used times, remaining times:
0 7 1
1 7 1
2 8 0
3 7 1
4 7 1
5 7 1
6 7 1
7 7 1
8 7 1
9 8 0
10 8 0
11 8 0
12 7 1
13 7 1
14 7 1
15 7 1
16 7 1
17 7 1
18 7 1
19 7 1
20 7 1
21 7 1
22 7 1
23 7 1
24 7 1
25 8 0
26 7 1
27 7 1
28 7 1
29 7 1
30 8 0
31 7 1
32 8 0
33 7 1
34 8 0
35 7 1
36 6 1
37 7 0
38 7 0
39 6 1
40 7 0
41 7 0
42 6 1
43 7 0
44 6 1
45 7 0
46 5 1
47 5 1
48 5 1
49 6 0
50 5 1
51 5 1
52 5 1
53 6 0
54 5 1
55 5 1
56 6 0
57 5 1
58 5 1
59 5 1
60 6 0
61 5 1
62 5 1
63 5 1
64 4 1
65 4 1
66 4 1
67 5 0
68 4 1
69 4 1
70 5 0
71 4 1
72 5 0
73 5 0
74 4 1
75 5 0
76 4 1
77 4 1
78 4 1
79 4 1
80 3 1
81 3 1
82 3 1
83 3 1
84 3 1
85 3 1
86 3 1
87 4 0
88 3 1
89 3 1
90 2 1
91 3 0
92 2 1
93 2 1
94 3 0
95 2 1
96 2 1
97 2 1
98 2 1
99 3 0
100 2 1
101 2 1
102 2 1
103 1 1
##=========================================
##[Voxel Mapper]Iteration 600 keyframe id, used times, remaining times:
0 7 1
1 7 1
2 8 0
3 8 0
4 8 0
5 8 0
6 8 0
7 8 0
8 8 0
9 8 0
10 8 0
11 8 0
12 8 0
13 7 1
14 8 0
15 8 0
16 8 0
17 7 1
18 7 1
19 8 0
20 8 0
21 7 1
22 8 0
23 7 1
24 7 1
25 8 0
26 8 0
27 8 0
28 8 0
29 8 0
30 8 0
31 7 1
32 8 0
33 8 0
34 8 0
35 8 0
36 6 1
37 7 0
38 7 0
39 7 0
40 7 0
41 7 0
42 7 0
43 7 0
44 6 1
45 7 0
46 6 0
47 5 1
48 6 0
49 6 0
50 5 1
51 5 1
52 6 0
53 6 0
54 5 1
55 5 1
56 6 0
57 6 0
58 6 0
59 5 1
60 6 0
61 6 0
62 6 0
63 5 1
64 5 0
65 5 0
66 4 1
67 5 0
68 5 0
69 4 1
70 5 0
71 4 1
72 5 0
73 5 0
74 5 0
75 5 0
76 4 1
77 5 0
78 5 0
79 5 0
80 4 0
81 4 0
82 4 0
83 4 0
84 4 0
85 3 1
86 4 0
87 4 0
88 4 0
89 3 1
90 3 0
91 3 0
92 3 0
93 3 0
94 3 0
95 2 1
96 2 1
97 2 1
98 2 1
99 3 0
100 2 1
101 3 0
102 3 0
103 1 1
104 1 1
105 1 1
107 1 1
##=========================================
##[Voxel Mapper]Iteration 650 keyframe id, used times, remaining times:
0 9 0
1 8 1
2 8 1
3 8 1
4 8 1
5 8 1
6 8 1
7 8 1
8 8 1
9 9 0
10 8 1
11 9 0
12 8 1
13 8 1
14 8 1
15 8 1
16 9 0
17 8 1
18 8 1
19 8 1
20 8 1
21 8 1
22 8 1
23 8 1
24 8 1
25 9 0
26 8 1
27 8 1
28 8 1
29 8 1
30 8 1
31 9 0
32 8 1
33 8 1
34 8 1
35 8 1
36 7 1
37 7 1
38 7 1
39 7 1
40 7 1
41 7 1
42 7 1
43 8 0
44 7 1
45 7 1
46 6 1
47 6 1
48 6 1
49 6 1
50 7 0
51 6 1
52 6 1
53 6 1
54 6 1
55 6 1
56 6 1
57 6 1
58 6 1
59 6 1
60 6 1
61 6 1
62 6 1
63 6 1
64 5 1
65 5 1
66 5 1
67 5 1
68 5 1
69 5 1
70 5 1
71 5 1
72 5 1
73 5 1
74 5 1
75 5 1
76 5 1
77 5 1
78 5 1
79 5 1
80 4 1
81 4 1
82 4 1
83 4 1
84 4 1
85 4 1
86 4 1
87 5 0
88 4 1
89 5 0
90 3 1
91 3 1
92 4 0
93 3 1
94 3 1
95 3 1
96 4 0
97 4 0
98 3 1
99 3 1
100 4 0
101 3 1
102 3 1
103 2 1
104 2 1
105 2 1
106 3 0
107 2 1
##=========================================
##[Voxel Mapper]Iteration 50 keyframe id, used times, remaining times:
0 1 1
1 1 1
2 2 0
4 2 0
6 2 0
7 2 0
8 2 0
9 2 0
10 1 1
11 2 0
12 1 1
13 2 0
14 1 1
15 1 1
16 2 0
17 2 0
18 2 0
19 2 0
20 2 0
21 2 0
22 2 0
23 2 0
24 2 0
25 1 1
26 2 0
27 2 0
28 2 0
29 2 0
31 1 1
##=========================================
##[Voxel Mapper]Iteration 100 keyframe id, used times, remaining times:
0 3 0
1 3 0
2 3 0
3 3 0
4 3 0
6 3 0
7 3 0
8 3 0
9 3 0
10 3 0
11 2 1
12 2 1
13 3 0
14 3 0
15 2 1
16 3 0
17 3 0
18 3 0
19 2 1
20 3 0
21 3 0
22 3 0
23 2 1
24 3 0
25 2 1
26 3 0
27 2 1
28 3 0
29 3 0
30 2 1
31 3 0
32 2 1
33 3 0
34 3 0
35 3 0
36 1 1
37 1 1
38 1 1
39 1 1
##=========================================
##[Voxel Mapper]Iteration 150 keyframe id, used times, remaining times:
0 3 1
1 3 1
2 4 0
3 4 0
4 3 1
6 3 1
7 3 1
8 4 0
9 3 1
10 3 1
11 4 0
12 3 1
13 3 1
14 4 0
15 3 1
16 4 0
17 4 0
18 3 1
19 4 0
20 4 0
21 3 1
22 4 0
23 4 0
24 4 0
25 3 1
26 4 0
27 4 0
28 3 1
29 4 0
30 4 0
31 3 1
32 4 0
33 4 0
34 3 1
35 3 1
36 3 0
37 2 1
38 2 1
39 2 1
40 3 0
41 2 1
42 2 1
43 3 0
44 3 0
45 1 1
46 1 1
47 2 0
48 1 1
##=========================================
##[Voxel Mapper]Iteration 200 keyframe id, used times, remaining times:
0 4 0
1 4 0
2 4 0
3 4 0
4 4 0
6 4 0
7 4 0
8 4 0
9 4 0
10 4 0
11 4 0
12 4 0
13 4 0
14 4 0
15 4 0
16 4 0
17 4 0
18 4 0
19 4 0
20 4 0
21 4 0
22 4 0
23 4 0
24 4 0
25 4 0
26 4 0
27 4 0
28 4 0
29 4 0
30 4 0
31 4 0
32 4 0
33 4 0
34 4 0
35 4 0
36 3 0
37 3 0
38 3 0
39 3 0
40 3 0
41 3 0
42 3 0
43 3 0
44 3 0
45 2 0
46 2 0
47 2 0
48 2 0
49 2 0
50 2 0
51 2 0
52 2 0
53 2 0
54 2 0
55 2 0
56 2 0
57 2 0
58 2 0
59 2 0
60 2 0
62 1 1
##=========================================
##[Voxel Mapper]Iteration 250 keyframe id, used times, remaining times:
0 5 0
1 5 0
2 5 0
3 5 0
4 4 1
6 4 1
7 4 1
8 4 1
9 4 1
10 5 0
11 5 0
12 4 1
13 4 1
14 5 0
15 5 0
16 5 0
17 5 0
18 4 1
19 5 0
20 4 1
21 5 0
22 4 1
23 4 1
24 5 0
25 4 1
26 4 1
27 5 0
28 5 0
29 5 0
30 5 0
31 5 0
32 4 1
33 5 0
34 5 0
35 4 1
36 4 0
37 4 0
38 4 0
39 4 0
40 4 0
41 4 0
42 3 1
43 4 0
44 4 0
45 3 0
46 3 0
47 2 1
48 3 0
49 3 0
50 3 0
51 3 0
52 3 0
53 3 0
54 2 1
55 3 0
56 3 0
57 3 0
58 3 0
59 2 1
60 2 1
61 3 0
62 3 0
63 1 1
64 1 1
65 1 1
67 1 1
71 1 1
##=========================================
##[Voxel Mapper]Iteration 300 keyframe id, used times, remaining times:
0 5 1
1 5 1
2 5 1
3 5 1
4 5 1
6 5 1
7 5 1
8 5 1
9 5 1
10 5 1
11 5 1
12 5 1
13 5 1
14 5 1
15 5 1
16 5 1
17 5 1
18 5 1
19 5 1
20 5 1
21 5 1
22 5 1
23 5 1
24 5 1
25 5 1
26 5 1
27 5 1
28 5 1
29 5 1
30 5 1
31 5 1
32 5 1
33 5 1
34 5 1
35 5 1
36 4 1
37 4 1
38 4 1
39 4 1
40 4 1
41 4 1
42 4 1
43 4 1
44 4 1
45 3 1
46 3 1
47 3 1
48 3 1
49 3 1
50 3 1
51 3 1
52 3 1
53 3 1
54 3 1
55 3 1
56 3 1
57 3 1
58 3 1
59 3 1
60 3 1
61 3 1
62 3 1
63 2 1
64 2 1
65 2 1
66 2 1
67 2 1
68 2 1
69 2 1
70 2 1
71 2 1
72 2 1
73 2 1
74 2 1
75 2 1
76 2 1
77 2 1
78 2 1
79 3 0
##=========================================
##[Voxel Mapper]Iteration 350 keyframe id, used times, remaining times:
0 6 0
1 5 1
2 6 0
3 6 0
4 5 1
6 5 1
7 6 0
8 6 0
9 6 0
10 5 1
11 5 1
12 6 0
13 6 0
14 6 0
15 6 0
16 5 1
17 6 0
18 5 1
19 5 1
20 6 0
21 6 0
22 5 1
23 5 1
24 6 0
25 6 0
26 6 0
27 5 1
28 5 1
29 6 0
30 6 0
31 5 1
32 6 0
33 6 0
34 6 0
35 5 1
36 4 1
37 4 1
38 5 0
39 4 1
40 4 1
41 4 1
42 4 1
43 5 0
44 5 0
45 3 1
46 4 0
47 4 0
48 4 0
49 3 1
50 4 0
51 3 1
52 3 1
53 4 0
54 4 0
55 3 1
56 4 0
57 4 0
58 4 0
59 4 0
60 3 1
61 4 0
62 4 0
63 3 0
64 3 0
65 3 0
66 3 0
67 3 0
68 2 1
69 2 1
70 3 0
71 2 1
72 3 0
73 2 1
74 3 0
75 3 0
76 3 0
77 3 0
78 2 1
79 3 0
80 1 1
83 1 1
84 1 1
##=========================================
##[Voxel Mapper]Iteration 400 keyframe id, used times, remaining times:
0 6 1
1 6 1
2 6 1
3 6 1
4 6 1
6 6 1
7 6 1
8 6 1
9 6 1
10 6 1
11 6 1
12 6 1
13 6 1
14 6 1
15 6 1
16 6 1
17 6 1
18 6 1
19 6 1
20 6 1
21 6 1
22 6 1
23 6 1
24 6 1
25 6 1
26 6 1
27 6 1
28 6 1
29 6 1
30 6 1
31 6 1
32 6 1
33 6 1
34 6 1
35 6 1
36 5 1
37 5 1
38 5 1
39 5 1
40 5 1
41 5 1
42 5 1
43 5 1
44 5 1
45 4 1
46 4 1
47 4 1
48 4 1
49 4 1
50 4 1
51 4 1
52 4 1
53 4 1
54 4 1
55 4 1
56 4 1
57 4 1
58 4 1
59 4 1
60 4 1
61 4 1
62 4 1
63 3 1
64 3 1
65 3 1
66 3 1
67 3 1
68 3 1
69 3 1
70 3 1
71 3 1
72 3 1
73 3 1
74 3 1
75 3 1
76 3 1
77 3 1
78 3 1
79 3 1
80 2 1
81 2 1
82 2 1
83 2 1
84 2 1
85 2 1
86 2 1
87 2 1
88 2 1
89 2 1
90 2 1
##=========================================
##[Voxel Mapper]Iteration 450 keyframe id, used times, remaining times:
0 7 0
1 6 1
2 6 1
3 7 0
4 7 0
6 7 0
7 6 1
8 6 1
9 7 0
10 6 1
11 7 0
12 7 0
13 7 0
14 7 0
15 6 1
16 6 1
17 7 0
18 7 0
19 6 1
20 7 0
21 7 0
22 6 1
23 7 0
24 7 0
25 6 1
26 7 0
27 7 0
28 6 1
29 7 0
30 6 1
31 7 0
32 6 1
33 7 0
34 7 0
35 7 0
36 6 0
37 5 1
38 5 1
39 5 1
40 6 0
41 6 0
42 6 0
43 6 0
44 5 1
45 4 1
46 5 0
47 4 1
48 5 0
49 4 1
50 4 1
51 4 1
52 4 1
53 5 0
54 4 1
55 4 1
56 5 0
57 5 0
58 5 0
59 4 1
60 4 1
61 4 1
62 4 1
63 3 1
64 3 1
65 4 0
66 4 0
67 4 0
68 4 0
69 4 0
70 4 0
71 4 0
72 3 1
73 3 1
74 3 1
75 4 0
76 3 1
77 4 0
78 3 1
79 3 1
80 3 0
81 3 0
82 3 0
83 3 0
84 3 0
85 2 1
86 3 0
87 3 0
88 2 1
89 2 1
90 3 0
##=========================================
##[Voxel Mapper]Iteration 500 keyframe id, used times, remaining times:
0 7 0
1 7 0
2 7 0
3 7 0
4 7 0
6 7 0
7 7 0
8 6 1
9 7 0
10 7 0
11 7 0
12 7 0
13 7 0
14 7 0
15 7 0
16 7 0
17 7 0
18 7 0
19 7 0
20 7 0
21 7 0
22 6 1
23 7 0
24 7 0
25 7 0
26 7 0
27 7 0
28 7 0
29 7 0
30 7 0
31 7 0
32 7 0
33 7 0
34 7 0
35 7 0
36 6 0
37 6 0
38 6 0
39 6 0
40 6 0
41 6 0
42 6 0
43 6 0
44 6 0
45 5 0
46 5 0
47 5 0
48 5 0
49 4 1
50 5 0
51 5 0
52 5 0
53 5 0
54 5 0
55 5 0
56 5 0
57 5 0
58 5 0
59 5 0
60 5 0
61 5 0
62 4 1
63 4 0
64 3 1
65 4 0
66 4 0
67 4 0
68 4 0
69 4 0
70 4 0
71 4 0
72 3 1
73 4 0
74 4 0
75 4 0
76 3 1
77 4 0
78 4 0
79 4 0
80 3 0
81 3 0
82 3 0
83 3 0
84 3 0
85 3 0
86 3 0
87 3 0
88 3 0
89 3 0
90 3 0
91 1 1
92 2 0
93 2 0
94 1 1
95 2 0
96 2 0
97 2 0
98 2 0
99 2 0
101 1 1
##=========================================
##[Voxel Mapper]Iteration 550 keyframe id, used times, remaining times:
0 8 0
1 7 1
2 7 1
3 8 0
4 8 0
6 8 0
7 7 1
8 8 0
9 7 1
10 7 1
11 7 1
12 7 1
13 8 0
14 8 0
15 7 1
16 8 0
17 7 1
18 7 1
19 7 1
20 8 0
21 7 1
22 7 1
23 7 1
24 7 1
25 8 0
26 7 1
27 8 0
28 7 1
29 7 1
30 8 0
31 7 1
32 8 0
33 8 0
34 7 1
35 7 1
36 6 1
37 6 1
38 6 1
39 6 1
40 6 1
41 6 1
42 6 1
43 6 1
44 6 1
45 5 1
46 5 1
47 6 0
48 5 1
49 5 1
50 5 1
51 5 1
52 6 0
53 5 1
54 5 1
55 5 1
56 5 1
57 6 0
58 6 0
59 6 0
60 6 0
61 5 1
62 6 0
63 4 1
64 5 0
65 5 0
66 4 1
67 4 1
68 5 0
69 4 1
70 5 0
71 4 1
72 4 1
73 5 0
74 5 0
75 4 1
76 4 1
77 5 0
78 4 1
79 4 1
80 4 0
81 3 1
82 3 1
83 3 1
84 4 0
85 3 1
86 3 1
87 4 0
88 4 0
89 3 1
90 3 1
91 3 0
92 3 0
93 2 1
94 2 1
95 2 1
96 2 1
97 2 1
98 2 1
99 3 0
100 3 0
101 2 1
102 2 1
##=========================================
##[Voxel Mapper]Iteration 600 keyframe id, used times, remaining times:
0 8 0
1 8 0
2 7 1
3 8 0
4 8 0
6 8 0
7 8 0
8 8 0
9 8 0
10 8 0
11 8 0
12 8 0
13 8 0
14 8 0
15 8 0
16 8 0
17 8 0
18 7 1
19 8 0
20 8 0
21 8 0
22 8 0
23 7 1
24 7 1
25 8 0
26 8 0
27 8 0
28 8 0
29 8 0
30 8 0
31 8 0
32 8 0
33 8 0
34 7 1
35 8 0
36 7 0
37 6 1
38 7 0
39 7 0
40 7 0
41 7 0
42 7 0
43 6 1
44 7 0
45 5 1
46 5 1
47 6 0
48 5 1
49 6 0
50 6 0
51 6 0
52 6 0
53 5 1
54 6 0
55 6 0
56 6 0
57 6 0
58 6 0
59 6 0
60 6 0
61 5 1
62 6 0
63 5 0
64 5 0
65 5 0
66 4 1
67 5 0
68 5 0
69 4 1
70 5 0
71 4 1
72 5 0
73 5 0
74 5 0
75 5 0
76 5 0
77 5 0
78 5 0
79 5 0
80 4 0
81 3 1
82 4 0
83 4 0
84 4 0
85 4 0
86 4 0
87 4 0
88 4 0
89 3 1
90 3 1
91 3 0
92 3 0
93 3 0
94 3 0
95 2 1
96 2 1
97 3 0
98 2 1
99 3 0
100 3 0
101 3 0
102 2 1
103 2 0
104 1 1
105 1 1
106 1 1
107 1 1
##=========================================
##[Voxel Mapper]Iteration 650 keyframe id, used times, remaining times:
0 8 1
1 8 1
2 8 1
3 9 0
4 8 1
6 8 1
7 8 1
8 8 1
9 9 0
10 8 1
11 9 0
12 9 0
13 9 0
14 9 0
15 9 0
16 9 0
17 9 0
18 8 1
19 8 1
20 8 1
21 9 0
22 9 0
23 8 1
24 8 1
25 8 1
26 8 1
27 9 0
28 8 1
29 8 1
30 9 0
31 8 1
32 8 1
33 8 1
34 8 1
35 8 1
36 7 1
37 7 1
38 8 0
39 7 1
40 7 1
41 7 1
42 7 1
43 7 1
44 7 1
45 6 1
46 6 1
47 6 1
48 6 1
49 6 1
50 6 1
51 7 0
52 6 1
53 6 1
54 6 1
55 6 1
56 6 1
57 6 1
58 6 1
59 6 1
60 6 1
61 6 1
62 7 0
63 6 0
64 5 1
65 5 1
66 5 1
67 5 1
68 5 1
69 5 1
70 5 1
71 5 1
72 5 1
73 6 0
74 5 1
75 5 1
76 6 0
77 5 1
78 5 1
79 5 1
80 5 0
81 4 1
82 5 0
83 4 1
84 4 1
85 4 1
86 4 1
87 4 1
88 4 1
89 4 1
90 4 1
91 3 1
92 3 1
93 4 0
94 3 1
95 3 1
96 3 1
97 3 1
98 3 1
99 3 1
100 3 1
101 3 1
102 3 1
103 3 0
104 2 1
105 2 1
106 2 1
107 3 0
##=========================================
##[Voxel Mapper]Iteration 50 keyframe id, used times, remaining times:
0 1 1
1 2 0
2 2 0
3 2 0
4 2 0
5 2 0
7 1 1
9 1 1
10 2 0
11 1 1
12 1 1
13 2 0
14 2 0
15 2 0
16 2 0
17 2 0
18 2 0
19 2 0
20 2 0
21 2 0
22 2 0
23 2 0
24 2 0
25 2 0
26 2 0
28 2 0
29 1 1
30 1 1
31 1 1
##=========================================
##[Voxel Mapper]Iteration 100 keyframe id, used times, remaining times:
0 3 0
1 2 1
2 2 1
3 3 0
4 2 1
5 2 1
7 3 0
9 3 0
10 2 1
11 2 1
12 2 1
13 2 1
14 2 1
15 2 1
16 2 1
17 2 1
18 2 1
19 2 1
20 3 0
21 3 0
22 3 0
23 2 1
24 2 1
25 3 0
26 3 0
27 3 0
28 3 0
29 2 1
30 3 0
31 2 1
32 2 1
33 3 0
34 2 1
35 2 1
36 2 1
37 2 1
38 3 0
39 2 1
40 2 1
41 2 1
42 2 1
43 2 1
44 1 1
45 1 1
##=========================================
##[Voxel Mapper]Iteration 150 keyframe id, used times, remaining times:
0 3 0
1 3 0
2 3 0
3 3 0
4 3 0
5 3 0
7 3 0
9 3 0
10 3 0
11 3 0
12 3 0
13 3 0
14 3 0
15 3 0
16 3 0
17 3 0
18 3 0
19 3 0
20 3 0
21 3 0
22 3 0
23 3 0
24 3 0
25 3 0
26 3 0
27 3 0
28 3 0
29 3 0
30 3 0
31 3 0
32 3 0
33 3 0
34 3 0
35 3 0
36 3 0
37 3 0
38 3 0
39 3 0
40 3 0
41 3 0
42 3 0
43 3 0
44 2 0
45 2 0
46 2 0
47 2 0
48 2 0
49 2 0
50 2 0
51 2 0
52 2 0
53 1 1
54 2 0
55 1 1
56 1 1
57 1 1
##=========================================
##[Voxel Mapper]Iteration 200 keyframe id, used times, remaining times:
0 3 1
1 4 0
2 3 1
3 4 0
4 4 0
5 4 0
7 4 0
9 3 1
10 3 1
11 4 0
12 3 1
13 4 0
14 3 1
15 3 1
16 4 0
17 3 1
18 4 0
19 4 0
20 3 1
21 3 1
22 3 1
23 4 0
24 3 1
25 3 1
26 4 0
27 3 1
28 4 0
29 4 0
30 4 0
31 4 0
32 4 0
33 4 0
34 4 0
35 4 0
36 4 0
37 4 0
38 3 1
39 3 1
40 4 0
41 4 0
42 3 1
43 4 0
44 2 1
45 2 1
46 2 1
47 2 1
48 2 1
49 2 1
50 3 0
51 3 0
52 3 0
53 2 1
54 2 1
55 3 0
56 3 0
57 2 1
58 3 0
59 3 0
60 3 0
61 3 0
62 2 0
64 1 1
66 1 1
##=========================================
##[Voxel Mapper]Iteration 250 keyframe id, used times, remaining times:
0 4 0
1 4 0
2 4 0
3 4 0
4 4 0
5 4 0
7 4 0
9 4 0
10 4 0
11 4 0
12 4 0
13 4 0
14 4 0
15 4 0
16 4 0
17 4 0
18 4 0
19 4 0
20 4 0
21 4 0
22 4 0
23 4 0
24 4 0
25 4 0
26 4 0
27 4 0
28 4 0
29 4 0
30 4 0
31 4 0
32 4 0
33 4 0
34 4 0
35 4 0
36 4 0
37 4 0
38 4 0
39 4 0
40 4 0
41 4 0
42 4 0
43 4 0
44 3 0
45 3 0
46 3 0
47 3 0
48 3 0
49 3 0
50 3 0
51 3 0
52 3 0
53 3 0
54 3 0
55 3 0
56 3 0
57 3 0
58 3 0
59 3 0
60 3 0
61 3 0
62 2 0
63 2 0
64 2 0
65 2 0
66 2 0
67 1 1
68 1 1
70 2 0
71 2 0
72 2 0
74 2 0
75 2 0
76 2 0
77 1 1
79 2 0
80 1 1
##=========================================
##[Voxel Mapper]Iteration 300 keyframe id, used times, remaining times:
0 4 1
1 4 1
2 4 1
3 4 1
4 5 0
5 5 0
7 4 1
9 4 1
10 4 1
11 5 0
12 5 0
13 5 0
14 4 1
15 4 1
16 4 1
17 5 0
18 4 1
19 4 1
20 5 0
21 4 1
22 5 0
23 4 1
24 4 1
25 5 0
26 5 0
27 4 1
28 4 1
29 4 1
30 5 0
31 4 1
32 4 1
33 4 1
34 4 1
35 4 1
36 4 1
37 5 0
38 4 1
39 4 1
40 4 1
41 4 1
42 5 0
43 5 0
44 3 1
45 3 1
46 3 1
47 3 1
48 3 1
49 4 0
50 4 0
51 3 1
52 4 0
53 3 1
54 4 0
55 4 0
56 3 1
57 4 0
58 4 0
59 3 1
60 3 1
61 3 1
62 3 0
63 3 0
64 3 0
65 2 1
66 2 1
67 2 1
68 3 0
69 3 0
70 3 0
71 2 1
72 3 0
73 2 1
74 2 1
75 3 0
76 3 0
77 3 0
78 2 1
79 3 0
80 2 1
81 3 0
82 3 0
83 1 1
85 1 1
##=========================================
##[Voxel Mapper]Iteration 350 keyframe id, used times, remaining times:
0 4 1
1 5 0
2 5 0
3 5 0
4 5 0
5 5 0
7 5 0
9 5 0
10 5 0
11 5 0
12 5 0
13 5 0
14 5 0
15 5 0
16 5 0
17 5 0
18 5 0
19 5 0
20 5 0
21 4 1
22 5 0
23 5 0
24 5 0
25 5 0
26 5 0
27 4 1
28 4 1
29 5 0
30 5 0
31 5 0
32 5 0
33 5 0
34 5 0
35 4 1
36 5 0
37 5 0
38 5 0
39 4 1
40 5 0
41 5 0
42 5 0
43 5 0
44 3 1
45 4 0
46 4 0
47 4 0
48 3 1
49 4 0
50 4 0
51 4 0
52 4 0
53 4 0
54 4 0
55 4 0
56 4 0
57 4 0
58 4 0
59 3 1
60 4 0
61 4 0
62 3 0
63 3 0
64 3 0
65 3 0
66 3 0
67 3 0
68 3 0
69 3 0
70 3 0
71 3 0
72 3 0
73 3 0
74 3 0
75 3 0
76 3 0
77 3 0
78 3 0
79 3 0
80 2 1
81 3 0
82 3 0
83 2 0
84 1 1
85 2 0
86 2 0
87 2 0
88 2 0
89 1 1
91 1 1
92 1 1
93 1 1
##=========================================
##[Voxel Mapper]Iteration 400 keyframe id, used times, remaining times:
0 5 1
1 5 1
2 5 1
3 6 0
4 5 1
5 5 1
7 5 1
9 5 1
10 5 1
11 5 1
12 5 1
13 6 0
14 6 0
15 6 0
16 5 1
17 5 1
18 5 1
19 5 1
20 5 1
21 5 1
22 5 1
23 5 1
24 5 1
25 5 1
26 5 1
27 5 1
28 5 1
29 5 1
30 6 0
31 5 1
32 5 1
33 6 0
34 6 0
35 5 1
36 6 0
37 5 1
38 6 0
39 6 0
40 5 1
41 5 1
42 5 1
43 6 0
44 4 1
45 4 1
46 4 1
47 4 1
48 4 1
49 5 0
50 4 1
51 4 1
52 5 0
53 4 1
54 4 1
55 4 1
56 5 0
57 4 1
58 5 0
59 4 1
60 4 1
61 5 0
62 4 0
63 4 0
64 3 1
65 3 1
66 3 1
67 3 1
68 4 0
69 3 1
70 3 1
71 3 1
72 3 1
73 4 0
74 3 1
75 3 1
76 4 0
77 4 0
78 3 1
79 3 1
80 3 1
81 3 1
82 3 1
83 2 1
84 2 1
85 3 0
86 2 1
87 2 1
88 3 0
89 2 1
90 2 1
91 2 1
92 2 1
93 2 1
94 2 1
95 2 1
96 3 0
97 2 1
##=========================================
##[Voxel Mapper]Iteration 450 keyframe id, used times, remaining times:
0 5 1
1 6 0
2 6 0
3 6 0
4 6 0
5 5 1
7 6 0
9 5 1
10 6 0
11 6 0
12 6 0
13 6 0
14 6 0
15 6 0
16 6 0
17 6 0
18 6 0
19 6 0
20 6 0
21 5 1
22 6 0
23 6 0
24 6 0
25 6 0
26 6 0
27 5 1
28 6 0
29 5 1
30 6 0
31 5 1
32 6 0
33 6 0
34 6 0
35 5 1
36 6 0
37 6 0
38 6 0
39 6 0
40 6 0
41 6 0
42 5 1
43 6 0
44 5 0
45 5 0
46 4 1
47 4 1
48 5 0
49 5 0
50 4 1
51 4 1
52 5 0
53 5 0
54 5 0
55 4 1
56 5 0
57 5 0
58 5 0
59 5 0
60 4 1
61 5 0
62 4 0
63 4 0
64 4 0
65 3 1
66 3 1
67 3 1
68 4 0
69 4 0
70 3 1
71 4 0
72 3 1
73 4 0
74 4 0
75 3 1
76 4 0
77 4 0
78 4 0
79 3 1
80 3 1
81 4 0
82 4 0
83 2 1
84 3 0
85 3 0
86 2 1
87 2 1
88 3 0
89 3 0
90 2 1
91 2 1
92 2 1
93 2 1
94 2 1
95 2 1
96 3 0
97 3 0
98 1 1
99 2 0
100 2 0
103 1 1
104 1 1
107 2 0
109 1 1
110 1 1
##=========================================
##[Voxel Mapper]Iteration 500 keyframe id, used times, remaining times:
0 6 1
1 6 1
2 6 1
3 6 1
4 6 1
5 6 1
7 6 1
9 6 1
10 6 1
11 6 1
12 6 1
13 6 1
14 6 1
15 6 1
16 6 1
17 6 1
18 6 1
19 6 1
20 6 1
21 6 1
22 6 1
23 6 1
24 6 1
25 6 1
26 6 1
27 6 1
28 6 1
29 6 1
30 6 1
31 6 1
32 6 1
33 6 1
34 6 1
35 6 1
36 6 1
37 6 1
38 6 1
39 6 1
40 6 1
41 6 1
42 6 1
43 6 1
44 5 1
45 5 1
46 5 1
47 5 1
48 5 1
49 5 1
50 5 1
51 5 1
52 5 1
53 5 1
54 5 1
55 5 1
56 5 1
57 5 1
58 5 1
59 5 1
60 5 1
61 5 1
62 4 1
63 4 1
64 4 1
65 4 1
66 4 1
67 4 1
68 4 1
69 4 1
70 4 1
71 4 1
72 4 1
73 4 1
74 4 1
75 4 1
76 4 1
77 4 1
78 4 1
79 4 1
80 4 1
81 4 1
82 4 1
83 3 1
84 3 1
85 3 1
86 3 1
87 3 1
88 3 1
89 3 1
90 3 1
91 3 1
92 3 1
93 3 1
94 3 1
95 3 1
96 3 1
97 3 1
98 2 1
99 2 1
100 2 1
101 2 1
102 2 1
103 2 1
104 2 1
105 3 0
106 2 1
107 2 1
108 2 1
109 2 1
110 2 1
111 2 1
##=========================================
##[Voxel Mapper]Iteration 550 keyframe id, used times, remaining times:
0 7 0
1 7 0
2 6 1
3 6 1
4 6 1
5 6 1
7 7 0
9 6 1
10 7 0
11 7 0
12 6 1
13 7 0
14 7 0
15 6 1
16 6 1
17 7 0
18 6 1
19 6 1
20 6 1
21 6 1
22 7 0
23 7 0
24 7 0
25 7 0
26 6 1
27 6 1
28 7 0
29 6 1
30 7 0
31 6 1
32 6 1
33 6 1
34 6 1
35 6 1
36 7 0
37 7 0
38 7 0
39 7 0
40 7 0
41 7 0
42 6 1
43 6 1
44 5 1
45 5 1
46 6 0
47 5 1
48 5 1
49 5 1
50 5 1
51 5 1
52 5 1
53 5 1
54 6 0
55 5 1
56 6 0
57 5 1
58 5 1
59 6 0
60 6 0
61 5 1
62 4 1
63 5 0
64 5 0
65 4 1
66 5 0
67 5 0
68 4 1
69 4 1
70 4 1
71 5 0
72 4 1
73 5 0
74 5 0
75 4 1
76 5 0
77 4 1
78 4 1
79 4 1
80 4 1
81 4 1
82 5 0
83 4 0
84 4 0
85 4 0
86 4 0
87 3 1
88 4 0
89 4 0
90 4 0
91 4 0
92 3 1
93 4 0
94 4 0
95 4 0
96 3 1
97 3 1
98 3 0
99 2 1
100 2 1
101 2 1
102 3 0
103 2 1
104 3 0
105 3 0
106 2 1
107 2 1
108 2 1
109 3 0
110 2 1
111 3 0
##=========================================
##[Voxel Mapper]Iteration 50 keyframe id, used times, remaining times:
0 2 0
1 2 0
2 2 0
3 1 1
4 1 1
6 2 0
7 1 1
9 1 1
10 2 0
11 2 0
12 1 1
13 1 1
14 2 0
15 2 0
16 2 0
17 2 0
18 2 0
19 2 0
20 1 1
21 2 0
22 2 0
23 2 0
24 1 1
25 1 1
26 1 1
27 2 0
28 2 0
29 2 0
30 2 0
32 2 0
##=========================================
##[Voxel Mapper]Iteration 100 keyframe id, used times, remaining times:
0 3 0
1 2 1
2 3 0
3 3 0
4 3 0
6 2 1
7 2 1
9 3 0
10 2 1
11 2 1
12 2 1
13 3 0
14 3 0
15 2 1
16 2 1
17 2 1
18 2 1
19 3 0
20 3 0
21 3 0
22 3 0
23 3 0
24 2 1
25 2 1
26 2 1
27 3 0
28 3 0
29 2 1
30 2 1
31 2 1
32 2 1
33 3 0
34 2 1
35 2 1
36 2 1
37 2 1
38 2 1
39 2 1
40 2 1
41 2 1
42 2 1
43 2 1
46 1 1
##=========================================
##[Voxel Mapper]Iteration 150 keyframe id, used times, remaining times:
0 3 0
1 3 0
2 3 0
3 3 0
4 3 0
6 3 0
7 3 0
9 3 0
10 3 0
11 3 0
12 3 0
13 3 0
14 3 0
15 3 0
16 2 1
17 3 0
18 3 0
19 3 0
20 3 0
21 3 0
22 3 0
23 3 0
24 2 1
25 3 0
26 3 0
27 3 0
28 3 0
29 3 0
30 3 0
31 3 0
32 3 0
33 3 0
34 3 0
35 3 0
36 3 0
37 3 0
38 3 0
39 3 0
40 3 0
41 3 0
42 3 0
43 3 0
44 2 0
45 2 0
46 2 0
47 2 0
48 2 0
49 2 0
50 2 0
51 2 0
52 1 1
53 2 0
54 2 0
55 2 0
56 1 1
57 1 1
58 1 1
##=========================================
##[Voxel Mapper]Iteration 200 keyframe id, used times, remaining times:
0 4 0
1 4 0
2 3 1
3 3 1
4 4 0
6 4 0
7 3 1
9 3 1
10 3 1
11 4 0
12 3 1
13 3 1
14 3 1
15 4 0
16 4 0
17 3 1
18 4 0
19 3 1
20 3 1
21 4 0
22 3 1
23 3 1
24 3 1
25 4 0
26 3 1
27 3 1
28 4 0
29 4 0
30 4 0
31 4 0
32 3 1
33 3 1
34 4 0
35 4 0
36 4 0
37 4 0
38 3 1
39 4 0
40 3 1
41 3 1
42 4 0
43 3 1
44 2 1
45 3 0
46 2 1
47 2 1
48 3 0
49 3 0
50 2 1
51 3 0
52 3 0
53 3 0
54 2 1
55 3 0
56 2 1
57 3 0
58 2 1
59 3 0
60 3 0
61 2 1
62 2 1
63 2 1
64 2 1
66 1 1
67 1 1
##=========================================
##[Voxel Mapper]Iteration 250 keyframe id, used times, remaining times:
0 4 0
1 4 0
2 4 0
3 4 0
4 4 0
6 4 0
7 4 0
9 4 0
10 3 1
11 4 0
12 4 0
13 3 1
14 4 0
15 4 0
16 4 0
17 4 0
18 4 0
19 4 0
20 4 0
21 4 0
22 4 0
23 4 0
24 4 0
25 4 0
26 4 0
27 3 1
28 4 0
29 4 0
30 4 0
31 4 0
32 4 0
33 4 0
34 4 0
35 4 0
36 4 0
37 4 0
38 4 0
39 4 0
40 3 1
41 4 0
42 4 0
43 4 0
44 3 0
45 3 0
46 3 0
47 3 0
48 3 0
49 3 0
50 3 0
51 3 0
52 3 0
53 3 0
54 3 0
55 3 0
56 3 0
57 3 0
58 3 0
59 3 0
60 3 0
61 2 1
62 3 0
63 3 0
64 3 0
65 2 0
66 2 0
67 2 0
68 2 0
69 2 0
71 2 0
72 2 0
73 2 0
74 1 1
75 2 0
76 1 1
77 1 1
78 1 1
79 1 1
80 1 1
##=========================================
##[Voxel Mapper]Iteration 300 keyframe id, used times, remaining times:
0 4 1
1 4 1
2 5 0
3 5 0
4 4 1
6 4 1
7 4 1
9 5 0
10 5 0
11 5 0
12 5 0
13 4 1
14 5 0
15 5 0
16 5 0
17 4 1
18 5 0
19 5 0
20 4 1
21 4 1
22 4 1
23 5 0
24 5 0
25 5 0
26 5 0
27 4 1
28 5 0
29 4 1
30 4 1
31 4 1
32 5 0
33 4 1
34 4 1
35 4 1
36 4 1
37 4 1
38 5 0
39 4 1
40 5 0
41 4 1
42 4 1
43 4 1
44 3 1
45 3 1
46 3 1
47 3 1
48 3 1
49 3 1
50 4 0
51 3 1
52 3 1
53 3 1
54 3 1
55 3 1
56 3 1
57 3 1
58 3 1
59 3 1
60 3 1
61 3 1
62 4 0
63 3 1
64 3 1
65 3 0
66 3 0
67 2 1
68 2 1
69 3 0
70 2 1
71 2 1
72 3 0
73 3 0
74 3 0
75 3 0
76 2 1
77 2 1
78 2 1
79 3 0
80 2 1
81 3 0
82 2 1
83 2 1
84 1 1
##=========================================
##[Voxel Mapper]Iteration 350 keyframe id, used times, remaining times:
0 4 1
1 5 0
2 5 0
3 5 0
4 4 1
6 5 0
7 5 0
9 5 0
10 5 0
11 5 0
12 5 0
13 4 1
14 5 0
15 5 0
16 5 0
17 5 0
18 5 0
19 5 0
20 4 1
21 5 0
22 5 0
23 5 0
24 5 0
25 5 0
26 5 0
27 5 0
28 5 0
29 5 0
30 5 0
31 5 0
32 5 0
33 5 0
34 5 0
35 5 0
36 5 0
37 5 0
38 5 0
39 5 0
40 5 0
41 4 1
42 5 0
43 4 1
44 4 0
45 3 1
46 4 0
47 3 1
48 4 0
49 4 0
50 4 0
51 4 0
52 4 0
53 4 0
54 4 0
55 4 0
56 4 0
57 4 0
58 4 0
59 3 1
60 4 0
61 4 0
62 4 0
63 3 1
64 4 0
65 3 0
66 3 0
67 3 0
68 3 0
69 3 0
70 3 0
71 2 1
72 3 0
73 3 0
74 3 0
75 3 0
76 3 0
77 3 0
78 3 0
79 3 0
80 3 0
81 3 0
82 3 0
83 2 1
84 2 0
86 1 1
88 2 0
89 2 0
90 1 1
91 1 1
93 1 1
94 1 1
##=========================================
##[Voxel Mapper]Iteration 400 keyframe id, used times, remaining times:
0 5 1
1 5 1
2 5 1
3 5 1
4 5 1
6 5 1
7 5 1
9 6 0
10 5 1
11 5 1
12 5 1
13 5 1
14 5 1
15 5 1
16 5 1
17 6 0
18 5 1
19 5 1
20 5 1
21 5 1
22 5 1
23 5 1
24 5 1
25 5 1
26 5 1
27 6 0
28 5 1
29 5 1
30 5 1
31 5 1
32 5 1
33 5 1
34 6 0
35 5 1
36 5 1
37 6 0
38 5 1
39 5 1
40 6 0
41 5 1
42 5 1
43 5 1
44 5 0
45 4 1
46 4 1
47 4 1
48 4 1
49 4 1
50 5 0
51 4 1
52 5 0
53 4 1
54 4 1
55 4 1
56 4 1
57 4 1
58 4 1
59 4 1
60 4 1
61 4 1
62 4 1
63 5 0
64 4 1
65 4 0
66 3 1
67 4 0
68 3 1
69 4 0
70 3 1
71 4 0
72 3 1
73 3 1
74 3 1
75 3 1
76 3 1
77 3 1
78 4 0
79 3 1
80 3 1
81 3 1
82 3 1
83 3 1
84 3 0
85 2 1
86 2 1
87 2 1
88 2 1
89 2 1
90 2 1
91 2 1
92 2 1
93 2 1
94 3 0
95 2 1
96 2 1
97 3 0
98 3 0
##=========================================
##[Voxel Mapper]Iteration 450 keyframe id, used times, remaining times:
0 6 0
1 5 1
2 6 0
3 5 1
4 5 1
6 5 1
7 6 0
9 6 0
10 6 0
11 5 1
12 6 0
13 6 0
14 6 0
15 6 0
16 6 0
17 6 0
18 5 1
19 6 0
20 5 1
21 6 0
22 6 0
23 6 0
24 6 0
25 5 1
26 5 1
27 6 0
28 6 0
29 6 0
30 5 1
31 5 1
32 6 0
33 5 1
34 6 0
35 5 1
36 6 0
37 6 0
38 6 0
39 5 1
40 6 0
41 6 0
42 6 0
43 5 1
44 5 0
45 5 0
46 5 0
47 4 1
48 4 1
49 4 1
50 5 0
51 4 1
52 5 0
53 5 0
54 5 0
55 5 0
56 5 0
57 4 1
58 5 0
59 4 1
60 4 1
61 5 0
62 5 0
63 5 0
64 5 0
65 4 0
66 4 0
67 4 0
68 4 0
69 4 0
70 3 1
71 4 0
72 4 0
73 3 1
74 4 0
75 3 1
76 4 0
77 4 0
78 4 0
79 4 0
80 3 1
81 4 0
82 3 1
83 3 1
84 3 0
85 2 1
86 2 1
87 2 1
88 3 0
89 3 0
90 2 1
91 3 0
92 2 1
93 3 0
94 3 0
95 2 1
96 3 0
97 3 0
98 3 0
99 2 0
101 1 1
103 2 0
107 1 1
##=========================================
##[Voxel Mapper]Iteration 500 keyframe id, used times, remaining times:
0 6 1
1 6 1
2 6 1
3 6 1
4 6 1
6 6 1
7 6 1
9 6 1
10 6 1
11 6 1
12 6 1
13 6 1
14 6 1
15 6 1
16 6 1
17 6 1
18 6 1
19 6 1
20 6 1
21 6 1
22 6 1
23 6 1
24 6 1
25 6 1
26 6 1
27 6 1
28 6 1
29 6 1
30 6 1
31 6 1
32 6 1
33 6 1
34 6 1
35 6 1
36 6 1
37 6 1
38 6 1
39 6 1
40 6 1
41 6 1
42 6 1
43 6 1
44 5 1
45 5 1
46 5 1
47 5 1
48 5 1
49 5 1
50 5 1
51 5 1
52 5 1
53 5 1
54 5 1
55 5 1
56 5 1
57 6 0
58 5 1
59 5 1
60 5 1
61 5 1
62 5 1
63 5 1
64 5 1
65 4 1
66 4 1
67 4 1
68 4 1
69 4 1
70 4 1
71 4 1
72 4 1
73 4 1
74 4 1
75 4 1
76 4 1
77 4 1
78 4 1
79 4 1
80 4 1
81 4 1
82 4 1
83 4 1
84 3 1
85 3 1
86 3 1
87 3 1
88 3 1
89 3 1
90 3 1
91 3 1
92 3 1
93 3 1
94 3 1
95 3 1
96 3 1
97 3 1
98 3 1
99 2 1
100 2 1
101 2 1
102 2 1
103 2 1
104 2 1
105 3 0
106 2 1
107 2 1
108 2 1
##=========================================
##[Voxel Mapper]Iteration 550 keyframe id, used times, remaining times:
0 7 0
1 6 1
2 7 0
3 6 1
4 6 1
6 7 0
7 6 1
9 7 0
10 6 1
11 6 1
12 6 1
13 6 1
14 7 0
15 6 1
16 6 1
17 6 1
18 6 1
19 6 1
20 6 1
21 7 0
22 6 1
23 7 0
24 6 1
25 7 0
26 7 0
27 6 1
28 7 0
29 6 1
30 7 0
31 6 1
32 7 0
33 7 0
34 6 1
35 7 0
36 6 1
37 6 1
38 6 1
39 7 0
40 6 1
41 6 1
42 6 1
43 7 0
44 6 0
45 6 0
46 6 0
47 6 0
48 6 0
49 6 0
50 6 0
51 6 0
52 6 0
53 6 0
54 5 1
55 5 1
56 5 1
57 6 0
58 5 1
59 5 1
60 5 1
61 6 0
62 6 0
63 6 0
64 5 1
65 5 0
66 4 1
67 4 1
68 4 1
69 5 0
70 4 1
71 4 1
72 4 1
73 5 0
74 5 0
75 5 0
76 4 1
77 4 1
78 5 0
79 5 0
80 5 0
81 4 1
82 4 1
83 4 1
84 3 1
85 4 0
86 3 1
87 4 0
88 3 1
89 4 0
90 4 0
91 3 1
92 3 1
93 4 0
94 4 0
95 3 1
96 4 0
97 4 0
98 3 1
99 3 0
100 3 0
101 3 0
102 2 1
103 2 1
104 2 1
105 3 0
106 2 1
107 3 0
108 3 0
##=========================================
##[Voxel Mapper]Iteration 50 keyframe id, used times, remaining times:
0 1 1
1 1 1
2 2 0
3 2 0
6 2 0
7 2 0
9 2 0
10 2 0
11 2 0
12 2 0
13 2 0
14 2 0
15 2 0
16 2 0
17 2 0
18 1 1
19 1 1
20 2 0
21 2 0
22 2 0
23 1 1
24 2 0
26 1 1
27 2 0
28 2 0
29 2 0
31 2 0
32 1 1
34 1 1
##=========================================
##[Voxel Mapper]Iteration 100 keyframe id, used times, remaining times:
0 2 1
1 2 1
2 2 1
3 3 0
4 2 1
6 3 0
7 2 1
9 2 1
10 2 1
11 2 1
12 2 1
13 3 0
14 3 0
15 2 1
16 2 1
17 2 1
18 3 0
19 3 0
20 2 1
21 2 1
22 3 0
23 3 0
24 2 1
25 2 1
26 2 1
27 3 0
28 3 0
29 2 1
30 2 1
31 2 1
32 2 1
33 3 0
34 2 1
35 2 1
36 3 0
37 2 1
38 2 1
39 2 1
40 2 1
41 3 0
42 2 1
43 2 1
44 3 0
##=========================================
##[Voxel Mapper]Iteration 150 keyframe id, used times, remaining times:
0 3 0
1 3 0
2 3 0
3 3 0
4 3 0
6 3 0
7 3 0
9 3 0
10 3 0
11 3 0
12 3 0
13 3 0
14 3 0
15 3 0
16 3 0
17 3 0
18 3 0
19 3 0
20 3 0
21 3 0
22 3 0
23 3 0
24 3 0
25 3 0
26 3 0
27 3 0
28 3 0
29 3 0
30 3 0
31 3 0
32 3 0
33 3 0
34 3 0
35 3 0
36 3 0
37 3 0
38 3 0
39 3 0
40 3 0
41 3 0
42 3 0
43 3 0
44 3 0
45 2 0
46 2 0
47 2 0
48 2 0
49 2 0
50 2 0
51 2 0
53 1 1
54 2 0
55 1 1
56 1 1
58 1 1
59 1 1
##=========================================
##[Voxel Mapper]Iteration 200 keyframe id, used times, remaining times:
0 4 0
1 3 1
2 3 1
3 4 0
4 3 1
6 3 1
7 3 1
9 4 0
10 3 1
11 3 1
12 3 1
13 3 1
14 4 0
15 3 1
16 3 1
17 3 1
18 3 1
19 4 0
20 4 0
21 4 0
22 3 1
23 3 1
24 3 1
25 3 1
26 3 1
27 3 1
28 4 0
29 3 1
30 4 0
31 3 1
32 3 1
33 3 1
34 3 1
35 4 0
36 4 0
37 4 0
38 4 0
39 3 1
40 4 0
41 4 0
42 3 1
43 4 0
44 4 0
45 2 1
46 3 0
47 3 0
48 2 1
49 2 1
50 3 0
51 3 0
52 3 0
53 3 0
54 2 1
55 2 1
56 3 0
57 3 0
58 3 0
59 2 1
60 3 0
61 2 1
62 2 1
63 2 1
64 3 0
65 2 1
66 1 1
##=========================================
##[Voxel Mapper]Iteration 250 keyframe id, used times, remaining times:
0 4 0
1 4 0
2 4 0
3 4 0
4 4 0
6 3 1
7 4 0
9 4 0
10 4 0
11 4 0
12 4 0
13 4 0
14 4 0
15 4 0
16 4 0
17 3 1
18 4 0
19 4 0
20 4 0
21 4 0
22 4 0
23 4 0
24 4 0
25 4 0
26 4 0
27 3 1
28 4 0
29 4 0
30 4 0
31 4 0
32 4 0
33 4 0
34 4 0
35 4 0
36 4 0
37 4 0
38 4 0
39 4 0
40 4 0
41 4 0
42 4 0
43 4 0
44 4 0
45 3 0
46 3 0
47 3 0
48 3 0
49 3 0
50 3 0
51 3 0
52 3 0
53 3 0
54 3 0
55 3 0
56 3 0
57 3 0
58 3 0
59 3 0
60 3 0
61 3 0
62 3 0
63 3 0
64 3 0
65 3 0
66 2 0
68 1 1
69 2 0
70 1 1
71 1 1
72 2 0
73 2 0
75 2 0
76 1 1
77 1 1
78 1 1
80 1 1
81 1 1
##=========================================
##[Voxel Mapper]Iteration 300 keyframe id, used times, remaining times:
0 5 0
1 5 0
2 5 0
3 4 1
4 4 1
6 4 1
7 4 1
9 4 1
10 4 1
11 4 1
12 4 1
13 5 0
14 4 1
15 4 1
16 4 1
17 4 1
18 5 0
19 4 1
20 5 0
21 4 1
22 5 0
23 4 1
24 5 0
25 5 0
26 5 0
27 4 1
28 4 1
29 4 1
30 5 0
31 4 1
32 4 1
33 4 1
34 4 1
35 4 1
36 4 1
37 5 0
38 4 1
39 4 1
40 5 0
41 4 1
42 5 0
43 4 1
44 4 1
45 3 1
46 4 0
47 3 1
48 3 1
49 3 1
50 4 0
51 4 0
52 3 1
53 4 0
54 4 0
55 4 0
56 3 1
57 3 1
58 4 0
59 3 1
60 4 0
61 3 1
62 4 0
63 3 1
64 3 1
65 3 1
66 2 1
67 2 1
68 3 0
69 2 1
70 3 0
71 2 1
72 2 1
73 2 1
74 2 1
75 2 1
76 2 1
77 2 1
78 2 1
79 3 0
80 2 1
81 2 1
82 2 1
83 2 1
84 3 0
##=========================================
##[Voxel Mapper]Iteration 350 keyframe id, used times, remaining times:
0 5 0
1 5 0
2 5 0
3 5 0
4 4 1
6 5 0
7 5 0
9 5 0
10 5 0
11 5 0
12 5 0
13 5 0
14 5 0
15 5 0
16 5 0
17 4 1
18 5 0
19 5 0
20 5 0
21 4 1
22 5 0
23 4 1
24 5 0
25 5 0
26 5 0
27 5 0
28 4 1
29 5 0
30 5 0
31 5 0
32 5 0
33 5 0
34 5 0
35 4 1
36 4 1
37 5 0
38 5 0
39 5 0
40 5 0
41 4 1
42 5 0
43 5 0
44 4 1
45 4 0
46 4 0
47 4 0
48 4 0
49 4 0
50 4 0
51 4 0
52 3 1
53 4 0
54 4 0
55 4 0
56 4 0
57 4 0
58 4 0
59 4 0
60 4 0
61 4 0
62 4 0
63 4 0
64 4 0
65 4 0
66 2 1
67 3 0
68 3 0
69 2 1
70 3 0
71 3 0
72 2 1
73 3 0
74 2 1
75 3 0
76 3 0
77 3 0
78 3 0
79 3 0
80 3 0
81 3 0
82 2 1
83 3 0
84 3 0
85 2 0
88 1 1
89 1 1
90 1 1
91 2 0
92 1 1
93 1 1
##=========================================
##[Voxel Mapper]Iteration 400 keyframe id, used times, remaining times:
0 5 1
1 5 1
2 5 1
3 5 1
4 5 1
6 5 1
7 5 1
9 5 1
10 5 1
11 6 0
12 5 1
13 6 0
14 5 1
15 5 1
16 5 1
17 5 1
18 5 1
19 5 1
20 6 0
21 5 1
22 5 1
23 6 0
24 5 1
25 5 1
26 5 1
27 5 1
28 5 1
29 5 1
30 5 1
31 5 1
32 6 0
33 5 1
34 5 1
35 5 1
36 5 1
37 5 1
38 6 0
39 5 1
40 5 1
41 5 1
42 6 0
43 5 1
44 5 1
45 4 1
46 4 1
47 4 1
48 4 1
49 4 1
50 5 0
51 4 1
52 4 1
53 4 1
54 4 1
55 4 1
56 4 1
57 4 1
58 4 1
59 4 1
60 4 1
61 4 1
62 4 1
63 4 1
64 4 1
65 4 1
66 3 1
67 3 1
68 3 1
69 3 1
70 4 0
71 3 1
72 3 1
73 3 1
74 3 1
75 3 1
76 3 1
77 3 1
78 3 1
79 3 1
80 4 0
81 3 1
82 3 1
83 3 1
84 3 1
85 2 1
86 2 1
87 2 1
88 2 1
89 3 0
90 2 1
91 2 1
92 2 1
93 2 1
94 2 1
95 2 1
96 2 1
97 2 1
98 2 1
99 2 1
100 3 0
##=========================================
##[Voxel Mapper]Iteration 450 keyframe id, used times, remaining times:
0 5 1
1 6 0
2 5 1
3 6 0
4 6 0
6 5 1
7 6 0
9 5 1
10 6 0
11 6 0
12 5 1
13 6 0
14 6 0
15 5 1
16 6 0
17 6 0
18 6 0
19 6 0
20 6 0
21 6 0
22 5 1
23 6 0
24 5 1
25 5 1
26 6 0
27 6 0
28 6 0
29 5 1
30 5 1
31 5 1
32 6 0
33 5 1
34 6 0
35 6 0
36 5 1
37 6 0
38 6 0
39 6 0
40 6 0
41 6 0
42 6 0
43 5 1
44 5 1
45 4 1
46 4 1
47 5 0
48 4 1
49 4 1
50 5 0
51 4 1
52 4 1
53 5 0
54 5 0
55 5 0
56 5 0
57 4 1
58 4 1
59 5 0
60 5 0
61 4 1
62 5 0
63 4 1
64 4 1
65 4 1
66 4 0
67 4 0
68 4 0
69 4 0
70 4 0
71 4 0
72 3 1
73 4 0
74 3 1
75 4 0
76 4 0
77 4 0
78 3 1
79 3 1
80 4 0
81 4 0
82 4 0
83 3 1
84 4 0
85 3 0
86 3 0
87 3 0
88 3 0
89 3 0
90 3 0
91 3 0
92 2 1
93 2 1
94 3 0
95 2 1
96 2 1
97 2 1
98 2 1
99 3 0
100 3 0
101 2 0
##=========================================
##[Voxel Mapper]Iteration 500 keyframe id, used times, remaining times:
0 6 0
1 6 0
2 6 0
3 6 0
4 6 0
6 6 0
7 6 0
9 6 0
10 6 0
11 6 0
12 6 0
13 6 0
14 6 0
15 6 0
16 6 0
17 6 0
18 6 0
19 6 0
20 6 0
21 6 0
22 6 0
23 6 0
24 6 0
25 6 0
26 6 0
27 6 0
28 6 0
29 6 0
30 6 0
31 6 0
32 6 0
33 6 0
34 6 0
35 6 0
36 6 0
37 6 0
38 6 0
39 6 0
40 6 0
41 6 0
42 6 0
43 6 0
44 6 0
45 5 0
46 5 0
47 5 0
48 5 0
49 5 0
50 5 0
51 5 0
52 5 0
53 5 0
54 5 0
55 5 0
56 5 0
57 5 0
58 5 0
59 5 0
60 5 0
61 5 0
62 5 0
63 5 0
64 5 0
65 5 0
66 4 0
67 4 0
68 4 0
69 4 0
70 4 0
71 4 0
72 4 0
73 4 0
74 4 0
75 4 0
76 4 0
77 4 0
78 4 0
79 4 0
80 4 0
81 4 0
82 4 0
83 4 0
84 4 0
85 3 0
86 3 0
87 3 0
88 3 0
89 3 0
90 3 0
91 3 0
92 3 0
93 3 0
94 3 0
95 3 0
96 3 0
97 3 0
98 3 0
99 3 0
100 3 0
101 2 0
102 2 0
103 2 0
104 1 1
105 2 0
106 1 1
107 1 1
108 2 0
##=========================================
##[Voxel Mapper]Iteration 550 keyframe id, used times, remaining times:
0 7 0
1 6 1
2 6 1
3 7 0
4 6 1
6 6 1
7 6 1
9 6 1
10 7 0
11 6 1
12 7 0
13 6 1
14 6 1
15 6 1
16 6 1
17 6 1
18 6 1
19 6 1
20 7 0
21 6 1
22 6 1
23 6 1
24 6 1
25 7 0
26 6 1
27 6 1
28 7 0
29 6 1
30 7 0
31 6 1
32 6 1
33 6 1
34 7 0
35 7 0
36 7 0
37 6 1
38 6 1
39 7 0
40 6 1
41 6 1
42 7 0
43 6 1
44 7 0
45 6 0
46 5 1
47 5 1
48 5 1
49 6 0
50 6 0
51 5 1
52 5 1
53 6 0
54 6 0
55 6 0
56 6 0
57 5 1
58 6 0
59 5 1
60 6 0
61 6 0
62 5 1
63 6 0
64 6 0
65 5 1
66 5 0
67 5 0
68 4 1
69 4 1
70 5 0
71 5 0
72 4 1
73 5 0
74 5 0
75 5 0
76 5 0
77 5 0
78 5 0
79 5 0
80 4 1
81 4 1
82 5 0
83 4 1
84 4 1
85 4 0
86 3 1
87 4 0
88 4 0
89 3 1
90 3 1
91 4 0
92 3 1
93 4 0
94 3 1
95 3 1
96 3 1
97 3 1
98 3 1
99 3 1
100 4 0
101 3 0
102 3 0
103 2 1
104 2 1
105 2 1
106 2 1
107 3 0
108 2 1
##=========================================
##[Voxel Mapper]Iteration 50 keyframe id, used times, remaining times:
0 2 0
1 2 0
2 1 1
3 1 1
5 1 1
7 2 0
10 2 0
11 2 0
12 2 0
13 2 0
14 2 0
15 2 0
16 2 0
17 2 0
18 2 0
19 2 0
20 2 0
21 2 0
22 2 0
23 2 0
24 2 0
25 2 0
26 1 1
27 2 0
28 2 0
30 1 1
31 2 0
33 1 1
##=========================================
##[Voxel Mapper]Iteration 100 keyframe id, used times, remaining times:
0 3 0
1 2 1
2 3 0
3 3 0
5 3 0
7 2 1
9 2 1
10 3 0
11 2 1
12 2 1
13 2 1
14 3 0
15 3 0
16 2 1
17 3 0
18 3 0
19 3 0
20 3 0
21 3 0
22 3 0
23 3 0
24 3 0
25 3 0
26 2 1
27 2 1
28 2 1
29 3 0
30 3 0
31 3 0
32 3 0
33 3 0
34 3 0
35 3 0
36 3 0
37 3 0
39 1 1
40 1 1
41 1 1
42 1 1
43 1 1
##=========================================
##[Voxel Mapper]Iteration 50 keyframe id, used times, remaining times:
0 2 0
1 2 0
2 2 0
3 2 0
6 2 0
8 2 0
10 2 0
11 2 0
12 2 0
13 1 1
14 2 0
15 2 0
16 2 0
17 2 0
18 2 0
19 2 0
20 2 0
21 2 0
22 2 0
23 1 1
24 2 0
25 2 0
26 2 0
27 2 0
28 2 0
30 1 1
31 1 1
##=========================================
##[Voxel Mapper]Iteration 100 keyframe id, used times, remaining times:
0 2 1
1 3 0
2 3 0
3 3 0
5 3 0
6 3 0
8 3 0
10 2 1
11 3 0
12 3 0
13 2 1
14 3 0
15 3 0
16 3 0
17 3 0
18 3 0
19 3 0
20 3 0
21 3 0
22 3 0
23 3 0
24 3 0
25 3 0
26 2 1
27 3 0
28 3 0
29 3 0
30 3 0
31 3 0
32 3 0
33 3 0
34 3 0
35 3 0
36 1 1
37 1 1
39 2 0
41 1 1
##=========================================
##[Voxel Mapper]Iteration 50 keyframe id, used times, remaining times:
0 2 0
1 1 1
2 2 0
3 2 0
4 1 1
5 2 0
8 2 0
10 2 0
11 2 0
12 2 0
13 2 0
14 2 0
15 2 0
16 1 1
17 2 0
18 2 0
19 2 0
20 2 0
21 2 0
22 2 0
23 1 1
24 2 0
25 2 0
26 2 0
27 1 1
28 1 1
29 1 1
30 2 0
31 1 1
##=========================================
##[Voxel Mapper]Iteration 100 keyframe id, used times, remaining times:
0 3 0
1 3 0
2 3 0
3 3 0
4 3 0
5 3 0
8 3 0
10 3 0
11 3 0
12 3 0
13 2 1
14 3 0
15 3 0
16 3 0
17 3 0
18 3 0
19 3 0
20 3 0
21 3 0
22 3 0
23 3 0
24 3 0
25 3 0
26 3 0
27 3 0
28 3 0
29 3 0
30 3 0
31 3 0
32 3 0
33 3 0
34 3 0
35 2 0
36 1 1
37 2 0
##=========================================
##[Voxel Mapper]Iteration 150 keyframe id, used times, remaining times:
0 4 0
1 4 0
2 4 0
3 4 0
4 4 0
5 4 0
8 4 0
10 4 0
11 4 0
12 4 0
13 4 0
14 4 0
15 3 1
16 4 0
17 4 0
18 4 0
19 4 0
20 4 0
21 4 0
22 4 0
23 4 0
24 4 0
25 4 0
26 4 0
27 4 0
28 4 0
29 4 0
30 4 0
31 4 0
32 4 0
33 3 1
34 4 0
35 3 0
36 3 0
37 3 0
38 3 0
39 3 0
40 3 0
41 2 0
42 2 0
44 1 1
45 1 1
##=========================================
##[Voxel Mapper]Iteration 200 keyframe id, used times, remaining times:
0 4 1
1 5 0
2 5 0
3 5 0
4 5 0
5 5 0
8 5 0
10 5 0
11 5 0
12 5 0
13 5 0
14 5 0
15 5 0
16 5 0
17 5 0
18 4 1
19 4 1
20 5 0
21 5 0
22 5 0
23 5 0
24 5 0
25 5 0
26 5 0
27 5 0
28 5 0
29 5 0
30 5 0
31 4 1
32 5 0
33 5 0
34 5 0
35 3 1
36 4 0
37 4 0
38 3 1
39 3 1
40 4 0
41 3 0
42 3 0
43 3 0
44 3 0
45 3 0
46 3 0
47 1 1
48 1 1
49 1 1
50 2 0
##=========================================
##[Voxel Mapper]Iteration 250 keyframe id, used times, remaining times:
0 5 1
1 6 0
2 5 1
3 6 0
4 6 0
5 5 1
8 6 0
10 5 1
11 6 0
12 5 1
13 6 0
14 5 1
15 5 1
16 5 1
17 6 0
18 6 0
19 6 0
20 6 0
21 5 1
22 6 0
23 6 0
24 6 0
25 6 0
26 5 1
27 5 1
28 6 0
29 5 1
30 6 0
31 5 1
32 6 0
33 6 0
34 5 1
35 5 0
36 4 1
37 4 1
38 5 0
39 5 0
40 4 1
41 4 0
42 4 0
43 3 1
44 4 0
45 3 1
46 3 1
47 3 0
48 3 0
49 2 1
50 3 0
51 3 0
52 3 0
53 3 0
54 2 0
55 1 1
57 1 1
##=========================================
##[Voxel Mapper]Iteration 300 keyframe id, used times, remaining times:
0 6 1
1 6 1
2 6 1
3 6 1
4 6 1
5 6 1
8 7 0
10 6 1
11 6 1
12 6 1
13 6 1
14 6 1
15 6 1
16 7 0
17 6 1
18 7 0
19 6 1
20 6 1
21 7 0
22 7 0
23 6 1
24 6 1
25 6 1
26 6 1
27 6 1
28 6 1
29 6 1
30 6 1
31 6 1
32 6 1
33 6 1
34 6 1
35 5 1
36 5 1
37 5 1
38 5 1
39 5 1
40 5 1
41 4 1
42 4 1
43 4 1
44 4 1
45 4 1
46 5 0
47 3 1
48 3 1
49 3 1
50 3 1
51 4 0
52 3 1
53 3 1
54 2 1
55 2 1
56 2 1
57 2 1
58 2 1
59 2 1
60 2 1
61 2 1
62 2 1
63 2 1
64 3 0
65 3 0
##=========================================
##[Voxel Mapper]Iteration 350 keyframe id, used times, remaining times:
0 7 0
1 7 0
2 7 0
3 6 1
4 7 0
5 7 0
8 7 0
10 6 1
11 7 0
12 7 0
13 7 0
14 7 0
15 7 0
16 7 0
17 6 1
18 7 0
19 7 0
20 6 1
21 7 0
22 7 0
23 7 0
24 7 0
25 6 1
26 7 0
27 6 1
28 7 0
29 7 0
30 7 0
31 7 0
32 6 1
33 7 0
34 7 0
35 6 0
36 6 0
37 6 0
38 6 0
39 5 1
40 6 0
41 5 0
42 5 0
43 5 0
44 5 0
45 5 0
46 5 0
47 4 0
48 4 0
49 3 1
50 3 1
51 4 0
52 4 0
53 4 0
54 3 0
55 3 0
56 3 0
57 3 0
58 3 0
59 3 0
60 3 0
61 2 1
62 3 0
63 3 0
64 3 0
65 3 0
67 2 0
68 2 0
69 1 1
71 1 1
72 1 1
##=========================================
##[Voxel Mapper]Iteration 400 keyframe id, used times, remaining times:
0 7 1
1 8 0
2 7 1
3 7 1
4 7 1
5 7 1
8 8 0
10 7 1
11 7 1
12 7 1
13 7 1
14 7 1
15 7 1
16 8 0
17 8 0
18 7 1
19 8 0
20 7 1
21 8 0
22 7 1
23 7 1
24 8 0
25 7 1
26 8 0
27 7 1
28 7 1
29 8 0
30 8 0
31 8 0
32 7 1
33 7 1
34 7 1
35 6 1
36 6 1
37 6 1
38 6 1
39 6 1
40 6 1
41 6 0
42 6 0
43 6 0
44 5 1
45 5 1
46 5 1
47 4 1
48 4 1
49 4 1
50 4 1
51 5 0
52 4 1
53 5 0
54 3 1
55 3 1
56 3 1
57 3 1
58 3 1
59 4 0
60 3 1
61 3 1
62 4 0
63 3 1
64 3 1
65 3 1
66 2 1
67 2 1
68 2 1
69 2 1
70 3 0
71 2 1
72 2 1
73 2 1
74 2 1
75 2 1
76 2 1
77 2 1
78 3 0
##=========================================
##[Voxel Mapper]Iteration 450 keyframe id, used times, remaining times:
0 8 0
1 8 0
2 7 1
3 8 0
4 8 0
5 8 0
8 8 0
10 8 0
11 8 0
12 8 0
13 8 0
14 7 1
15 8 0
16 8 0
17 8 0
18 8 0
19 8 0
20 8 0
21 8 0
22 8 0
23 7 1
24 8 0
25 7 1
26 8 0
27 8 0
28 8 0
29 8 0
30 8 0
31 8 0
32 7 1
33 8 0
34 8 0
35 7 0
36 7 0
37 7 0
38 6 1
39 7 0
40 6 1
41 6 0
42 6 0
43 6 0
44 6 0
45 6 0
46 6 0
47 5 0
48 5 0
49 4 1
50 5 0
51 5 0
52 5 0
53 5 0
54 4 0
55 4 0
56 4 0
57 4 0
58 4 0
59 4 0
60 4 0
61 4 0
62 4 0
63 3 1
64 3 1
65 3 1
66 3 0
67 3 0
68 3 0
69 3 0
70 3 0
71 3 0
72 3 0
73 3 0
74 3 0
75 3 0
76 3 0
77 3 0
78 3 0
79 2 0
80 1 1
82 1 1
83 1 1
##=========================================
##[Voxel Mapper]Iteration 500 keyframe id, used times, remaining times:
0 8 1
1 9 0
2 9 0
3 8 1
4 8 1
5 8 1
8 8 1
10 8 1
11 8 1
12 8 1
13 8 1
14 8 1
15 8 1
16 8 1
17 8 1
18 9 0
19 8 1
20 8 1
21 9 0
22 8 1
23 8 1
24 8 1
25 9 0
26 9 0
27 9 0
28 8 1
29 8 1
30 9 0
31 9 0
32 9 0
33 8 1
34 8 1
35 7 1
36 7 1
37 7 1
38 8 0
39 8 0
40 7 1
41 7 0
42 7 0
43 7 0
44 6 1
45 7 0
46 6 1
47 6 0
48 5 1
49 5 1
50 5 1
51 5 1
52 5 1
53 5 1
54 4 1
55 5 0
56 4 1
57 4 1
58 4 1
59 5 0
60 5 0
61 5 0
62 5 0
63 4 1
64 5 0
65 4 1
66 3 1
67 4 0
68 3 1
69 3 1
70 4 0
71 4 0
72 3 1
73 4 0
74 3 1
75 3 1
76 3 1
77 3 1
78 4 0
79 2 1
80 2 1
81 3 0
82 2 1
83 3 0
84 2 1
85 2 1
##=========================================
##[Voxel Mapper]Iteration 550 keyframe id, used times, remaining times:
0 9 0
1 9 0
2 9 0
3 9 0
4 8 1
5 9 0
8 8 1
10 9 0
11 9 0
12 9 0
13 9 0
14 9 0
15 8 1
16 9 0
17 9 0
18 9 0
19 9 0
20 9 0
21 9 0
22 8 1
23 9 0
24 9 0
25 9 0
26 9 0
27 9 0
28 8 1
29 9 0
30 9 0
31 9 0
32 9 0
33 9 0
34 9 0
35 7 1
36 8 0
37 8 0
38 8 0
39 8 0
40 8 0
41 7 0
42 7 0
43 7 0
44 7 0
45 7 0
46 7 0
47 6 0
48 6 0
49 5 1
50 6 0
51 6 0
52 6 0
53 6 0
54 4 1
55 5 0
56 5 0
57 5 0
58 5 0
59 5 0
60 5 0
61 5 0
62 5 0
63 5 0
64 5 0
65 4 1
66 4 0
67 4 0
68 4 0
69 4 0
70 4 0
71 4 0
72 4 0
73 4 0
74 4 0
75 4 0
76 4 0
77 4 0
78 4 0
79 3 0
80 3 0
81 3 0
82 2 1
83 3 0
84 3 0
85 3 0
86 1 1
87 1 1
88 2 0
89 1 1
90 2 0
##=========================================
##[Voxel Mapper]Iteration 600 keyframe id, used times, remaining times:
0 10 0
1 9 1
2 9 1
3 10 0
4 10 0
5 10 0
8 9 1
10 10 0
11 9 1
12 9 1
13 9 1
14 10 0
15 10 0
16 9 1
17 10 0
18 9 1
19 9 1
20 9 1
21 10 0
22 9 1
23 9 1
24 9 1
25 9 1
26 10 0
27 10 0
28 9 1
29 9 1
30 9 1
31 9 1
32 9 1
33 9 1
34 9 1
35 8 1
36 8 1
37 9 0
38 8 1
39 8 1
40 9 0
41 8 0
42 8 0
43 7 1
44 7 1
45 8 0
46 7 1
47 6 1
48 6 1
49 6 1
50 6 1
51 6 1
52 6 1
53 6 1
54 5 1
55 5 1
56 5 1
57 5 1
58 6 0
59 5 1
60 5 1
61 5 1
62 5 1
63 5 1
64 5 1
65 5 1
66 4 1
67 5 0
68 5 0
69 4 1
70 5 0
71 4 1
72 4 1
73 5 0
74 4 1
75 5 0
76 5 0
77 5 0
78 4 1
79 3 1
80 3 1
81 4 0
82 3 1
83 4 0
84 3 1
85 4 0
86 2 1
87 2 1
88 3 0
89 3 0
90 2 1
91 3 0
92 2 1
93 3 0
##=========================================
##[Voxel Mapper]Iteration 650 keyframe id, used times, remaining times:
0 10 0
1 10 0
2 10 0
3 10 0
4 10 0
5 10 0
8 9 1
10 10 0
11 10 0
12 10 0
13 10 0
14 10 0
15 10 0
16 10 0
17 10 0
18 10 0
19 10 0
20 10 0
21 10 0
22 9 1
23 9 1
24 10 0
25 10 0
26 10 0
27 10 0
28 10 0
29 9 1
30 10 0
31 10 0
32 9 1
33 10 0
34 10 0
35 9 0
36 9 0
37 9 0
38 8 1
39 8 1
40 9 0
41 8 0
42 8 0
43 7 1
44 8 0
45 8 0
46 8 0
47 7 0
48 7 0
49 7 0
50 6 1
51 6 1
52 7 0
53 6 1
54 6 0
55 5 1
56 6 0
57 6 0
58 6 0
59 5 1
60 6 0
61 6 0
62 6 0
63 6 0
64 6 0
65 6 0
66 4 1
67 5 0
68 5 0
69 5 0
70 5 0
71 5 0
72 4 1
73 5 0
74 5 0
75 5 0
76 5 0
77 5 0
78 5 0
79 4 0
80 3 1
81 4 0
82 4 0
83 4 0
84 4 0
85 4 0
86 2 1
87 3 0
88 3 0
89 3 0
90 2 1
91 3 0
92 3 0
93 3 0
94 2 0
95 2 0
97 2 0
98 2 0
##=========================================
##[Voxel Mapper]Iteration 700 keyframe id, used times, remaining times:
0 10 1
1 10 1
2 10 1
3 10 1
4 11 0
5 10 1
8 10 1
10 10 1
11 10 1
12 11 0
13 10 1
14 10 1
15 10 1
16 11 0
17 10 1
18 10 1
19 10 1
20 10 1
21 11 0
22 10 1
23 10 1
24 11 0
25 10 1
26 10 1
27 11 0
28 10 1
29 10 1
30 11 0
31 10 1
32 11 0
33 10 1
34 11 0
35 10 0
36 9 1
37 9 1
38 9 1
39 10 0
40 9 1
41 8 1
42 9 0
43 8 1
44 8 1
45 8 1
46 8 1
47 7 1
48 7 1
49 7 1
50 7 1
51 7 1
52 7 1
53 7 1
54 6 1
55 6 1
56 6 1
57 6 1
58 6 1
59 6 1
60 6 1
61 6 1
62 7 0
63 6 1
64 6 1
65 6 1
66 6 0
67 5 1
68 5 1
69 5 1
70 5 1
71 5 1
72 5 1
73 6 0
74 5 1
75 5 1
76 5 1
77 5 1
78 5 1
79 4 1
80 5 0
81 4 1
82 4 1
83 4 1
84 5 0
85 4 1
86 3 1
87 4 0
88 3 1
89 3 1
90 3 1
91 3 1
92 3 1
93 3 1
94 2 1
95 3 0
96 3 0
97 2 1
98 2 1
99 2 1
100 2 1
101 2 1
102 2 1
103 2 1
##=========================================
##[Voxel Mapper]Iteration 750 keyframe id, used times, remaining times:
0 10 1
1 10 1
2 11 0
3 10 1
4 11 0
5 10 1
8 11 0
10 10 1
11 11 0
12 11 0
13 10 1
14 10 1
15 10 1
16 11 0
17 11 0
18 10 1
19 10 1
20 10 1
21 11 0
22 11 0
23 11 0
24 11 0
25 10 1
26 11 0
27 11 0
28 10 1
29 10 1
30 11 0
31 10 1
32 11 0
33 11 0
34 11 0
35 10 0
36 10 0
37 9 1
38 10 0
39 10 0
40 9 1
41 8 1
42 9 0
43 9 0
44 9 0
45 8 1
46 9 0
47 8 0
48 8 0
49 7 1
50 7 1
51 8 0
52 8 0
53 7 1
54 7 0
55 6 1
56 7 0
57 6 1
58 6 1
59 7 0
60 7 0
61 6 1
62 7 0
63 7 0
64 7 0
65 6 1
66 6 0
67 5 1
68 6 0
69 6 0
70 5 1
71 6 0
72 6 0
73 6 0
74 6 0
75 6 0
76 6 0
77 6 0
78 6 0
79 5 0
80 5 0
81 5 0
82 5 0
83 4 1
84 5 0
85 5 0
86 4 0
87 4 0
88 4 0
89 4 0
90 4 0
91 4 0
92 4 0
93 4 0
94 3 0
95 3 0
96 3 0
97 2 1
98 2 1
99 2 1
100 2 1
101 3 0
102 2 1
103 3 0
105 2 0
107 1 1
108 1 1
##=========================================
##[Voxel Mapper]Iteration 800 keyframe id, used times, remaining times:
0 11 1
1 11 1
2 11 1
3 11 1
4 11 1
5 11 1
8 11 1
10 11 1
11 11 1
12 11 1
13 11 1
14 11 1
15 11 1
16 11 1
17 11 1
18 11 1
19 11 1
20 11 1
21 11 1
22 11 1
23 11 1
24 11 1
25 11 1
26 11 1
27 11 1
28 11 1
29 11 1
30 11 1
31 12 0
32 11 1
33 11 1
34 12 0
35 11 0
36 10 1
37 10 1
38 10 1
39 10 1
40 10 1
41 9 1
42 9 1
43 9 1
44 9 1
45 9 1
46 9 1
47 8 1
48 8 1
49 9 0
50 8 1
51 8 1
52 8 1
53 8 1
54 7 1
55 7 1
56 7 1
57 8 0
58 8 0
59 7 1
60 7 1
61 7 1
62 7 1
63 7 1
64 7 1
65 7 1
66 6 1
67 6 1
68 6 1
69 6 1
70 6 1
71 6 1
72 6 1
73 6 1
74 6 1
75 6 1
76 6 1
77 6 1
78 6 1
79 5 1
80 5 1
81 5 1
82 5 1
83 5 1
84 5 1
85 5 1
86 4 1
87 4 1
88 4 1
89 4 1
90 4 1
91 4 1
92 4 1
93 4 1
94 3 1
95 3 1
96 3 1
97 3 1
98 3 1
99 3 1
100 3 1
101 3 1
102 3 1
103 3 1
104 2 1
105 2 1
106 3 0
107 2 1
108 2 1
109 2 1
##=========================================
##[Voxel Mapper]Iteration 850 keyframe id, used times, remaining times:
0 12 0
1 12 0
2 11 1
3 11 1
4 11 1
5 12 0
8 12 0
10 11 1
11 11 1
12 11 1
13 11 1
14 11 1
15 12 0
16 12 0
17 12 0
18 11 1
19 12 0
20 11 1
21 11 1
22 12 0
23 12 0
24 12 0
25 11 1
26 12 0
27 12 0
28 12 0
29 12 0
30 11 1
31 12 0
32 11 1
33 12 0
34 12 0
35 11 0
36 11 0
37 11 0
38 11 0
39 10 1
40 11 0
41 9 1
42 9 1
43 9 1
44 9 1
45 9 1
46 10 0
47 9 0
48 9 0
49 9 0
50 8 1
51 9 0
52 8 1
53 8 1
54 8 0
55 7 1
56 7 1
57 8 0
58 8 0
59 7 1
60 8 0
61 7 1
62 7 1
63 8 0
64 7 1
65 7 1
66 6 1
67 6 1
68 7 0
69 6 1
70 6 1
71 6 1
72 6 1
73 7 0
74 7 0
75 7 0
76 7 0
77 6 1
78 7 0
79 5 1
80 5 1
81 6 0
82 5 1
83 6 0
84 5 1
85 5 1
86 4 1
87 5 0
88 5 0
89 5 0
90 5 0
91 4 1
92 5 0
93 5 0
94 4 0
95 4 0
96 4 0
97 3 1
98 3 1
99 3 1
100 4 0
101 4 0
102 3 1
103 3 1
104 2 1
105 3 0
106 3 0
107 3 0
108 3 0
109 3 0
##=========================================
##[Voxel Mapper]Iteration 50 keyframe id, used times, remaining times:
0 2 0
1 2 0
2 1 1
3 2 0
5 2 0
6 2 0
7 2 0
8 2 0
9 2 0
10 2 0
11 1 1
12 2 0
13 2 0
14 2 0
15 2 0
16 2 0
17 2 0
18 2 0
19 2 0
20 2 0
21 2 0
22 2 0
23 2 0
24 1 1
25 1 1
26 2 0
28 2 0
##=========================================
##[Voxel Mapper]Iteration 100 keyframe id, used times, remaining times:
0 3 0
1 3 0
2 3 0
3 2 1
5 3 0
6 3 0
7 3 0
8 3 0
9 3 0
10 3 0
11 3 0
12 3 0
13 3 0
14 2 1
15 3 0
16 3 0
17 3 0
18 2 1
19 2 1
20 2 1
21 3 0
22 3 0
23 3 0
24 3 0
25 3 0
26 3 0
27 3 0
28 3 0
29 3 0
30 3 0
31 3 0
32 3 0
33 3 0
34 2 0
35 1 1
36 2 0
37 1 1
##=========================================
##[Voxel Mapper]Iteration 150 keyframe id, used times, remaining times:
0 4 0
1 4 0
2 4 0
3 4 0
5 4 0
6 4 0
7 4 0
8 3 1
9 3 1
10 4 0
11 4 0
12 4 0
13 4 0
14 3 1
15 4 0
16 4 0
17 3 1
18 4 0
19 4 0
20 4 0
21 4 0
22 4 0
23 3 1
24 4 0
25 4 0
26 4 0
27 3 1
28 4 0
29 4 0
30 4 0
31 4 0
32 4 0
33 3 1
34 2 1
35 3 0
36 3 0
37 3 0
38 3 0
39 3 0
40 3 0
41 1 1
42 2 0
43 1 1
44 1 1
##=========================================
##[Voxel Mapper]Iteration 200 keyframe id, used times, remaining times:
0 4 1
1 4 1
2 5 0
3 5 0
5 5 0
6 5 0
7 5 0
8 4 1
9 4 1
10 4 1
11 5 0
12 4 1
13 5 0
14 5 0
15 5 0
16 5 0
17 5 0
18 5 0
19 5 0
20 5 0
21 5 0
22 4 1
23 4 1
24 5 0
25 5 0
26 5 0
27 5 0
28 5 0
29 5 0
30 5 0
31 4 1
32 5 0
33 4 1
34 3 1
35 4 0
36 4 0
37 4 0
38 3 1
39 3 1
40 4 0
41 3 0
42 3 0
43 3 0
44 3 0
45 3 0
46 1 1
47 2 0
48 1 1
51 1 1
##=========================================
##[Voxel Mapper]Iteration 250 keyframe id, used times, remaining times:
0 5 1
1 5 1
2 5 1
3 6 0
5 6 0
6 6 0
7 5 1
8 6 0
9 5 1
10 5 1
11 5 1
12 6 0
13 5 1
14 6 0
15 5 1
16 5 1
17 6 0
18 5 1
19 5 1
20 5 1
21 6 0
22 5 1
23 5 1
24 5 1
25 5 1
26 5 1
27 6 0
28 5 1
29 6 0
30 5 1
31 6 0
32 6 0
33 5 1
34 5 0
35 5 0
36 5 0
37 4 1
38 5 0
39 4 1
40 5 0
41 3 1
42 4 0
43 4 0
44 3 1
45 4 0
46 2 1
47 3 0
48 2 1
49 2 1
50 2 1
51 2 1
52 2 1
53 3 0
54 2 1
55 2 1
##=========================================
##[Voxel Mapper]Iteration 300 keyframe id, used times, remaining times:
0 6 0
1 6 0
2 6 0
3 6 0
5 6 0
6 6 0
7 6 0
8 6 0
9 6 0
10 6 0
11 6 0
12 6 0
13 6 0
14 6 0
15 6 0
16 6 0
17 6 0
18 6 0
19 6 0
20 6 0
21 6 0
22 6 0
23 6 0
24 6 0
25 6 0
26 6 0
27 6 0
28 6 0
29 6 0
30 6 0
31 6 0
32 6 0
33 6 0
34 5 0
35 5 0
36 5 0
37 5 0
38 5 0
39 5 0
40 5 0
41 4 0
42 4 0
43 4 0
44 4 0
45 4 0
46 2 1
47 3 0
48 3 0
49 3 0
50 3 0
51 3 0
52 3 0
53 3 0
54 3 0
55 3 0
56 1 1
57 2 0
58 2 0
59 2 0
60 2 0
61 2 0
62 2 0
63 2 0
64 2 0
65 1 1
##=========================================
##[Voxel Mapper]Iteration 350 keyframe id, used times, remaining times:
0 7 0
1 7 0
2 6 1
3 7 0
5 6 1
6 6 1
7 6 1
8 7 0
9 7 0
10 6 1
11 6 1
12 7 0
13 7 0
14 6 1
15 7 0
16 7 0
17 6 1
18 6 1
19 7 0
20 7 0
21 7 0
22 7 0
23 6 1
24 6 1
25 6 1
26 6 1
27 6 1
28 7 0
29 7 0
30 6 1
31 6 1
32 7 0
33 7 0
34 6 0
35 5 1
36 6 0
37 6 0
38 5 1
39 5 1
40 5 1
41 5 0
42 5 0
43 4 1
44 4 1
45 4 1
46 4 0
47 3 1
48 4 0
49 4 0
50 3 1
51 4 0
52 4 0
53 4 0
54 4 0
55 4 0
56 2 1
57 2 1
58 3 0
59 3 0
60 3 0
61 3 0
62 3 0
63 2 1
64 2 1
65 2 1
66 3 0
67 3 0
68 3 0
69 2 1
70 1 1
##=========================================
##[Voxel Mapper]Iteration 400 keyframe id, used times, remaining times:
0 7 0
1 7 0
2 7 0
3 7 0
5 7 0
6 7 0
7 7 0
8 7 0
9 7 0
10 7 0
11 7 0
12 7 0
13 7 0
14 7 0
15 7 0
16 7 0
17 7 0
18 7 0
19 7 0
20 7 0
21 7 0
22 7 0
23 7 0
24 7 0
25 7 0
26 7 0
27 7 0
28 7 0
29 7 0
30 7 0
31 7 0
32 7 0
33 7 0
34 6 0
35 6 0
36 6 0
37 6 0
38 6 0
39 6 0
40 6 0
41 5 0
42 5 0
43 5 0
44 5 0
45 5 0
46 4 0
47 4 0
48 4 0
49 4 0
50 4 0
51 4 0
52 4 0
53 4 0
54 4 0
55 4 0
56 3 0
57 3 0
58 3 0
59 3 0
60 3 0
61 3 0
62 3 0
63 3 0
64 3 0
65 3 0
66 3 0
67 3 0
68 3 0
69 3 0
70 2 0
71 1 1
72 2 0
73 2 0
74 2 0
75 2 0
76 2 0
77 2 0
78 2 0
79 2 0
80 1 1
##=========================================
##[Voxel Mapper]Iteration 450 keyframe id, used times, remaining times:
0 7 1
1 8 0
2 8 0
3 7 1
5 8 0
6 7 1
7 8 0
8 7 1
9 8 0
10 7 1
11 7 1
12 8 0
13 7 1
14 8 0
15 8 0
16 8 0
17 7 1
18 8 0
19 8 0
20 8 0
21 8 0
22 8 0
23 7 1
24 8 0
25 7 1
26 8 0
27 8 0
28 8 0
29 7 1
30 7 1
31 8 0
32 7 1
33 8 0
34 6 1
35 6 1
36 7 0
37 6 1
38 6 1
39 6 1
40 6 1
41 6 0
42 6 0
43 5 1
44 6 0
45 5 1
46 4 1
47 4 1
48 4 1
49 5 0
50 4 1
51 5 0
52 5 0
53 4 1
54 5 0
55 5 0
56 4 0
57 4 0
58 4 0
59 3 1
60 4 0
61 4 0
62 3 1
63 4 0
64 4 0
65 4 0
66 3 1
67 4 0
68 4 0
69 4 0
70 2 1
71 2 1
72 3 0
73 2 1
74 3 0
75 3 0
76 2 1
77 3 0
78 2 1
79 2 1
80 3 0
81 1 1
82 1 1
83 1 1
##=========================================
##[Voxel Mapper]Iteration 500 keyframe id, used times, remaining times:
0 8 1
1 8 1
2 8 1
3 8 1
5 8 1
6 8 1
7 8 1
8 8 1
9 8 1
10 8 1
11 8 1
12 8 1
13 8 1
14 8 1
15 8 1
16 8 1
17 8 1
18 8 1
19 8 1
20 8 1
21 8 1
22 8 1
23 8 1
24 8 1
25 8 1
26 8 1
27 8 1
28 8 1
29 8 1
30 8 1
31 8 1
32 8 1
33 8 1
34 7 1
35 7 1
36 7 1
37 7 1
38 7 1
39 7 1
40 8 0
41 6 1
42 6 1
43 6 1
44 6 1
45 6 1
46 5 1
47 5 1
48 5 1
49 5 1
50 5 1
51 5 1
52 5 1
53 5 1
54 5 1
55 5 1
56 5 0
57 4 1
58 5 0
59 4 1
60 4 1
61 4 1
62 4 1
63 4 1
64 4 1
65 4 1
66 4 1
67 4 1
68 4 1
69 4 1
70 3 1
71 3 1
72 3 1
73 3 1
74 3 1
75 3 1
76 3 1
77 3 1
78 3 1
79 3 1
80 3 1
81 2 1
82 2 1
83 2 1
84 2 1
85 2 1
86 2 1
87 3 0
##=========================================
##[Voxel Mapper]Iteration 550 keyframe id, used times, remaining times:
0 8 1
1 8 1
2 9 0
3 9 0
5 8 1
6 8 1
7 8 1
8 9 0
9 8 1
10 9 0
11 8 1
12 8 1
13 8 1
14 9 0
15 9 0
16 9 0
17 9 0
18 9 0
19 8 1
20 8 1
21 9 0
22 8 1
23 8 1
24 9 0
25 9 0
26 8 1
27 9 0
28 9 0
29 9 0
30 9 0
31 8 1
32 9 0
33 9 0
34 7 1
35 8 0
36 7 1
37 7 1
38 8 0
39 8 0
40 8 0
41 6 1
42 7 0
43 7 0
44 7 0
45 7 0
46 5 1
47 6 0
48 6 0
49 6 0
50 6 0
51 6 0
52 5 1
53 6 0
54 6 0
55 6 0
56 5 0
57 5 0
58 5 0
59 5 0
60 4 1
61 4 1
62 4 1
63 5 0
64 4 1
65 5 0
66 5 0
67 4 1
68 5 0
69 5 0
70 4 0
71 4 0
72 3 1
73 4 0
74 3 1
75 3 1
76 4 0
77 3 1
78 3 1
79 4 0
80 4 0
81 2 1
82 2 1
83 3 0
84 3 0
85 2 1
86 3 0
87 3 0
89 1 1
##=========================================
##[Voxel Mapper]Iteration 600 keyframe id, used times, remaining times:
0 9 0
1 9 0
2 9 0
3 9 0
5 9 0
6 9 0
7 9 0
8 9 0
9 9 0
10 9 0
11 9 0
12 9 0
13 9 0
14 9 0
15 9 0
16 9 0
17 9 0
18 9 0
19 9 0
20 9 0
21 9 0
22 9 0
23 9 0
24 9 0
25 9 0
26 9 0
27 9 0
28 9 0
29 9 0
30 9 0
31 9 0
32 9 0
33 9 0
34 8 0
35 8 0
36 8 0
37 8 0
38 8 0
39 8 0
40 8 0
41 7 0
42 7 0
43 7 0
44 7 0
45 7 0
46 6 0
47 6 0
48 6 0
49 6 0
50 6 0
51 6 0
52 6 0
53 6 0
54 6 0
55 6 0
56 5 0
57 5 0
58 5 0
59 5 0
60 5 0
61 5 0
62 5 0
63 5 0
64 5 0
65 5 0
66 5 0
67 5 0
68 5 0
69 5 0
70 4 0
71 4 0
72 4 0
73 4 0
74 4 0
75 4 0
76 4 0
77 4 0
78 4 0
79 4 0
80 4 0
81 3 0
82 3 0
83 3 0
84 3 0
85 3 0
86 3 0
87 3 0
88 2 0
89 2 0
90 2 0
91 2 0
92 2 0
93 2 0
94 2 0
95 2 0
96 1 1
##=========================================
##[Voxel Mapper]Iteration 650 keyframe id, used times, remaining times:
0 9 1
1 9 1
2 9 1
3 10 0
5 9 1
6 9 1
7 9 1
8 9 1
9 10 0
10 10 0
11 9 1
12 9 1
13 10 0
14 9 1
15 9 1
16 10 0
17 10 0
18 10 0
19 9 1
20 9 1
21 9 1
22 9 1
23 10 0
24 10 0
25 9 1
26 10 0
27 9 1
28 10 0
29 9 1
30 10 0
31 10 0
32 9 1
33 10 0
34 8 1
35 8 1
36 8 1
37 9 0
38 9 0
39 8 1
40 9 0
41 8 0
42 7 1
43 8 0
44 7 1
45 8 0
46 7 0
47 6 1
48 6 1
49 7 0
50 6 1
51 7 0
52 6 1
53 7 0
54 7 0
55 7 0
56 5 1
57 6 0
58 6 0
59 5 1
60 5 1
61 6 0
62 5 1
63 6 0
64 6 0
65 5 1
66 6 0
67 6 0
68 6 0
69 6 0
70 4 1
71 5 0
72 4 1
73 5 0
74 4 1
75 5 0
76 4 1
77 5 0
78 4 1
79 5 0
80 5 0
81 3 1
82 4 0
83 4 0
84 4 0
85 4 0
86 4 0
87 4 0
88 2 1
89 2 1
90 2 1
91 2 1
92 2 1
93 2 1
94 2 1
95 3 0
96 2 1
99 1 1
##=========================================
##[Voxel Mapper]Iteration 700 keyframe id, used times, remaining times:
0 10 0
1 10 0
2 10 0
3 10 0
5 9 1
6 10 0
7 10 0
8 10 0
9 10 0
10 10 0
11 10 0
12 10 0
13 10 0
14 10 0
15 10 0
16 10 0
17 10 0
18 10 0
19 10 0
20 10 0
21 10 0
22 10 0
23 10 0
24 10 0
25 10 0
26 10 0
27 10 0
28 10 0
29 10 0
30 10 0
31 10 0
32 10 0
33 10 0
34 9 0
35 9 0
36 9 0
37 9 0
38 9 0
39 9 0
40 9 0
41 8 0
42 8 0
43 8 0
44 8 0
45 8 0
46 7 0
47 7 0
48 7 0
49 7 0
50 7 0
51 7 0
52 7 0
53 7 0
54 7 0
55 7 0
56 6 0
57 6 0
58 6 0
59 6 0
60 6 0
61 6 0
62 6 0
63 6 0
64 6 0
65 5 1
66 6 0
67 6 0
68 6 0
69 6 0
70 5 0
71 5 0
72 5 0
73 5 0
74 5 0
75 5 0
76 5 0
77 5 0
78 5 0
79 5 0
80 5 0
81 4 0
82 4 0
83 4 0
84 4 0
85 4 0
86 4 0
87 4 0
88 3 0
89 2 1
90 3 0
91 2 1
92 2 1
93 3 0
94 3 0
95 3 0
96 2 1
97 2 0
98 2 0
99 1 1
101 2 0
104 1 1
105 1 1
##=========================================
##[Voxel Mapper]Iteration 750 keyframe id, used times, remaining times:
0 10 1
1 10 1
2 10 1
3 10 1
5 10 1
6 10 1
7 10 1
8 10 1
9 11 0
10 10 1
11 10 1
12 10 1
13 10 1
14 11 0
15 10 1
16 11 0
17 10 1
18 10 1
19 10 1
20 10 1
21 10 1
22 10 1
23 11 0
24 11 0
25 10 1
26 10 1
27 10 1
28 10 1
29 11 0
30 11 0
31 10 1
32 10 1
33 10 1
34 9 1
35 10 0
36 9 1
37 9 1
38 9 1
39 9 1
40 9 1
41 8 1
42 8 1
43 8 1
44 9 0
45 8 1
46 8 0
47 7 1
48 8 0
49 7 1
50 7 1
51 7 1
52 8 0
53 7 1
54 7 1
55 7 1
56 6 1
57 6 1
58 6 1
59 6 1
60 6 1
61 6 1
62 7 0
63 7 0
64 6 1
65 7 0
66 6 1
67 6 1
68 6 1
69 6 1
70 5 1
71 5 1
72 6 0
73 5 1
74 5 1
75 5 1
76 5 1
77 5 1
78 6 0
79 6 0
80 5 1
81 5 0
82 5 0
83 4 1
84 5 0
85 5 0
86 4 1
87 5 0
88 3 1
89 4 0
90 3 1
91 4 0
92 3 1
93 3 1
94 3 1
95 4 0
96 4 0
97 3 0
98 2 1
99 3 0
100 2 1
101 2 1
102 2 1
103 2 1
104 2 1
105 2 1
106 3 0
107 3 0
##=========================================
##[Voxel Mapper]Iteration 800 keyframe id, used times, remaining times:
0 10 1
1 10 1
2 10 1
3 11 0
5 11 0
6 11 0
7 11 0
8 11 0
9 11 0
10 11 0
11 11 0
12 10 1
13 11 0
14 11 0
15 11 0
16 11 0
17 10 1
18 11 0
19 11 0
20 10 1
21 11 0
22 11 0
23 11 0
24 11 0
25 11 0
26 11 0
27 10 1
28 10 1
29 11 0
30 11 0
31 11 0
32 10 1
33 11 0
34 10 0
35 10 0
36 10 0
37 9 1
38 9 1
39 10 0
40 10 0
41 9 0
42 8 1
43 9 0
44 9 0
45 8 1
46 8 0
47 7 1
48 8 0
49 8 0
50 7 1
51 8 0
52 8 0
53 8 0
54 7 1
55 7 1
56 7 0
57 7 0
58 7 0
59 6 1
60 7 0
61 6 1
62 7 0
63 7 0
64 6 1
65 7 0
66 7 0
67 7 0
68 7 0
69 7 0
70 6 0
71 5 1
72 6 0
73 6 0
74 6 0
75 5 1
76 6 0
77 5 1
78 6 0
79 6 0
80 5 1
81 5 0
82 5 0
83 5 0
84 5 0
85 5 0
86 5 0
87 5 0
88 4 0
89 4 0
90 4 0
91 4 0
92 3 1
93 4 0
94 4 0
95 4 0
96 4 0
97 3 0
98 3 0
99 3 0
100 3 0
101 3 0
102 3 0
103 3 0
104 3 0
105 2 1
106 3 0
107 3 0
##=========================================
##[Voxel Mapper]Iteration 850 keyframe id, used times, remaining times:
0 11 1
1 12 0
2 12 0
3 11 1
5 11 1
6 11 1
7 11 1
8 11 1
9 11 1
10 11 1
11 11 1
12 12 0
13 11 1
14 11 1
15 11 1
16 11 1
17 11 1
18 11 1
19 11 1
20 11 1
21 11 1
22 11 1
23 11 1
24 11 1
25 11 1
26 11 1
27 12 0
28 12 0
29 11 1
30 11 1
31 11 1
32 12 0
33 11 1
34 10 1
35 10 1
36 10 1
37 11 0
38 11 0
39 10 1
40 10 1
41 9 1
42 10 0
43 9 1
44 9 1
45 10 0
46 8 1
47 9 0
48 8 1
49 8 1
50 8 1
51 8 1
52 8 1
53 8 1
54 9 0
55 9 0
56 7 1
57 7 1
58 7 1
59 7 1
60 7 1
61 8 0
62 7 1
63 7 1
64 8 0
65 7 1
66 7 1
67 7 1
68 7 1
69 7 1
70 6 1
71 7 0
72 6 1
73 6 1
74 6 1
75 7 0
76 6 1
77 7 0
78 7 0
79 6 1
80 6 1
81 5 1
82 5 1
83 5 1
84 5 1
85 5 1
86 5 1
87 5 1
88 4 1
89 4 1
90 4 1
91 4 1
92 5 0
93 4 1
94 4 1
95 4 1
96 4 1
97 3 1
98 3 1
99 3 1
100 3 1
101 3 1
102 3 1
103 3 1
104 3 1
105 4 0
106 3 1
107 3 1
108 3 0
##=========================================
##[Voxel Mapper]Iteration 50 keyframe id, used times, remaining times:
0 2 0
1 2 0
2 2 0
3 2 0
5 2 0
6 2 0
7 2 0
10 2 0
11 2 0
12 2 0
13 2 0
14 2 0
16 2 0
17 2 0
18 2 0
20 2 0
21 2 0
22 2 0
23 1 1
24 2 0
25 2 0
26 2 0
27 2 0
28 2 0
29 1 1
30 1 1
31 1 1
##=========================================
##[Voxel Mapper]Iteration 100 keyframe id, used times, remaining times:
0 3 0
1 3 0
2 3 0
3 3 0
5 3 0
6 3 0
7 3 0
10 3 0
11 3 0
12 2 1
13 3 0
14 3 0
15 3 0
16 3 0
17 3 0
18 2 1
19 3 0
20 3 0
21 3 0
22 3 0
23 3 0
24 3 0
25 3 0
26 3 0
27 3 0
28 3 0
29 3 0
30 3 0
31 3 0
32 3 0
33 3 0
34 2 0
35 2 0
36 2 0
37 2 0
38 1 1
##=========================================
##[Voxel Mapper]Iteration 150 keyframe id, used times, remaining times:
0 4 0
1 4 0
2 4 0
3 4 0
5 4 0
6 4 0
7 4 0
10 4 0
11 4 0
12 4 0
13 4 0
14 4 0
15 4 0
16 4 0
17 4 0
18 4 0
19 4 0
20 4 0
21 4 0
22 4 0
23 4 0
24 4 0
25 4 0
26 4 0
27 4 0
28 4 0
29 4 0
30 4 0
31 4 0
32 4 0
33 4 0
34 3 0
35 3 0
36 3 0
37 3 0
38 3 0
39 3 0
40 2 0
41 2 0
42 1 1
43 2 0
44 1 1
##=========================================
##[Voxel Mapper]Iteration 200 keyframe id, used times, remaining times:
0 5 0
1 5 0
2 5 0
3 5 0
5 5 0
6 5 0
7 5 0
10 5 0
11 5 0
12 5 0
13 5 0
14 5 0
15 5 0
16 5 0
17 5 0
18 5 0
19 5 0
20 5 0
21 5 0
22 5 0
23 5 0
24 5 0
25 5 0
26 5 0
27 5 0
28 5 0
29 5 0
30 5 0
31 5 0
32 5 0
33 5 0
34 4 0
35 4 0
36 4 0
37 4 0
38 4 0
39 4 0
40 2 1
41 3 0
42 3 0
43 3 0
44 2 1
45 2 0
48 2 0
49 2 0
50 1 1
51 1 1
##=========================================
##[Voxel Mapper]Iteration 250 keyframe id, used times, remaining times:
0 5 1
1 5 1
2 6 0
3 5 1
5 6 0
6 6 0
7 6 0
10 6 0
11 6 0
12 6 0
13 6 0
14 6 0
15 6 0
16 6 0
17 6 0
18 6 0
19 6 0
20 6 0
21 5 1
22 5 1
23 6 0
24 5 1
25 6 0
26 6 0
27 6 0
28 5 1
29 6 0
30 6 0
31 6 0
32 6 0
33 6 0
34 5 0
35 4 1
36 4 1
37 5 0
38 4 1
39 5 0
40 4 0
41 3 1
42 3 1
43 3 1
44 4 0
45 3 0
46 2 1
47 3 0
48 3 0
49 2 1
50 3 0
51 2 1
52 3 0
53 2 1
55 2 0
56 1 1
61 1 1
##=========================================
##[Voxel Mapper]Iteration 300 keyframe id, used times, remaining times:
0 6 1
1 6 1
2 6 1
3 6 1
5 6 1
6 6 1
7 6 1
10 6 1
11 6 1
12 6 1
13 6 1
14 6 1
15 6 1
16 6 1
17 6 1
18 7 0
19 7 0
20 6 1
21 6 1
22 6 1
23 6 1
24 6 1
25 6 1
26 6 1
27 6 1
28 6 1
29 6 1
30 6 1
31 6 1
32 6 1
33 6 1
34 6 0
35 5 1
36 5 1
37 5 1
38 5 1
39 5 1
40 4 1
41 4 1
42 4 1
43 4 1
44 4 1
45 3 1
46 3 1
47 3 1
48 3 1
49 4 0
50 3 1
51 3 1
52 4 0
53 3 1
54 2 1
55 2 1
56 2 1
57 2 1
58 2 1
59 2 1
60 2 1
61 2 1
62 2 1
63 2 1
64 2 1
65 2 1
66 2 1
67 3 0
68 3 0
##=========================================
##[Voxel Mapper]Iteration 350 keyframe id, used times, remaining times:
0 7 0
1 7 0
2 7 0
3 7 0
5 6 1
6 7 0
7 7 0
10 7 0
11 7 0
12 7 0
13 6 1
14 7 0
15 6 1
16 7 0
17 7 0
18 7 0
19 7 0
20 6 1
21 6 1
22 7 0
23 7 0
24 7 0
25 7 0
26 7 0
27 7 0
28 7 0
29 7 0
30 6 1
31 7 0
32 6 1
33 7 0
34 6 0
35 6 0
36 6 0
37 6 0
38 6 0
39 6 0
40 5 0
41 4 1
42 5 0
43 5 0
44 5 0
45 4 0
46 3 1
47 4 0
48 4 0
49 4 0
50 3 1
51 4 0
52 4 0
53 4 0
54 3 0
55 3 0
56 3 0
57 2 1
58 2 1
59 3 0
60 2 1
61 2 1
62 3 0
63 3 0
64 3 0
65 3 0
66 3 0
67 3 0
68 3 0
70 2 0
71 1 1
72 1 1
76 1 1
##=========================================
##[Voxel Mapper]Iteration 400 keyframe id, used times, remaining times:
0 7 1
1 7 1
2 7 1
3 7 1
5 7 1
6 7 1
7 7 1
10 7 1
11 7 1
12 7 1
13 8 0
14 7 1
15 7 1
16 7 1
17 7 1
18 7 1
19 7 1
20 8 0
21 7 1
22 8 0
23 7 1
24 8 0
25 8 0
26 7 1
27 8 0
28 7 1
29 7 1
30 7 1
31 7 1
32 7 1
33 7 1
34 7 0
35 6 1
36 6 1
37 6 1
38 7 0
39 6 1
40 5 1
41 5 1
42 6 0
43 5 1
44 6 0
45 5 0
46 4 1
47 4 1
48 5 0
49 5 0
50 4 1
51 4 1
52 5 0
53 4 1
54 3 1
55 4 0
56 3 1
57 3 1
58 3 1
59 3 1
60 3 1
61 3 1
62 4 0
63 3 1
64 3 1
65 4 0
66 3 1
67 3 1
68 3 1
69 2 1
70 3 0
71 2 1
72 2 1
73 3 0
74 2 1
75 3 0
76 2 1
77 2 1
78 3 0
##=========================================
##[Voxel Mapper]Iteration 450 keyframe id, used times, remaining times:
0 8 0
1 7 1
2 8 0
3 8 0
5 8 0
6 7 1
7 8 0
10 7 1
11 7 1
12 7 1
13 8 0
14 8 0
15 8 0
16 8 0
17 8 0
18 8 0
19 8 0
20 8 0
21 8 0
22 8 0
23 8 0
24 8 0
25 8 0
26 8 0
27 8 0
28 8 0
29 8 0
30 8 0
31 7 1
32 8 0
33 8 0
34 7 0
35 7 0
36 7 0
37 6 1
38 7 0
39 6 1
40 6 0
41 6 0
42 6 0
43 6 0
44 6 0
45 5 0
46 5 0
47 5 0
48 5 0
49 5 0
50 4 1
51 5 0
52 5 0
53 5 0
54 4 0
55 4 0
56 4 0
57 4 0
58 4 0
59 4 0
60 4 0
61 4 0
62 4 0
63 4 0
64 4 0
65 4 0
66 4 0
67 4 0
68 3 1
69 3 0
70 3 0
71 3 0
72 3 0
73 3 0
74 3 0
75 3 0
76 3 0
77 3 0
78 3 0
81 2 0
82 1 1
83 1 1
84 1 1
##=========================================
##[Voxel Mapper]Iteration 500 keyframe id, used times, remaining times:
0 9 0
1 8 1
2 9 0
3 8 1
5 8 1
6 8 1
7 9 0
10 9 0
11 8 1
12 9 0
13 8 1
14 9 0
15 8 1
16 9 0
17 9 0
18 8 1
19 9 0
20 8 1
21 8 1
22 8 1
23 8 1
24 8 1
25 9 0
26 8 1
27 8 1
28 8 1
29 8 1
30 8 1
31 8 1
32 8 1
33 8 1
34 7 1
35 8 0
36 7 1
37 7 1
38 7 1
39 7 1
40 7 0
41 6 1
42 6 1
43 7 0
44 6 1
45 5 1
46 5 1
47 5 1
48 5 1
49 5 1
50 5 1
51 5 1
52 5 1
53 6 0
54 5 0
55 5 0
56 4 1
57 5 0
58 5 0
59 5 0
60 5 0
61 4 1
62 4 1
63 4 1
64 5 0
65 5 0
66 4 1
67 4 1
68 5 0
69 3 1
70 3 1
71 4 0
72 3 1
73 3 1
74 3 1
75 3 1
76 3 1
77 3 1
78 3 1
79 3 0
80 3 0
81 2 1
82 2 1
83 3 0
84 2 1
85 3 0
86 3 0
##=========================================
##[Voxel Mapper]Iteration 550 keyframe id, used times, remaining times:
0 9 0
1 9 0
2 9 0
3 9 0
5 9 0
6 8 1
7 9 0
10 9 0
11 9 0
12 9 0
13 9 0
14 9 0
15 9 0
16 9 0
17 9 0
18 9 0
19 9 0
20 9 0
21 9 0
22 9 0
23 8 1
24 9 0
25 9 0
26 8 1
27 9 0
28 9 0
29 9 0
30 9 0
31 9 0
32 9 0
33 9 0
34 8 0
35 8 0
36 8 0
37 8 0
38 7 1
39 8 0
40 7 0
41 7 0
42 7 0
43 7 0
44 7 0
45 5 1
46 5 1
47 6 0
48 5 1
49 6 0
50 5 1
51 6 0
52 6 0
53 6 0
54 5 0
55 5 0
56 4 1
57 5 0
58 5 0
59 5 0
60 5 0
61 4 1
62 5 0
63 4 1
64 5 0
65 5 0
66 4 1
67 5 0
68 5 0
69 4 0
70 4 0
71 4 0
72 3 1
73 4 0
74 4 0
75 3 1
76 4 0
77 4 0
78 4 0
79 3 0
80 3 0
81 3 0
82 3 0
83 3 0
84 3 0
85 3 0
86 3 0
87 2 0
88 2 0
89 1 1
90 1 1
91 1 1
92 1 1
93 1 1
##=========================================
##[Voxel Mapper]Iteration 600 keyframe id, used times, remaining times:
0 9 1
1 9 1
2 10 0
3 9 1
5 9 1
6 10 0
7 9 1
10 9 1
11 9 1
12 9 1
13 9 1
14 10 0
15 9 1
16 10 0
17 9 1
18 10 0
19 9 1
20 10 0
21 9 1
22 10 0
23 9 1
24 9 1
25 9 1
26 9 1
27 9 1
28 9 1
29 9 1
30 9 1
31 10 0
32 9 1
33 10 0
34 8 1
35 9 0
36 8 1
37 8 1
38 9 0
39 8 1
40 7 1
41 8 0
42 7 1
43 7 1
44 7 1
45 6 1
46 6 1
47 6 1
48 7 0
49 7 0
50 7 0
51 6 1
52 6 1
53 6 1
54 5 1
55 5 1
56 5 1
57 5 1
58 6 0
59 5 1
60 5 1
61 5 1
62 5 1
63 5 1
64 6 0
65 5 1
66 6 0
67 5 1
68 6 0
69 5 0
70 4 1
71 4 1
72 4 1
73 4 1
74 4 1
75 4 1
76 5 0
77 4 1
78 4 1
79 3 1
80 3 1
81 3 1
82 3 1
83 3 1
84 4 0
85 3 1
86 3 1
87 2 1
88 3 0
89 2 1
90 3 0
91 3 0
92 2 1
93 3 0
94 2 1
95 3 0
##=========================================
##[Voxel Mapper]Iteration 650 keyframe id, used times, remaining times:
0 9 1
1 10 0
2 10 0
3 10 0
5 10 0
6 10 0
7 10 0
10 10 0
11 9 1
12 10 0
13 10 0
14 10 0
15 10 0
16 10 0
17 10 0
18 10 0
19 10 0
20 10 0
21 10 0
22 10 0
23 9 1
24 10 0
25 10 0
26 10 0
27 10 0
28 9 1
29 9 1
30 10 0
31 10 0
32 9 1
33 10 0
34 9 0
35 9 0
36 9 0
37 9 0
38 9 0
39 9 0
40 8 0
41 8 0
42 8 0
43 8 0
44 7 1
45 7 0
46 7 0
47 7 0
48 7 0
49 7 0
50 7 0
51 7 0
52 7 0
53 7 0
54 5 1
55 5 1
56 6 0
57 6 0
58 6 0
59 6 0
60 5 1
61 6 0
62 6 0
63 6 0
64 6 0
65 5 1
66 6 0
67 6 0
68 6 0
69 5 0
70 4 1
71 5 0
72 5 0
73 5 0
74 5 0
75 5 0
76 5 0
77 5 0
78 5 0
79 4 0
80 4 0
81 4 0
82 4 0
83 3 1
84 4 0
85 3 1
86 3 1
87 3 0
88 3 0
89 2 1
90 3 0
91 3 0
92 3 0
93 3 0
94 3 0
95 3 0
##=========================================
##[Voxel Mapper]Iteration 50 keyframe id, used times, remaining times:
0 1 1
1 2 0
2 2 0
3 2 0
4 1 1
7 2 0
9 2 0
10 2 0
11 2 0
12 2 0
13 2 0
14 2 0
15 2 0
16 2 0
17 2 0
18 2 0
19 2 0
20 1 1
21 1 1
22 2 0
23 2 0
24 2 0
25 2 0
26 2 0
27 2 0
28 1 1
29 1 1
30 2 0
##=========================================
##[Voxel Mapper]Iteration 100 keyframe id, used times, remaining times:
0 3 0
1 3 0
2 3 0
3 3 0
4 3 0
7 3 0
9 3 0
10 3 0
11 3 0
12 3 0
13 3 0
14 3 0
15 3 0
16 3 0
17 3 0
18 3 0
19 3 0
20 3 0
21 3 0
22 3 0
23 3 0
24 3 0
25 3 0
26 3 0
27 3 0
28 3 0
29 3 0
30 3 0
31 3 0
32 3 0
33 3 0
34 3 0
35 1 1
36 1 1
37 1 1
39 1 1
##=========================================
##[Voxel Mapper]Iteration 150 keyframe id, used times, remaining times:
0 4 0
1 4 0
2 4 0
3 4 0
4 3 1
7 4 0
9 4 0
10 4 0
11 4 0
12 4 0
13 4 0
14 4 0
15 4 0
16 4 0
17 4 0
18 4 0
19 3 1
20 4 0
21 4 0
22 4 0
23 4 0
24 4 0
25 4 0
26 4 0
27 3 1
28 4 0
29 4 0
30 4 0
31 4 0
32 4 0
33 4 0
34 4 0
35 3 0
36 3 0
37 3 0
38 3 0
39 3 0
40 3 0
41 1 1
42 2 0
43 2 0
44 1 1
45 1 1
##=========================================
##[Voxel Mapper]Iteration 200 keyframe id, used times, remaining times:
0 5 0
1 5 0
2 5 0
3 5 0
4 5 0
7 5 0
9 5 0
10 5 0
11 5 0
12 5 0
13 5 0
14 5 0
15 5 0
16 5 0
17 5 0
18 5 0
19 5 0
20 5 0
21 4 1
22 5 0
23 5 0
24 5 0
25 5 0
26 5 0
27 5 0
28 5 0
29 5 0
30 5 0
31 5 0
32 5 0
33 5 0
34 4 1
35 4 0
36 4 0
37 4 0
38 4 0
39 4 0
40 4 0
41 2 1
42 2 1
43 3 0
44 3 0
45 2 1
46 3 0
47 2 0
48 1 1
##=========================================
##[Voxel Mapper]Iteration 250 keyframe id, used times, remaining times:
0 6 0
1 5 1
2 6 0
3 6 0
4 6 0
7 6 0
9 5 1
10 5 1
11 6 0
12 5 1
13 6 0
14 5 1
15 5 1
16 6 0
17 5 1
18 5 1
19 5 1
20 6 0
21 5 1
22 6 0
23 5 1
24 5 1
25 5 1
26 6 0
27 5 1
28 6 0
29 6 0
30 5 1
31 5 1
32 5 1
33 6 0
34 5 1
35 4 1
36 4 1
37 5 0
38 5 0
39 5 0
40 5 0
41 3 1
42 4 0
43 4 0
44 3 1
45 4 0
46 4 0
47 3 0
48 3 0
49 3 0
50 2 1
51 3 0
52 3 0
53 2 1
54 3 0
55 2 1
57 1 1
58 1 1
##=========================================
##[Voxel Mapper]Iteration 300 keyframe id, used times, remaining times:
0 6 1
1 6 1
2 6 1
3 6 1
4 6 1
7 6 1
9 6 1
10 6 1
11 6 1
12 6 1
13 6 1
14 6 1
15 6 1
16 6 1
17 6 1
18 6 1
19 6 1
20 6 1
21 6 1
22 6 1
23 6 1
24 6 1
25 6 1
26 6 1
27 6 1
28 6 1
29 6 1
30 6 1
31 7 0
32 6 1
33 6 1
34 6 1
35 5 1
36 5 1
37 5 1
38 5 1
39 5 1
40 5 1
41 4 1
42 4 1
43 4 1
44 4 1
45 4 1
46 4 1
47 3 1
48 3 1
49 3 1
50 3 1
51 3 1
52 4 0
53 3 1
54 3 1
55 3 1
56 2 1
57 2 1
58 2 1
59 2 1
60 2 1
61 2 1
62 2 1
63 2 1
64 2 1
65 2 1
66 2 1
67 3 0
##=========================================
##[Voxel Mapper]Iteration 350 keyframe id, used times, remaining times:
0 7 0
1 6 1
2 7 0
3 7 0
4 6 1
7 7 0
9 6 1
10 6 1
11 6 1
12 7 0
13 6 1
14 7 0
15 7 0
16 7 0
17 7 0
18 6 1
19 7 0
20 7 0
21 7 0
22 7 0
23 7 0
24 7 0
25 6 1
26 7 0
27 7 0
28 6 1
29 6 1
30 7 0
31 7 0
32 7 0
33 7 0
34 7 0
35 6 0
36 5 1
37 6 0
38 6 0
39 6 0
40 6 0
41 5 0
42 5 0
43 4 1
44 5 0
45 5 0
46 4 1
47 4 0
48 4 0
49 3 1
50 4 0
51 4 0
52 4 0
53 3 1
54 4 0
55 4 0
56 3 0
57 2 1
58 3 0
59 3 0
60 3 0
61 3 0
62 3 0
63 2 1
64 3 0
65 3 0
66 3 0
67 3 0
69 2 0
73 1 1
75 1 1
76 1 1
##=========================================
##[Voxel Mapper]Iteration 400 keyframe id, used times, remaining times:
0 7 1
1 7 1
2 7 1
3 7 1
4 7 1
7 7 1
9 7 1
10 8 0
11 7 1
12 7 1
13 7 1
14 7 1
15 8 0
16 7 1
17 7 1
18 7 1
19 7 1
20 8 0
21 7 1
22 8 0
23 7 1
24 7 1
25 8 0
26 7 1
27 7 1
28 7 1
29 7 1
30 7 1
31 7 1
32 7 1
33 7 1
34 7 1
35 6 1
36 6 1
37 6 1
38 6 1
39 6 1
40 6 1
41 5 1
42 6 0
43 5 1
44 5 1
45 5 1
46 6 0
47 4 1
48 5 0
49 4 1
50 4 1
51 4 1
52 4 1
53 4 1
54 4 1
55 4 1
56 3 1
57 3 1
58 3 1
59 4 0
60 3 1
61 4 0
62 4 0
63 3 1
64 3 1
65 3 1
66 4 0
67 3 1
68 3 0
69 3 0
70 2 1
71 2 1
72 2 1
73 2 1
74 2 1
75 2 1
76 2 1
77 2 1
78 2 1
79 2 1
##=========================================
##[Voxel Mapper]Iteration 450 keyframe id, used times, remaining times:
0 8 0
1 8 0
2 8 0
3 8 0
4 8 0
7 8 0
9 8 0
10 8 0
11 8 0
12 8 0
13 8 0
14 8 0
15 8 0
16 8 0
17 8 0
18 7 1
19 8 0
20 8 0
21 8 0
22 8 0
23 8 0
24 7 1
25 8 0
26 8 0
27 7 1
28 8 0
29 8 0
30 8 0
31 8 0
32 8 0
33 8 0
34 8 0
35 7 0
36 6 1
37 6 1
38 7 0
39 7 0
40 7 0
41 5 1
42 6 0
43 6 0
44 6 0
45 5 1
46 6 0
47 4 1
48 5 0
49 5 0
50 5 0
51 5 0
52 5 0
53 5 0
54 5 0
55 5 0
56 4 0
57 4 0
58 4 0
59 4 0
60 4 0
61 4 0
62 4 0
63 4 0
64 4 0
65 3 1
66 4 0
67 4 0
68 3 0
69 3 0
70 3 0
71 3 0
72 3 0
73 2 1
74 3 0
75 3 0
76 2 1
77 2 1
78 2 1
79 2 1
80 1 1
##=========================================
##[Voxel Mapper]Iteration 500 keyframe id, used times, remaining times:
0 8 1
1 8 1
2 8 1
3 8 1
4 8 1
7 8 1
9 8 1
10 8 1
11 8 1
12 8 1
13 9 0
14 9 0
15 8 1
16 8 1
17 9 0
18 8 1
19 8 1
20 8 1
21 8 1
22 8 1
23 8 1
24 9 0
25 9 0
26 8 1
27 8 1
28 8 1
29 8 1
30 8 1
31 8 1
32 9 0
33 8 1
34 8 1
35 7 1
36 7 1
37 7 1
38 8 0
39 7 1
40 7 1
41 6 1
42 7 0
43 7 0
44 6 1
45 6 1
46 6 1
47 6 0
48 5 1
49 5 1
50 6 0
51 5 1
52 5 1
53 6 0
54 5 1
55 5 1
56 5 0
57 5 0
58 4 1
59 4 1
60 4 1
61 4 1
62 5 0
63 4 1
64 5 0
65 5 0
66 5 0
67 4 1
68 4 0
69 3 1
70 3 1
71 3 1
72 3 1
73 3 1
74 3 1
75 4 0
76 3 1
77 3 1
78 3 1
79 3 1
80 2 1
81 3 0
82 2 1
83 2 1
84 2 1
85 3 0
86 3 0
##=========================================
##[Voxel Mapper]Iteration 550 keyframe id, used times, remaining times:
0 9 0
1 8 1
2 8 1
3 9 0
4 9 0
7 8 1
9 9 0
10 9 0
11 9 0
12 9 0
13 9 0
14 9 0
15 9 0
16 9 0
17 9 0
18 9 0
19 8 1
20 8 1
21 9 0
22 9 0
23 9 0
24 9 0
25 9 0
26 9 0
27 9 0
28 9 0
29 8 1
30 9 0
31 9 0
32 9 0
33 9 0
34 8 1
35 8 0
36 7 1
37 7 1
38 8 0
39 7 1
40 8 0
41 7 0
42 7 0
43 7 0
44 6 1
45 7 0
46 7 0
47 6 0
48 6 0
49 6 0
50 6 0
51 6 0
52 6 0
53 6 0
54 5 1
55 5 1
56 5 0
57 5 0
58 5 0
59 5 0
60 5 0
61 5 0
62 5 0
63 5 0
64 5 0
65 5 0
66 5 0
67 5 0
68 4 0
69 4 0
70 4 0
71 4 0
72 4 0
73 4 0
74 4 0
75 4 0
76 3 1
77 4 0
78 4 0
79 4 0
80 2 1
81 3 0
82 3 0
83 3 0
84 3 0
85 3 0
86 3 0
89 2 0
90 2 0
##=========================================
##[Voxel Mapper]Iteration 600 keyframe id, used times, remaining times:
0 9 1
1 9 1
2 9 1
3 9 1
4 9 1
7 9 1
9 9 1
10 10 0
11 9 1
12 10 0
13 10 0
14 9 1
15 9 1
16 10 0
17 9 1
18 9 1
19 10 0
20 9 1
21 9 1
22 9 1
23 9 1
24 10 0
25 9 1
26 10 0
27 9 1
28 9 1
29 9 1
30 9 1
31 9 1
32 9 1
33 10 0
34 9 1
35 8 1
36 8 1
37 8 1
38 8 1
39 8 1
40 8 1
41 7 1
42 7 1
43 8 0
44 7 1
45 7 1
46 7 1
47 7 0
48 6 1
49 7 0
50 6 1
51 6 1
52 6 1
53 6 1
54 6 1
55 6 1
56 5 1
57 5 1
58 5 1
59 5 1
60 5 1
61 5 1
62 6 0
63 5 1
64 5 1
65 5 1
66 5 1
67 5 1
68 4 1
69 5 0
70 4 1
71 4 1
72 5 0
73 4 1
74 5 0
75 4 1
76 5 0
77 4 1
78 4 1
79 5 0
80 3 1
81 3 1
82 4 0
83 3 1
84 3 1
85 3 1
86 4 0
87 3 0
88 3 0
89 2 1
90 2 1
91 2 1
92 2 1
93 3 0
94 3 0
##=========================================
##[Voxel Mapper]Iteration 650 keyframe id, used times, remaining times:
0 10 0
1 10 0
2 9 1
3 9 1
4 10 0
7 9 1
9 10 0
10 10 0
11 10 0
12 10 0
13 10 0
14 10 0
15 10 0
16 10 0
17 10 0
18 9 1
19 10 0
20 10 0
21 10 0
22 9 1
23 10 0
24 10 0
25 10 0
26 10 0
27 10 0
28 10 0
29 9 1
30 10 0
31 10 0
32 10 0
33 10 0
34 9 1
35 9 0
36 9 0
37 9 0
38 8 1
39 8 1
40 8 1
41 8 0
42 7 1
43 8 0
44 8 0
45 8 0
46 8 0
47 7 0
48 7 0
49 7 0
50 6 1
51 7 0
52 6 1
53 6 1
54 7 0
55 7 0
56 6 0
57 6 0
58 5 1
59 6 0
60 5 1
61 6 0
62 6 0
63 5 1
64 6 0
65 5 1
66 6 0
67 5 1
68 4 1
69 5 0
70 5 0
71 5 0
72 5 0
73 5 0
74 5 0
75 4 1
76 5 0
77 4 1
78 5 0
79 5 0
80 4 0
81 4 0
82 4 0
83 4 0
84 4 0
85 3 1
86 4 0
87 3 0
88 3 0
89 3 0
90 2 1
91 3 0
92 3 0
93 3 0
94 3 0
95 2 0
96 1 1
97 1 1
98 1 1
##=========================================
##[Voxel Mapper]Iteration 700 keyframe id, used times, remaining times:
0 10 1
1 10 1
2 10 1
3 10 1
4 10 1
7 10 1
9 10 1
10 10 1
11 10 1
12 10 1
13 10 1
14 10 1
15 10 1
16 10 1
17 10 1
18 10 1
19 10 1
20 10 1
21 10 1
22 10 1
23 10 1
24 10 1
25 10 1
26 10 1
27 10 1
28 10 1
29 10 1
30 10 1
31 10 1
32 10 1
33 10 1
34 10 1
35 9 1
36 9 1
37 9 1
38 10 0
39 9 1
40 9 1
41 8 1
42 8 1
43 8 1
44 8 1
45 8 1
46 8 1
47 7 1
48 7 1
49 7 1
50 7 1
51 7 1
52 8 0
53 7 1
54 7 1
55 7 1
56 6 1
57 6 1
58 6 1
59 6 1
60 6 1
61 6 1
62 6 1
63 6 1
64 6 1
65 6 1
66 6 1
67 6 1
68 5 1
69 5 1
70 5 1
71 5 1
72 5 1
73 6 0
74 5 1
75 5 1
76 5 1
77 5 1
78 5 1
79 5 1
80 4 1
81 4 1
82 4 1
83 4 1
84 4 1
85 4 1
86 4 1
87 3 1
88 3 1
89 3 1
90 3 1
91 3 1
92 3 1
93 3 1
94 3 1
95 2 1
96 2 1
97 2 1
98 2 1
99 2 1
100 2 1
101 2 1
102 2 1
103 2 1
104 2 1
105 3 0
106 2 1
107 3 0
##=========================================
##[Voxel Mapper]Iteration 750 keyframe id, used times, remaining times:
0 10 1
1 10 1
2 11 0
3 10 1
4 10 1
7 11 0
9 10 1
10 11 0
11 11 0
12 11 0
13 10 1
14 10 1
15 10 1
16 10 1
17 10 1
18 11 0
19 10 1
20 11 0
21 10 1
22 10 1
23 11 0
24 11 0
25 10 1
26 10 1
27 10 1
28 11 0
29 11 0
30 10 1
31 10 1
32 11 0
33 10 1
34 11 0
35 10 0
36 9 1
37 9 1
38 10 0
39 10 0
40 9 1
41 9 0
42 9 0
43 9 0
44 8 1
45 8 1
46 8 1
47 8 0
48 8 0
49 7 1
50 8 0
51 8 0
52 8 0
53 7 1
54 7 1
55 7 1
56 7 0
57 7 0
58 6 1
59 7 0
60 7 0
61 7 0
62 7 0
63 7 0
64 6 1
65 7 0
66 6 1
67 7 0
68 6 0
69 6 0
70 5 1
71 6 0
72 5 1
73 6 0
74 5 1
75 5 1
76 5 1
77 6 0
78 5 1
79 6 0
80 5 0
81 4 1
82 4 1
83 4 1
84 5 0
85 4 1
86 4 1
87 3 1
88 3 1
89 4 0
90 4 0
91 4 0
92 4 0
93 4 0
94 4 0
95 3 0
96 3 0
97 2 1
98 2 1
99 2 1
100 3 0
101 3 0
102 3 0
103 2 1
104 2 1
105 3 0
106 2 1
107 3 0
109 1 1
##=========================================
##[Voxel Mapper]Iteration 50 keyframe id, used times, remaining times:
0 2 0
1 2 0
2 1 1
3 2 0
4 1 1
5 2 0
7 2 0
8 2 0
9 2 0
10 2 0
11 2 0
12 2 0
13 2 0
14 2 0
15 2 0
16 2 0
17 2 0
18 1 1
19 1 1
20 2 0
21 2 0
22 2 0
23 2 0
24 2 0
25 1 1
26 2 0
27 2 0
29 1 1
##=========================================
##[Voxel Mapper]Iteration 100 keyframe id, used times, remaining times:
0 3 0
1 3 0
2 3 0
3 3 0
4 3 0
5 3 0
7 3 0
8 3 0
9 3 0
10 3 0
11 3 0
12 3 0
13 3 0
14 3 0
15 3 0
16 3 0
17 3 0
18 3 0
19 2 1
20 3 0
21 3 0
22 3 0
23 3 0
24 3 0
25 3 0
26 3 0
27 3 0
28 3 0
29 3 0
30 3 0
31 3 0
32 2 0
33 2 0
34 2 0
35 1 1
36 1 1
##=========================================
##[Voxel Mapper]Iteration 150 keyframe id, used times, remaining times:
0 4 0
1 3 1
2 4 0
3 4 0
4 4 0
5 4 0
7 4 0
8 4 0
9 4 0
10 4 0
11 4 0
12 4 0
13 4 0
14 4 0
15 4 0
16 4 0
17 4 0
18 4 0
19 4 0
20 4 0
21 4 0
22 4 0
23 4 0
24 4 0
25 3 1
26 4 0
27 4 0
28 4 0
29 4 0
30 4 0
31 4 0
32 3 0
33 3 0
34 3 0
35 3 0
36 3 0
37 3 0
38 3 0
39 2 0
40 2 0
41 2 0
43 1 1
##=========================================
##[Voxel Mapper]Iteration 200 keyframe id, used times, remaining times:
0 5 0
1 5 0
2 5 0
3 5 0
4 4 1
5 5 0
7 5 0
8 5 0
9 5 0
10 5 0
11 5 0
12 5 0
13 5 0
14 5 0
15 5 0
16 5 0
17 5 0
18 5 0
19 5 0
20 5 0
21 5 0
22 5 0
23 5 0
24 5 0
25 5 0
26 4 1
27 5 0
28 5 0
29 5 0
30 5 0
31 5 0
32 4 0
33 3 1
34 4 0
35 4 0
36 3 1
37 3 1
38 4 0
39 3 0
40 3 0
41 2 1
42 3 0
43 3 0
44 3 0
45 2 0
46 1 1
47 1 1
49 1 1
##=========================================
##[Voxel Mapper]Iteration 250 keyframe id, used times, remaining times:
0 6 0
1 6 0
2 5 1
3 6 0
4 5 1
5 5 1
7 6 0
8 6 0
9 6 0
10 6 0
11 5 1
12 6 0
13 6 0
14 5 1
15 5 1
16 6 0
17 5 1
18 5 1
19 6 0
20 6 0
21 6 0
22 6 0
23 6 0
24 6 0
25 5 1
26 6 0
27 5 1
28 5 1
29 5 1
30 6 0
31 6 0
32 5 0
33 4 1
34 4 1
35 5 0
36 5 0
37 5 0
38 5 0
39 4 0
40 3 1
41 3 1
42 4 0
43 3 1
44 3 1
45 2 1
46 3 0
47 2 1
48 2 1
49 3 0
50 2 1
51 2 1
52 3 0
53 2 0
54 2 0
##=========================================
##[Voxel Mapper]Iteration 300 keyframe id, used times, remaining times:
0 6 1
1 6 1
2 7 0
3 6 1
4 6 1
5 6 1
7 6 1
8 6 1
9 6 1
10 6 1
11 6 1
12 6 1
13 6 1
14 6 1
15 6 1
16 6 1
17 6 1
18 6 1
19 6 1
20 6 1
21 6 1
22 6 1
23 6 1
24 6 1
25 7 0
26 6 1
27 6 1
28 6 1
29 6 1
30 6 1
31 6 1
32 5 1
33 5 1
34 5 1
35 5 1
36 5 1
37 5 1
38 5 1
39 4 1
40 4 1
41 4 1
42 4 1
43 4 1
44 4 1
45 4 0
46 3 1
47 3 1
48 3 1
49 3 1
50 3 1
51 3 1
52 3 1
53 2 1
54 2 1
55 2 1
56 2 1
57 2 1
58 2 1
59 2 1
60 2 1
61 3 0
62 2 1
63 2 1
64 2 1
65 3 0
##=========================================
##[Voxel Mapper]Iteration 350 keyframe id, used times, remaining times:
0 7 0
1 7 0
2 7 0
3 7 0
4 7 0
5 7 0
7 7 0
8 6 1
9 7 0
10 7 0
11 7 0
12 7 0
13 7 0
14 7 0
15 7 0
16 6 1
17 7 0
18 7 0
19 7 0
20 7 0
21 7 0
22 7 0
23 7 0
24 7 0
25 7 0
26 6 1
27 7 0
28 6 1
29 7 0
30 7 0
31 7 0
32 5 1
33 5 1
34 6 0
35 6 0
36 6 0
37 6 0
38 6 0
39 5 0
40 5 0
41 5 0
42 5 0
43 4 1
44 4 1
45 4 0
46 3 1
47 4 0
48 4 0
49 4 0
50 3 1
51 4 0
52 4 0
53 3 0
54 3 0
55 3 0
56 3 0
57 3 0
58 3 0
59 2 1
60 3 0
61 3 0
62 3 0
63 2 1
64 2 1
65 3 0
68 1 1
69 1 1
71 1 1
##=========================================
##[Voxel Mapper]Iteration 400 keyframe id, used times, remaining times:
0 7 1
1 7 1
2 7 1
3 7 1
4 7 1
5 7 1
7 7 1
8 7 1
9 7 1
10 8 0
11 7 1
12 7 1
13 7 1
14 7 1
15 7 1
16 8 0
17 7 1
18 7 1
19 7 1
20 8 0
21 8 0
22 8 0
23 7 1
24 7 1
25 7 1
26 7 1
27 7 1
28 8 0
29 7 1
30 7 1
31 8 0
32 6 1
33 6 1
34 7 0
35 7 0
36 6 1
37 6 1
38 6 1
39 5 1
40 5 1
41 5 1
42 6 0
43 6 0
44 5 1
45 4 1
46 4 1
47 5 0
48 4 1
49 4 1
50 4 1
51 4 1
52 4 1
53 3 1
54 4 0
55 4 0
56 3 1
57 3 1
58 3 1
59 3 1
60 4 0
61 3 1
62 3 1
63 3 1
64 3 1
65 4 0
66 2 1
67 2 1
68 2 1
69 2 1
70 3 0
71 3 0
72 2 1
73 2 1
74 3 0
75 3 0
##=========================================
##[Voxel Mapper]Iteration 450 keyframe id, used times, remaining times:
0 8 0
1 7 1
2 7 1
3 8 0
4 8 0
5 8 0
7 8 0
8 8 0
9 8 0
10 8 0
11 7 1
12 8 0
13 8 0
14 7 1
15 7 1
16 8 0
17 8 0
18 7 1
19 8 0
20 8 0
21 8 0
22 8 0
23 8 0
24 8 0
25 7 1
26 8 0
27 8 0
28 8 0
29 8 0
30 8 0
31 8 0
32 7 0
33 6 1
34 7 0
35 7 0
36 7 0
37 7 0
38 7 0
39 6 0
40 6 0
41 6 0
42 6 0
43 6 0
44 6 0
45 5 0
46 5 0
47 5 0
48 5 0
49 5 0
50 5 0
51 5 0
52 5 0
53 4 0
54 4 0
55 4 0
56 3 1
57 4 0
58 4 0
59 3 1
60 4 0
61 4 0
62 4 0
63 4 0
64 4 0
65 4 0
66 3 0
67 3 0
68 3 0
69 3 0
70 3 0
71 3 0
72 3 0
73 3 0
74 3 0
75 3 0
76 1 1
77 1 1
79 2 0
80 1 1
##=========================================
##[Voxel Mapper]Iteration 500 keyframe id, used times, remaining times:
0 8 1
1 8 1
2 8 1
3 8 1
4 8 1
5 8 1
7 8 1
8 9 0
9 8 1
10 8 1
11 8 1
12 8 1
13 8 1
14 9 0
15 8 1
16 8 1
17 8 1
18 9 0
19 9 0
20 8 1
21 9 0
22 9 0
23 9 0
24 9 0
25 9 0
26 8 1
27 9 0
28 9 0
29 9 0
30 8 1
31 8 1
32 7 1
33 7 1
34 8 0
35 7 1
36 7 1
37 8 0
38 7 1
39 7 0
40 6 1
41 7 0
42 6 1
43 7 0
44 7 0
45 5 1
46 5 1
47 5 1
48 6 0
49 6 0
50 6 0
51 5 1
52 5 1
53 4 1
54 5 0
55 5 0
56 5 0
57 4 1
58 4 1
59 4 1
60 4 1
61 5 0
62 5 0
63 4 1
64 4 1
65 4 1
66 4 0
67 4 0
68 4 0
69 3 1
70 4 0
71 3 1
72 3 1
73 3 1
74 3 1
75 4 0
76 2 1
77 2 1
78 2 1
79 2 1
80 3 0
81 3 0
##=========================================
##[Voxel Mapper]Iteration 550 keyframe id, used times, remaining times:
0 9 0
1 9 0
2 9 0
3 9 0
4 9 0
5 9 0
7 9 0
8 9 0
9 9 0
10 9 0
11 9 0
12 9 0
13 9 0
14 9 0
15 9 0
16 9 0
17 9 0
18 9 0
19 9 0
20 8 1
21 9 0
22 9 0
23 9 0
24 9 0
25 9 0
26 9 0
27 9 0
28 9 0
29 9 0
30 9 0
31 9 0
32 8 0
33 8 0
34 8 0
35 8 0
36 8 0
37 8 0
38 8 0
39 7 0
40 7 0
41 7 0
42 7 0
43 7 0
44 7 0
45 6 0
46 6 0
47 6 0
48 6 0
49 6 0
50 6 0
51 5 1
52 6 0
53 5 0
54 5 0
55 5 0
56 5 0
57 5 0
58 4 1
59 5 0
60 5 0
61 5 0
62 5 0
63 5 0
64 5 0
65 5 0
66 4 0
67 4 0
68 4 0
69 4 0
70 4 0
71 4 0
72 3 1
73 3 1
74 4 0
75 4 0
76 3 0
77 3 0
78 3 0
79 3 0
80 3 0
81 3 0
83 2 0
84 2 0
85 1 1
86 1 1
88 1 1
##=========================================
##[Voxel Mapper]Iteration 600 keyframe id, used times, remaining times:
0 9 1
1 9 1
2 10 0
3 10 0
4 9 1
5 9 1
7 9 1
8 10 0
9 10 0
10 10 0
11 10 0
12 10 0
13 10 0
14 9 1
15 10 0
16 9 1
17 9 1
18 9 1
19 10 0
20 10 0
21 9 1
22 9 1
23 9 1
24 9 1
25 10 0
26 9 1
27 10 0
28 10 0
29 10 0
30 9 1
31 9 1
32 8 1
33 8 1
34 8 1
35 8 1
36 8 1
37 8 1
38 8 1
39 7 1
40 8 0
41 7 1
42 7 1
43 7 1
44 7 1
45 6 1
46 6 1
47 7 0
48 7 0
49 7 0
50 7 0
51 7 0
52 7 0
53 5 1
54 5 1
55 5 1
56 5 1
57 6 0
58 5 1
59 6 0
60 6 0
61 5 1
62 5 1
63 5 1
64 6 0
65 6 0
66 4 1
67 4 1
68 4 1
69 5 0
70 4 1
71 4 1
72 4 1
73 5 0
74 4 1
75 4 1
76 4 0
77 3 1
78 3 1
79 4 0
80 4 0
81 3 1
82 2 1
83 3 0
84 2 1
85 2 1
86 2 1
87 2 1
88 3 0
89 3 0
90 1 1
##=========================================
##[Voxel Mapper]Iteration 50 keyframe id, used times, remaining times:
0 2 0
1 1 1
2 2 0
3 1 1
5 2 0
6 2 0
7 2 0
9 1 1
10 2 0
11 2 0
12 2 0
13 2 0
14 2 0
15 2 0
16 2 0
17 2 0
18 2 0
19 2 0
20 2 0
21 2 0
22 2 0
23 2 0
24 2 0
25 2 0
27 1 1
28 2 0
30 1 1
31 1 1
##=========================================
##[Voxel Mapper]Iteration 100 keyframe id, used times, remaining times:
0 3 0
1 3 0
2 3 0
3 3 0
5 2 1
6 2 1
7 3 0
9 3 0
10 3 0
11 3 0
12 3 0
13 3 0
14 3 0
15 3 0
16 3 0
17 3 0
18 3 0
19 3 0
20 3 0
21 3 0
22 3 0
23 2 1
24 3 0
25 3 0
26 3 0
27 3 0
28 3 0
29 2 1
30 2 1
31 3 0
32 3 0
33 3 0
34 2 0
35 2 0
36 2 0
37 1 1
38 1 1
39 1 1
##=========================================
##[Voxel Mapper]Iteration 150 keyframe id, used times, remaining times:
0 4 0
1 3 1
2 4 0
3 3 1
5 4 0
6 4 0
7 3 1
9 4 0
10 4 0
11 4 0
12 4 0
13 4 0
14 3 1
15 4 0
16 4 0
17 4 0
18 4 0
19 3 1
20 4 0
21 4 0
22 4 0
23 4 0
24 4 0
25 4 0
26 4 0
27 3 1
28 4 0
29 4 0
30 4 0
31 4 0
32 4 0
33 4 0
34 3 0
35 3 0
36 3 0
37 3 0
38 3 0
39 2 1
40 3 0
41 3 0
42 2 0
43 2 0
45 1 1
##=========================================
##[Voxel Mapper]Iteration 200 keyframe id, used times, remaining times:
0 5 0
1 5 0
2 5 0
3 5 0
5 5 0
6 5 0
7 4 1
9 5 0
10 5 0
11 5 0
12 5 0
13 5 0
14 5 0
15 5 0
16 5 0
17 4 1
18 5 0
19 5 0
20 5 0
21 4 1
22 5 0
23 5 0
24 5 0
25 4 1
26 4 1
27 5 0
28 5 0
29 5 0
30 4 1
31 4 1
32 5 0
33 5 0
34 3 1
35 4 0
36 3 1
37 4 0
38 4 0
39 4 0
40 3 1
41 4 0
42 3 0
43 2 1
44 2 1
45 3 0
46 3 0
47 3 0
49 1 1
51 1 1
##=========================================
##[Voxel Mapper]Iteration 250 keyframe id, used times, remaining times:
0 6 0
1 5 1
2 6 0
3 5 1
5 5 1
6 5 1
7 6 0
9 5 1
10 5 1
11 6 0
12 6 0
13 5 1
14 6 0
15 5 1
16 5 1
17 5 1
18 5 1
19 5 1
20 5 1
21 5 1
22 6 0
23 5 1
24 6 0
25 5 1
26 6 0
27 5 1
28 5 1
29 5 1
30 5 1
31 6 0
32 5 1
33 6 0
34 5 0
35 5 0
36 5 0
37 5 0
38 4 1
39 4 1
40 4 1
41 4 1
42 4 0
43 4 0
44 3 1
45 3 1
46 4 0
47 3 1
48 3 0
49 2 1
50 2 1
51 2 1
52 2 1
53 2 1
54 2 1
55 2 1
56 2 1
57 3 0
##=========================================
##[Voxel Mapper]Iteration 300 keyframe id, used times, remaining times:
0 6 0
1 6 0
2 6 0
3 6 0
5 6 0
6 6 0
7 6 0
9 6 0
10 6 0
11 6 0
12 6 0
13 6 0
14 6 0
15 6 0
16 6 0
17 6 0
18 6 0
19 6 0
20 6 0
21 6 0
22 6 0
23 6 0
24 6 0
25 6 0
26 6 0
27 6 0
28 6 0
29 6 0
30 6 0
31 6 0
32 6 0
33 6 0
34 5 0
35 5 0
36 5 0
37 5 0
38 5 0
39 5 0
40 5 0
41 5 0
42 4 0
43 4 0
44 4 0
45 4 0
46 4 0
47 4 0
48 3 0
49 3 0
50 3 0
51 3 0
52 3 0
53 3 0
54 3 0
55 3 0
56 3 0
57 3 0
58 2 0
59 1 1
60 1 1
61 2 0
62 2 0
63 1 1
64 1 1
65 2 0
66 2 0
##=========================================
##[Voxel Mapper]Iteration 350 keyframe id, used times, remaining times:
0 7 0
1 7 0
2 6 1
3 6 1
5 7 0
6 6 1
7 6 1
9 6 1
10 6 1
11 7 0
12 7 0
13 6 1
14 7 0
15 6 1
16 6 1
17 7 0
18 7 0
19 6 1
20 7 0
21 6 1
22 6 1
23 6 1
24 6 1
25 7 0
26 6 1
27 6 1
28 7 0
29 6 1
30 6 1
31 7 0
32 6 1
33 7 0
34 5 1
35 6 0
36 6 0
37 6 0
38 5 1
39 6 0
40 6 0
41 6 0
42 4 1
43 4 1
44 4 1
45 4 1
46 4 1
47 5 0
48 4 0
49 4 0
50 3 1
51 4 0
52 3 1
53 3 1
54 3 1
55 4 0
56 3 1
57 4 0
58 3 0
59 3 0
60 3 0
61 2 1
62 2 1
63 3 0
64 3 0
65 2 1
66 2 1
67 2 1
68 3 0
69 3 0
70 3 0
71 1 1
72 1 1
74 1 1
75 1 1
76 1 1
##=========================================
##[Voxel Mapper]Iteration 400 keyframe id, used times, remaining times:
0 7 0
1 7 0
2 7 0
3 7 0
5 7 0
6 7 0
7 7 0
9 7 0
10 7 0
11 7 0
12 7 0
13 7 0
14 7 0
15 7 0
16 7 0
17 7 0
18 7 0
19 7 0
20 7 0
21 7 0
22 7 0
23 7 0
24 7 0
25 7 0
26 7 0
27 6 1
28 7 0
29 7 0
30 7 0
31 7 0
32 7 0
33 7 0
34 6 0
35 6 0
36 6 0
37 6 0
38 6 0
39 6 0
40 6 0
41 6 0
42 5 0
43 5 0
44 5 0
45 5 0
46 5 0
47 5 0
48 4 0
49 4 0
50 4 0
51 4 0
52 4 0
53 4 0
54 4 0
55 4 0
56 4 0
57 4 0
58 3 0
59 3 0
60 3 0
61 3 0
62 3 0
63 3 0
64 3 0
65 3 0
66 3 0
67 3 0
68 3 0
69 3 0
70 3 0
71 2 0
72 2 0
73 2 0
74 2 0
75 2 0
76 2 0
77 2 0
78 2 0
79 2 0
80 1 1
81 1 1
##=========================================
##[Voxel Mapper]Iteration 450 keyframe id, used times, remaining times:
0 8 0
1 7 1
2 7 1
3 8 0
5 7 1
6 8 0
7 8 0
9 7 1
10 7 1
11 7 1
12 8 0
13 8 0
14 7 1
15 7 1
16 7 1
17 8 0
18 7 1
19 8 0
20 7 1
21 8 0
22 8 0
23 7 1
24 8 0
25 7 1
26 8 0
27 8 0
28 7 1
29 8 0
30 8 0
31 8 0
32 8 0
33 8 0
34 6 1
35 7 0
36 6 1
37 7 0
38 7 0
39 6 1
40 6 1
41 7 0
42 6 0
43 6 0
44 5 1
45 6 0
46 5 1
47 6 0
48 4 1
49 4 1
50 4 1
51 4 1
52 5 0
53 5 0
54 4 1
55 4 1
56 4 1
57 4 1
58 3 1
59 4 0
60 3 1
61 3 1
62 4 0
63 4 0
64 4 0
65 4 0
66 3 1
67 4 0
68 4 0
69 4 0
70 4 0
71 3 0
72 2 1
73 2 1
74 3 0
75 3 0
76 3 0
77 2 1
78 2 1
79 3 0
80 3 0
81 3 0
83 2 0
84 1 1
##=========================================
##[Voxel Mapper]Iteration 500 keyframe id, used times, remaining times:
0 8 1
1 8 1
2 8 1
3 8 1
5 8 1
6 8 1
7 8 1
9 8 1
10 8 1
11 8 1
12 8 1
13 8 1
14 8 1
15 8 1
16 8 1
17 8 1
18 8 1
19 8 1
20 8 1
21 8 1
22 8 1
23 8 1
24 8 1
25 8 1
26 8 1
27 9 0
28 8 1
29 8 1
30 8 1
31 8 1
32 8 1
33 8 1
34 7 1
35 7 1
36 7 1
37 7 1
38 7 1
39 7 1
40 7 1
41 7 1
42 6 1
43 6 1
44 6 1
45 6 1
46 6 1
47 6 1
48 5 1
49 5 1
50 5 1
51 5 1
52 6 0
53 5 1
54 5 1
55 5 1
56 5 1
57 5 1
58 4 1
59 4 1
60 4 1
61 4 1
62 4 1
63 4 1
64 4 1
65 4 1
66 4 1
67 4 1
68 4 1
69 4 1
70 4 1
71 3 1
72 3 1
73 3 1
74 3 1
75 3 1
76 3 1
77 3 1
78 3 1
79 3 1
80 3 1
81 3 1
82 2 1
83 2 1
84 2 1
85 2 1
86 2 1
87 2 1
88 3 0
##=========================================
##[Voxel Mapper]Iteration 550 keyframe id, used times, remaining times:
0 8 1
1 8 1
2 9 0
3 9 0
5 8 1
6 8 1
7 8 1
9 8 1
10 9 0
11 9 0
12 8 1
13 9 0
14 9 0
15 8 1
16 9 0
17 9 0
18 9 0
19 8 1
20 9 0
21 9 0
22 9 0
23 8 1
24 8 1
25 9 0
26 8 1
27 9 0
28 9 0
29 9 0
30 8 1
31 9 0
32 8 1
33 8 1
34 8 0
35 8 0
36 7 1
37 7 1
38 8 0
39 8 0
40 8 0
41 7 1
42 6 1
43 6 1
44 6 1
45 6 1
46 7 0
47 6 1
48 6 0
49 6 0
50 6 0
51 6 0
52 6 0
53 6 0
54 6 0
55 6 0
56 5 1
57 6 0
58 5 0
59 5 0
60 5 0
61 5 0
62 4 1
63 4 1
64 4 1
65 4 1
66 4 1
67 5 0
68 5 0
69 4 1
70 5 0
71 3 1
72 3 1
73 4 0
74 4 0
75 4 0
76 4 0
77 4 0
78 3 1
79 4 0
80 3 1
81 4 0
82 3 0
83 3 0
84 2 1
85 3 0
86 3 0
87 2 1
88 3 0
90 1 1
92 1 1
##=========================================
##[Voxel Mapper]Iteration 600 keyframe id, used times, remaining times:
0 9 0
1 9 0
2 9 0
3 9 0
5 9 0
6 9 0
7 9 0
9 9 0
10 9 0
11 9 0
12 9 0
13 9 0
14 9 0
15 9 0
16 9 0
17 9 0
18 9 0
19 9 0
20 9 0
21 9 0
22 9 0
23 9 0
24 9 0
25 9 0
26 9 0
27 9 0
28 9 0
29 9 0
30 9 0
31 9 0
32 9 0
33 9 0
34 8 0
35 8 0
36 8 0
37 8 0
38 8 0
39 8 0
40 8 0
41 8 0
42 7 0
43 7 0
44 7 0
45 7 0
46 7 0
47 7 0
48 6 0
49 6 0
50 6 0
51 6 0
52 6 0
53 6 0
54 6 0
55 6 0
56 6 0
57 6 0
58 5 0
59 5 0
60 5 0
61 5 0
62 5 0
63 5 0
64 5 0
65 5 0
66 5 0
67 5 0
68 5 0
69 5 0
70 5 0
71 4 0
72 4 0
73 4 0
74 4 0
75 4 0
76 4 0
77 4 0
78 4 0
79 4 0
80 4 0
81 4 0
82 3 0
83 3 0
84 3 0
85 3 0
86 3 0
87 3 0
88 3 0
89 2 0
90 2 0
91 2 0
92 2 0
93 2 0
94 2 0
95 2 0
96 2 0
##=========================================
##[Voxel Mapper]Iteration 650 keyframe id, used times, remaining times:
0 9 1
1 10 0
2 10 0
3 9 1
5 9 1
6 10 0
7 9 1
9 10 0
10 9 1
11 10 0
12 9 1
13 9 1
14 9 1
15 9 1
16 9 1
17 9 1
18 10 0
19 10 0
20 9 1
21 10 0
22 9 1
23 10 0
24 10 0
25 9 1
26 10 0
27 9 1
28 9 1
29 9 1
30 9 1
31 9 1
32 9 1
33 10 0
34 9 0
35 9 0
36 9 0
37 8 1
38 9 0
39 8 1
40 9 0
41 9 0
42 8 0
43 7 1
44 8 0
45 8 0
46 8 0
47 8 0
48 7 0
49 7 0
50 7 0
51 7 0
52 7 0
53 6 1
54 6 1
55 7 0
56 7 0
57 7 0
58 5 1
59 6 0
60 5 1
61 5 1
62 6 0
63 6 0
64 5 1
65 6 0
66 6 0
67 6 0
68 5 1
69 5 1
70 6 0
71 4 1
72 4 1
73 4 1
74 5 0
75 5 0
76 4 1
77 4 1
78 5 0
79 4 1
80 4 1
81 5 0
82 3 1
83 4 0
84 3 1
85 3 1
86 4 0
87 4 0
88 3 1
89 2 1
90 3 0
91 2 1
92 2 1
93 3 0
94 2 1
95 3 0
96 2 1
97 2 1
##=========================================
##[Voxel Mapper]Iteration 700 keyframe id, used times, remaining times:
0 10 0
1 10 0
2 10 0
3 10 0
5 10 0
6 10 0
7 10 0
9 10 0
10 10 0
11 10 0
12 10 0
13 10 0
14 10 0
15 10 0
16 10 0
17 10 0
18 10 0
19 10 0
20 10 0
21 10 0
22 10 0
23 10 0
24 10 0
25 10 0
26 10 0
27 10 0
28 9 1
29 9 1
30 10 0
31 10 0
32 10 0
33 10 0
34 9 0
35 9 0
36 9 0
37 9 0
38 9 0
39 8 1
40 9 0
41 9 0
42 8 0
43 8 0
44 8 0
45 8 0
46 8 0
47 8 0
48 7 0
49 7 0
50 7 0
51 7 0
52 7 0
53 6 1
54 6 1
55 7 0
56 7 0
57 7 0
58 6 0
59 6 0
60 6 0
61 6 0
62 6 0
63 6 0
64 6 0
65 6 0
66 6 0
67 6 0
68 6 0
69 6 0
70 6 0
71 5 0
72 5 0
73 5 0
74 5 0
75 5 0
76 5 0
77 5 0
78 5 0
79 4 1
80 5 0
81 5 0
82 4 0
83 4 0
84 3 1
85 3 1
86 4 0
87 4 0
88 4 0
89 3 0
90 3 0
91 3 0
92 3 0
93 3 0
94 3 0
95 3 0
96 3 0
97 3 0
99 2 0
100 2 0
101 2 0
102 2 0
104 2 0
##=========================================
##[Voxel Mapper]Iteration 750 keyframe id, used times, remaining times:
0 10 1
1 10 1
2 10 1
3 10 1
5 11 0
6 10 1
7 11 0
9 10 1
10 11 0
11 10 1
12 10 1
13 10 1
14 10 1
15 10 1
16 10 1
17 10 1
18 10 1
19 10 1
20 11 0
21 10 1
22 10 1
23 11 0
24 10 1
25 10 1
26 10 1
27 10 1
28 10 1
29 11 0
30 10 1
31 10 1
32 10 1
33 10 1
34 10 0
35 9 1
36 10 0
37 10 0
38 9 1
39 9 1
40 10 0
41 10 0
42 8 1
43 9 0
44 8 1
45 8 1
46 9 0
47 8 1
48 7 1
49 7 1
50 7 1
51 7 1
52 7 1
53 7 1
54 7 1
55 8 0
56 7 1
57 8 0
58 6 1
59 6 1
60 6 1
61 6 1
62 6 1
63 6 1
64 7 0
65 6 1
66 6 1
67 6 1
68 6 1
69 7 0
70 7 0
71 5 1
72 6 0
73 5 1
74 5 1
75 5 1
76 6 0
77 5 1
78 5 1
79 6 0
80 6 0
81 5 1
82 4 1
83 4 1
84 4 1
85 4 1
86 4 1
87 4 1
88 4 1
89 3 1
90 3 1
91 3 1
92 3 1
93 3 1
94 3 1
95 4 0
96 4 0
97 3 1
98 2 1
99 2 1
100 3 0
101 2 1
102 3 0
103 3 0
104 3 0
105 2 1
106 3 0
107 2 1
108 3 0
##=========================================
##[Voxel Mapper]Iteration 800 keyframe id, used times, remaining times:
0 11 0
1 11 0
2 11 0
3 11 0
5 11 0
6 10 1
7 11 0
9 11 0
10 11 0
11 11 0
12 11 0
13 10 1
14 11 0
15 11 0
16 11 0
17 10 1
18 11 0
19 11 0
20 11 0
21 10 1
22 10 1
23 11 0
24 11 0
25 10 1
26 11 0
27 10 1
28 10 1
29 11 0
30 11 0
31 11 0
32 11 0
33 11 0
34 10 0
35 10 0
36 10 0
37 10 0
38 10 0
39 10 0
40 10 0
41 10 0
42 8 1
43 9 0
44 9 0
45 8 1
46 9 0
47 8 1
48 7 1
49 7 1
50 8 0
51 8 0
52 8 0
53 7 1
54 8 0
55 8 0
56 8 0
57 8 0
58 7 0
59 7 0
60 6 1
61 6 1
62 7 0
63 7 0
64 7 0
65 6 1
66 7 0
67 7 0
68 7 0
69 7 0
70 7 0
71 6 0
72 6 0
73 5 1
74 6 0
75 5 1
76 6 0
77 6 0
78 5 1
79 6 0
80 6 0
81 6 0
82 4 1
83 4 1
84 5 0
85 5 0
86 4 1
87 5 0
88 5 0
89 4 0
90 4 0
91 4 0
92 3 1
93 4 0
94 4 0
95 4 0
96 4 0
97 4 0
98 3 0
99 2 1
100 3 0
101 2 1
102 3 0
103 3 0
104 3 0
105 2 1
106 3 0
107 2 1
108 3 0
109 1 1
##=========================================
##[Voxel Mapper]Iteration 850 keyframe id, used times, remaining times:
0 11 1
1 11 1
2 11 1
3 11 1
5 11 1
6 11 1
7 11 1
9 11 1
10 11 1
11 11 1
12 11 1
13 11 1
14 11 1
15 12 0
16 11 1
17 11 1
18 11 1
19 11 1
20 11 1
21 11 1
22 11 1
23 11 1
24 11 1
25 11 1
26 11 1
27 12 0
28 11 1
29 11 1
30 12 0
31 12 0
32 11 1
33 12 0
34 10 1
35 10 1
36 10 1
37 10 1
38 10 1
39 10 1
40 10 1
41 10 1
42 10 0
43 9 1
44 10 0
45 10 0
46 9 1
47 10 0
48 8 1
49 9 0
50 8 1
51 8 1
52 8 1
53 8 1
54 9 0
55 8 1
56 8 1
57 8 1
58 8 0
59 7 1
60 7 1
61 7 1
62 7 1
63 7 1
64 7 1
65 7 1
66 7 1
67 7 1
68 7 1
69 7 1
70 7 1
71 6 1
72 6 1
73 6 1
74 6 1
75 6 1
76 6 1
77 6 1
78 6 1
79 6 1
80 6 1
81 7 0
82 5 1
83 6 0
84 5 1
85 5 1
86 5 1
87 5 1
88 6 0
89 4 1
90 4 1
91 4 1
92 5 0
93 4 1
94 5 0
95 4 1
96 4 1
97 5 0
98 3 1
99 3 1
100 3 1
101 4 0
102 3 1
103 3 1
104 3 1
105 4 0
106 3 1
107 3 1
108 3 1
109 3 0
##=========================================
##[Voxel Mapper]Iteration 50 keyframe id, used times, remaining times:
0 2 0
1 2 0
2 2 0
3 2 0
5 1 1
6 2 0
8 2 0
9 2 0
10 2 0
11 2 0
12 2 0
13 1 1
14 2 0
15 2 0
16 1 1
17 2 0
18 2 0
19 2 0
20 2 0
21 2 0
22 2 0
23 2 0
24 1 1
25 2 0
26 2 0
27 2 0
29 2 0
##=========================================
##[Voxel Mapper]Iteration 100 keyframe id, used times, remaining times:
0 3 0
1 3 0
2 3 0
3 3 0
5 3 0
6 3 0
8 3 0
9 3 0
10 3 0
11 3 0
12 3 0
13 3 0
14 3 0
15 3 0
16 3 0
17 3 0
18 3 0
19 3 0
20 3 0
21 3 0
22 3 0
23 3 0
24 3 0
25 3 0
26 3 0
27 2 1
28 3 0
29 3 0
30 3 0
31 3 0
32 3 0
33 1 1
34 2 0
35 2 0
36 1 1
37 2 0
##=========================================
##[Voxel Mapper]Iteration 150 keyframe id, used times, remaining times:
0 4 0
1 4 0
2 4 0
3 4 0
5 4 0
6 4 0
8 4 0
9 3 1
10 4 0
11 4 0
12 4 0
13 4 0
14 4 0
15 4 0
16 4 0
17 4 0
18 4 0
19 4 0
20 4 0
21 4 0
22 4 0
23 4 0
24 4 0
25 3 1
26 4 0
27 4 0
28 4 0
29 4 0
30 4 0
31 4 0
32 4 0
33 3 0
34 3 0
35 3 0
36 3 0
37 3 0
38 3 0
39 3 0
40 2 0
41 1 1
42 2 0
43 2 0
##=========================================
##[Voxel Mapper]Iteration 200 keyframe id, used times, remaining times:
0 5 0
1 5 0
2 5 0
3 5 0
5 5 0
6 5 0
8 5 0
9 4 1
10 4 1
11 5 0
12 5 0
13 4 1
14 5 0
15 5 0
16 5 0
17 5 0
18 5 0
19 5 0
20 5 0
21 5 0
22 5 0
23 5 0
24 5 0
25 5 0
26 5 0
27 5 0
28 5 0
29 4 1
30 5 0
31 5 0
32 5 0
33 4 0
34 4 0
35 4 0
36 4 0
37 4 0
38 4 0
39 3 1
40 3 0
41 3 0
42 3 0
43 3 0
44 3 0
45 2 1
46 2 1
47 1 1
48 2 0
##=========================================
##[Voxel Mapper]Iteration 250 keyframe id, used times, remaining times:
0 6 0
1 6 0
2 6 0
3 6 0
5 5 1
6 6 0
8 6 0
9 6 0
10 5 1
11 5 1
12 6 0
13 5 1
14 6 0
15 5 1
16 6 0
17 5 1
18 5 1
19 6 0
20 6 0
21 6 0
22 6 0
23 6 0
24 5 1
25 5 1
26 5 1
27 5 1
28 6 0
29 5 1
30 6 0
31 6 0
32 6 0
33 5 0
34 4 1
35 4 1
36 5 0
37 4 1
38 4 1
39 5 0
40 3 1
41 3 1
42 4 0
43 3 1
44 3 1
45 4 0
46 3 1
47 2 1
48 3 0
49 2 1
50 3 0
51 2 1
52 2 1
53 3 0
54 2 1
55 1 1
56 1 1
59 1 1
##=========================================
##[Voxel Mapper]Iteration 300 keyframe id, used times, remaining times:
0 6 1
1 6 1
2 6 1
3 6 1
5 6 1
6 6 1
8 6 1
9 6 1
10 6 1
11 6 1
12 6 1
13 6 1
14 6 1
15 6 1
16 6 1
17 6 1
18 6 1
19 6 1
20 6 1
21 6 1
22 6 1
23 6 1
24 6 1
25 6 1
26 6 1
27 6 1
28 6 1
29 6 1
30 6 1
31 6 1
32 6 1
33 5 1
34 5 1
35 5 1
36 5 1
37 5 1
38 5 1
39 5 1
40 4 1
41 4 1
42 4 1
43 4 1
44 4 1
45 4 1
46 4 1
47 3 1
48 3 1
49 3 1
50 3 1
51 3 1
52 3 1
53 3 1
54 3 1
55 2 1
56 2 1
57 2 1
58 2 1
59 2 1
60 2 1
61 2 1
62 2 1
63 2 1
64 2 1
65 2 1
66 2 1
67 3 0
##=========================================
##[Voxel Mapper]Iteration 350 keyframe id, used times, remaining times:
0 6 1
1 7 0
2 7 0
3 7 0
5 7 0
6 7 0
8 7 0
9 6 1
10 7 0
11 7 0
12 7 0
13 7 0
14 7 0
15 7 0
16 7 0
17 7 0
18 6 1
19 7 0
20 7 0
21 7 0
22 7 0
23 7 0
24 7 0
25 6 1
26 7 0
27 7 0
28 6 1
29 7 0
30 6 1
31 7 0
32 6 1
33 6 0
34 5 1
35 6 0
36 6 0
37 5 1
38 6 0
39 6 0
40 4 1
41 5 0
42 5 0
43 4 1
44 4 1
45 5 0
46 5 0
47 3 1
48 4 0
49 4 0
50 3 1
51 4 0
52 4 0
53 4 0
54 4 0
55 3 0
56 3 0
57 2 1
58 3 0
59 2 1
60 2 1
61 3 0
62 3 0
63 3 0
64 2 1
65 3 0
66 3 0
67 3 0
68 1 1
70 1 1
73 1 1
##=========================================
##[Voxel Mapper]Iteration 400 keyframe id, used times, remaining times:
0 7 1
1 7 1
2 7 1
3 7 1
5 7 1
6 7 1
8 8 0
9 7 1
10 7 1
11 8 0
12 7 1
13 7 1
14 7 1
15 7 1
16 7 1
17 7 1
18 8 0
19 7 1
20 7 1
21 7 1
22 7 1
23 7 1
24 7 1
25 7 1
26 7 1
27 8 0
28 8 0
29 7 1
30 7 1
31 7 1
32 7 1
33 6 1
34 6 1
35 7 0
36 6 1
37 6 1
38 6 1
39 7 0
40 6 0
41 6 0
42 5 1
43 5 1
44 5 1
45 5 1
46 5 1
47 4 1
48 4 1
49 4 1
50 4 1
51 4 1
52 4 1
53 4 1
54 4 1
55 4 0
56 3 1
57 4 0
58 3 1
59 3 1
60 3 1
61 3 1
62 3 1
63 4 0
64 4 0
65 3 1
66 3 1
67 4 0
68 2 1
69 2 1
70 3 0
71 2 1
72 2 1
73 2 1
74 2 1
75 2 1
76 2 1
77 2 1
##=========================================
##[Voxel Mapper]Iteration 450 keyframe id, used times, remaining times:
0 8 0
1 8 0
2 7 1
3 8 0
5 8 0
6 7 1
8 8 0
9 8 0
10 7 1
11 8 0
12 8 0
13 8 0
14 8 0
15 8 0
16 8 0
17 8 0
18 8 0
19 8 0
20 7 1
21 8 0
22 8 0
23 7 1
24 8 0
25 7 1
26 8 0
27 8 0
28 8 0
29 8 0
30 7 1
31 8 0
32 7 1
33 7 0
34 7 0
35 7 0
36 7 0
37 7 0
38 7 0
39 7 0
40 6 0
41 6 0
42 6 0
43 6 0
44 6 0
45 6 0
46 6 0
47 4 1
48 5 0
49 5 0
50 5 0
51 5 0
52 5 0
53 5 0
54 5 0
55 4 0
56 4 0
57 4 0
58 4 0
59 3 1
60 3 1
61 3 1
62 4 0
63 4 0
64 4 0
65 4 0
66 3 1
67 4 0
68 2 1
69 3 0
70 3 0
71 3 0
72 3 0
73 3 0
74 3 0
75 3 0
76 3 0
77 2 1
78 2 0
81 2 0
##=========================================
##[Voxel Mapper]Iteration 500 keyframe id, used times, remaining times:
0 8 1
1 8 1
2 9 0
3 9 0
5 9 0
6 8 1
8 9 0
9 9 0
10 8 1
11 8 1
12 9 0
13 8 1
14 9 0
15 9 0
16 8 1
17 8 1
18 8 1
19 8 1
20 9 0
21 8 1
22 9 0
23 8 1
24 8 1
25 8 1
26 8 1
27 9 0
28 9 0
29 8 1
30 8 1
31 8 1
32 8 1
33 7 1
34 7 1
35 7 1
36 7 1
37 7 1
38 8 0
39 7 1
40 7 0
41 6 1
42 6 1
43 6 1
44 6 1
45 7 0
46 6 1
47 5 1
48 6 0
49 5 1
50 5 1
51 5 1
52 6 0
53 5 1
54 5 1
55 4 1
56 4 1
57 4 1
58 4 1
59 4 1
60 4 1
61 4 1
62 4 1
63 5 0
64 4 1
65 4 1
66 4 1
67 4 1
68 3 1
69 4 0
70 3 1
71 3 1
72 4 0
73 3 1
74 3 1
75 4 0
76 3 1
77 3 1
78 3 0
79 2 1
80 2 1
81 2 1
82 2 1
83 3 0
84 3 0
85 1 1
##=========================================
##[Voxel Mapper]Iteration 550 keyframe id, used times, remaining times:
0 8 1
1 8 1
2 9 0
3 9 0
5 9 0
6 9 0
8 9 0
9 9 0
10 8 1
11 8 1
12 9 0
13 9 0
14 9 0
15 9 0
16 9 0
17 8 1
18 9 0
19 8 1
20 9 0
21 8 1
22 9 0
23 8 1
24 9 0
25 9 0
26 9 0
27 9 0
28 9 0
29 9 0
30 9 0
31 9 0
32 9 0
33 8 0
34 8 0
35 8 0
36 8 0
37 8 0
38 8 0
39 8 0
40 7 0
41 7 0
42 6 1
43 7 0
44 7 0
45 7 0
46 7 0
47 6 0
48 6 0
49 5 1
50 6 0
51 6 0
52 6 0
53 6 0
54 6 0
55 5 0
56 5 0
57 5 0
58 4 1
59 4 1
60 5 0
61 5 0
62 5 0
63 5 0
64 5 0
65 5 0
66 5 0
67 5 0
68 3 1
69 4 0
70 4 0
71 4 0
72 4 0
73 4 0
74 4 0
75 4 0
76 3 1
77 4 0
78 3 0
79 3 0
80 2 1
81 3 0
82 3 0
83 3 0
84 3 0
85 2 0
86 1 1
87 1 1
88 1 1
89 2 0
##=========================================
##[Voxel Mapper]Iteration 600 keyframe id, used times, remaining times:
0 10 0
1 9 1
2 9 1
3 9 1
5 10 0
6 9 1
8 9 1
9 9 1
10 9 1
11 9 1
12 9 1
13 9 1
14 9 1
15 9 1
16 9 1
17 10 0
18 10 0
19 10 0
20 10 0
21 9 1
22 9 1
23 9 1
24 9 1
25 10 0
26 10 0
27 10 0
28 9 1
29 9 1
30 9 1
31 9 1
32 10 0
33 9 0
34 8 1
35 8 1
36 9 0
37 8 1
38 8 1
39 8 1
40 7 1
41 7 1
42 7 1
43 8 0
44 7 1
45 7 1
46 7 1
47 6 1
48 6 1
49 7 0
50 6 1
51 6 1
52 6 1
53 6 1
54 6 1
55 5 1
56 6 0
57 5 1
58 6 0
59 5 1
60 6 0
61 5 1
62 5 1
63 5 1
64 5 1
65 5 1
66 5 1
67 5 1
68 4 1
69 5 0
70 4 1
71 4 1
72 4 1
73 4 1
74 4 1
75 4 1
76 5 0
77 4 1
78 4 0
79 3 1
80 4 0
81 3 1
82 3 1
83 4 0
84 4 0
85 2 1
86 2 1
87 2 1
88 2 1
89 2 1
90 2 1
91 2 1
92 2 1
93 3 0
##=========================================
##[Voxel Mapper]Iteration 650 keyframe id, used times, remaining times:
0 10 0
1 10 0
2 9 1
3 10 0
5 10 0
6 10 0
8 10 0
9 10 0
10 10 0
11 10 0
12 10 0
13 10 0
14 9 1
15 10 0
16 10 0
17 10 0
18 10 0
19 10 0
20 10 0
21 10 0
22 10 0
23 10 0
24 10 0
25 10 0
26 10 0
27 10 0
28 10 0
29 9 1
30 9 1
31 9 1
32 10 0
33 9 0
34 9 0
35 9 0
36 9 0
37 8 1
38 8 1
39 9 0
40 7 1
41 8 0
42 8 0
43 8 0
44 8 0
45 7 1
46 8 0
47 6 1
48 6 1
49 7 0
50 6 1
51 6 1
52 7 0
53 6 1
54 7 0
55 5 1
56 6 0
57 6 0
58 6 0
59 6 0
60 6 0
61 5 1
62 5 1
63 6 0
64 6 0
65 6 0
66 6 0
67 6 0
68 5 0
69 5 0
70 5 0
71 5 0
72 5 0
73 5 0
74 5 0
75 5 0
76 5 0
77 4 1
78 4 0
79 3 1
80 4 0
81 4 0
82 4 0
83 4 0
84 4 0
85 3 0
86 3 0
87 3 0
88 3 0
89 2 1
90 2 1
91 3 0
92 3 0
93 3 0
95 1 1
96 2 0
##=========================================
##[Voxel Mapper]Iteration 700 keyframe id, used times, remaining times:
0 10 1
1 10 1
2 10 1
3 10 1
5 10 1
6 10 1
8 10 1
9 10 1
10 10 1
11 10 1
12 10 1
13 10 1
14 10 1
15 10 1
16 10 1
17 10 1
18 11 0
19 10 1
20 10 1
21 10 1
22 10 1
23 10 1
24 10 1
25 10 1
26 10 1
27 11 0
28 11 0
29 11 0
30 10 1
31 10 1
32 10 1
33 9 1
34 9 1
35 10 0
36 9 1
37 10 0
38 9 1
39 9 1
40 8 1
41 9 0
42 9 0
43 8 1
44 9 0
45 8 1
46 8 1
47 7 1
48 7 1
49 7 1
50 8 0
51 7 1
52 7 1
53 8 0
54 7 1
55 6 1
56 7 0
57 6 1
58 6 1
59 6 1
60 6 1
61 6 1
62 6 1
63 6 1
64 7 0
65 6 1
66 6 1
67 6 1
68 5 1
69 5 1
70 5 1
71 5 1
72 6 0
73 5 1
74 6 0
75 5 1
76 5 1
77 6 0
78 5 0
79 4 1
80 5 0
81 4 1
82 5 0
83 4 1
84 4 1
85 3 1
86 3 1
87 4 0
88 3 1
89 3 1
90 3 1
91 3 1
92 3 1
93 3 1
94 2 1
95 2 1
96 3 0
97 2 1
98 3 0
##=========================================
##[Voxel Mapper]Iteration 750 keyframe id, used times, remaining times:
0 10 1
1 11 0
2 10 1
3 11 0
5 11 0
6 11 0
8 11 0
9 11 0
10 11 0
11 11 0
12 11 0
13 11 0
14 10 1
15 11 0
16 11 0
17 11 0
18 11 0
19 10 1
20 10 1
21 11 0
22 11 0
23 11 0
24 11 0
25 11 0
26 10 1
27 11 0
28 11 0
29 11 0
30 10 1
31 10 1
32 11 0
33 10 0
34 10 0
35 10 0
36 10 0
37 10 0
38 10 0
39 10 0
40 8 1
41 9 0
42 9 0
43 9 0
44 9 0
45 8 1
46 9 0
47 7 1
48 8 0
49 7 1
50 8 0
51 7 1
52 8 0
53 8 0
54 7 1
55 6 1
56 7 0
57 7 0
58 7 0
59 7 0
60 7 0
61 6 1
62 7 0
63 6 1
64 7 0
65 7 0
66 7 0
67 6 1
68 6 0
69 6 0
70 6 0
71 6 0
72 6 0
73 6 0
74 6 0
75 6 0
76 6 0
77 6 0
78 5 0
79 4 1
80 5 0
81 5 0
82 5 0
83 4 1
84 4 1
85 4 0
86 4 0
87 4 0
88 4 0
89 4 0
90 3 1
91 4 0
92 3 1
93 4 0
94 2 1
95 3 0
96 3 0
97 2 1
98 3 0
##=========================================
##[Voxel Mapper]Iteration 50 keyframe id, used times, remaining times:
0 2 0
1 2 0
2 2 0
3 2 0
4 2 0
6 2 0
8 2 0
9 2 0
10 2 0
11 2 0
12 2 0
13 2 0
14 2 0
15 2 0
16 2 0
17 2 0
18 2 0
19 2 0
20 2 0
21 2 0
22 2 0
23 2 0
24 2 0
25 2 0
26 2 0
##=========================================
##[Voxel Mapper]Iteration 100 keyframe id, used times, remaining times:
0 3 1
1 3 1
2 4 0
3 4 0
4 3 1
6 3 1
8 3 1
9 3 1
10 4 0
11 3 1
12 3 1
13 3 1
14 3 1
15 4 0
16 3 1
17 3 1
18 4 0
19 4 0
20 3 1
21 3 1
22 3 1
23 3 1
24 4 0
25 4 0
26 4 0
27 3 0
28 2 1
29 2 1
30 2 1
31 3 0
32 3 0
33 1 1
##=========================================
##[Voxel Mapper]Iteration 150 keyframe id, used times, remaining times:
0 5 0
1 5 0
2 5 0
3 5 0
4 4 1
6 5 0
8 5 0
9 5 0
10 5 0
11 4 1
12 4 1
13 4 1
14 4 1
15 5 0
16 4 1
17 5 0
18 4 1
19 4 1
20 4 1
21 4 1
22 5 0
23 5 0
24 5 0
25 5 0
26 5 0
27 4 0
28 3 1
29 3 1
30 3 1
31 3 1
32 4 0
33 3 0
34 3 0
35 3 0
36 2 1
37 3 0
38 1 1
##=========================================
##[Voxel Mapper]Iteration 200 keyframe id, used times, remaining times:
0 5 1
1 5 1
2 6 0
3 5 1
4 5 1
6 6 0
8 6 0
9 6 0
10 5 1
11 6 0
12 5 1
13 6 0
14 6 0
15 5 1
16 5 1
17 6 0
18 5 1
19 6 0
20 5 1
21 5 1
22 5 1
23 6 0
24 6 0
25 5 1
26 6 0
27 5 0
28 5 0
29 5 0
30 5 0
31 5 0
32 5 0
33 4 0
34 3 1
35 4 0
36 4 0
37 3 1
38 2 1
39 2 1
40 2 1
41 2 1
42 2 1
43 2 1
44 3 0
##=========================================
##[Voxel Mapper]Iteration 250 keyframe id, used times, remaining times:
0 6 1
1 7 0
2 6 1
3 6 1
4 6 1
6 6 1
8 6 1
9 6 1
10 7 0
11 7 0
12 6 1
13 7 0
14 6 1
15 7 0
16 6 1
17 6 1
18 7 0
19 7 0
20 6 1
21 6 1
22 6 1
23 7 0
24 7 0
25 6 1
26 6 1
27 5 1
28 5 1
29 5 1
30 5 1
31 5 1
32 5 1
33 4 1
34 5 0
35 4 1
36 4 1
37 4 1
38 4 0
39 3 1
40 3 1
41 3 1
42 3 1
43 4 0
44 4 0
45 2 1
46 3 0
47 2 1
48 2 1
49 2 1
50 3 0
51 2 1
##=========================================
##[Voxel Mapper]Iteration 300 keyframe id, used times, remaining times:
0 7 0
1 7 0
2 7 0
3 7 0
4 7 0
6 7 0
8 7 0
9 7 0
10 7 0
11 7 0
12 7 0
13 7 0
14 7 0
15 7 0
16 7 0
17 7 0
18 7 0
19 7 0
20 7 0
21 7 0
22 7 0
23 7 0
24 7 0
25 7 0
26 7 0
27 6 0
28 6 0
29 6 0
30 6 0
31 6 0
32 6 0
33 5 0
34 5 0
35 5 0
36 5 0
37 5 0
38 4 0
39 4 0
40 4 0
41 4 0
42 4 0
43 4 0
44 4 0
45 3 0
46 3 0
47 3 0
48 3 0
49 3 0
50 3 0
51 3 0
52 2 0
53 2 0
54 2 0
55 2 0
56 2 0
57 2 0
58 2 0
59 1 1
##=========================================
##[Voxel Mapper]Iteration 350 keyframe id, used times, remaining times:
0 8 0
1 8 0
2 7 1
3 8 0
4 8 0
6 8 0
8 8 0
9 8 0
10 8 0
11 7 1
12 8 0
13 8 0
14 8 0
15 7 1
16 8 0
17 8 0
18 7 1
19 8 0
20 8 0
21 8 0
22 8 0
23 8 0
24 8 0
25 7 1
26 8 0
27 7 0
28 7 0
29 6 1
30 6 1
31 7 0
32 6 1
33 6 0
34 5 1
35 6 0
36 6 0
37 5 1
38 5 0
39 5 0
40 5 0
41 5 0
42 5 0
43 4 1
44 5 0
45 4 0
46 3 1
47 4 0
48 4 0
49 4 0
50 4 0
51 4 0
52 2 1
53 3 0
54 3 0
55 3 0
56 2 1
57 3 0
58 2 1
59 3 0
60 2 0
61 2 0
62 2 0
##=========================================
##[Voxel Mapper]Iteration 400 keyframe id, used times, remaining times:
0 8 1
1 8 1
2 9 0
3 8 1
4 9 0
6 8 1
8 8 1
9 8 1
10 8 1
11 9 0
12 8 1
13 8 1
14 8 1
15 9 0
16 8 1
17 8 1
18 8 1
19 8 1
20 8 1
21 9 0
22 8 1
23 8 1
24 9 0
25 8 1
26 8 1
27 7 1
28 7 1
29 7 1
30 7 1
31 8 0
32 7 1
33 6 1
34 6 1
35 7 0
36 6 1
37 6 1
38 5 1
39 5 1
40 6 0
41 5 1
42 5 1
43 5 1
44 6 0
45 4 1
46 5 0
47 4 1
48 4 1
49 5 0
50 5 0
51 4 1
52 3 1
53 3 1
54 3 1
55 3 1
56 4 0
57 3 1
58 3 1
59 4 0
60 2 1
61 2 1
62 2 1
63 2 1
64 2 1
65 3 0
66 3 0
67 2 1
68 2 1
69 2 1
70 3 0
71 1 1
##=========================================
##[Voxel Mapper]Iteration 450 keyframe id, used times, remaining times:
0 8 1
1 9 0
2 9 0
3 9 0
4 9 0
6 9 0
8 9 0
9 9 0
10 9 0
11 9 0
12 9 0
13 9 0
14 9 0
15 9 0
16 9 0
17 9 0
18 9 0
19 8 1
20 9 0
21 9 0
22 9 0
23 9 0
24 9 0
25 9 0
26 8 1
27 8 0
28 7 1
29 8 0
30 8 0
31 8 0
32 8 0
33 6 1
34 6 1
35 7 0
36 7 0
37 7 0
38 6 0
39 6 0
40 6 0
41 6 0
42 6 0
43 6 0
44 6 0
45 5 0
46 5 0
47 5 0
48 5 0
49 5 0
50 5 0
51 4 1
52 3 1
53 4 0
54 4 0
55 4 0
56 4 0
57 4 0
58 3 1
59 4 0
60 3 0
61 3 0
62 3 0
63 2 1
64 3 0
65 3 0
66 3 0
67 3 0
68 3 0
69 3 0
70 3 0
71 2 0
72 1 1
73 1 1
74 1 1
75 2 0
76 2 0
77 1 1
##=========================================
##[Voxel Mapper]Iteration 500 keyframe id, used times, remaining times:
0 9 1
1 9 1
2 9 1
3 10 0
4 9 1
6 9 1
8 9 1
9 9 1
10 10 0
11 9 1
12 10 0
13 9 1
14 9 1
15 10 0
16 10 0
17 10 0
18 10 0
19 9 1
20 9 1
21 10 0
22 10 0
23 10 0
24 10 0
25 10 0
26 9 1
27 8 1
28 8 1
29 9 0
30 9 0
31 8 1
32 8 1
33 7 1
34 8 0
35 8 0
36 7 1
37 7 1
38 6 1
39 6 1
40 6 1
41 6 1
42 7 0
43 7 0
44 7 0
45 5 1
46 6 0
47 5 1
48 5 1
49 5 1
50 5 1
51 5 1
52 4 1
53 4 1
54 4 1
55 5 0
56 5 0
57 5 0
58 4 1
59 4 1
60 4 0
61 4 0
62 3 1
63 3 1
64 4 0
65 3 1
66 4 0
67 3 1
68 3 1
69 4 0
70 3 1
71 3 0
72 3 0
73 2 1
74 2 1
75 2 1
76 2 1
77 2 1
78 3 0
79 3 0
##=========================================
##[Voxel Mapper]Iteration 550 keyframe id, used times, remaining times:
0 10 0
1 10 0
2 10 0
3 10 0
4 10 0
6 10 0
8 10 0
9 9 1
10 10 0
11 10 0
12 10 0
13 10 0
14 9 1
15 10 0
16 10 0
17 10 0
18 10 0
19 10 0
20 10 0
21 10 0
22 10 0
23 10 0
24 10 0
25 10 0
26 10 0
27 9 0
28 9 0
29 9 0
30 9 0
31 9 0
32 9 0
33 8 0
34 8 0
35 8 0
36 8 0
37 8 0
38 7 0
39 7 0
40 7 0
41 7 0
42 7 0
43 7 0
44 7 0
45 6 0
46 6 0
47 6 0
48 6 0
49 5 1
50 6 0
51 6 0
52 5 0
53 5 0
54 5 0
55 5 0
56 5 0
57 5 0
58 5 0
59 5 0
60 4 0
61 4 0
62 4 0
63 4 0
64 4 0
65 4 0
66 4 0
67 4 0
68 4 0
69 4 0
70 3 1
71 3 0
72 3 0
73 3 0
74 3 0
75 3 0
76 3 0
77 3 0
78 3 0
79 3 0
80 2 0
81 2 0
82 2 0
83 2 0
##=========================================
##[Voxel Mapper]Iteration 600 keyframe id, used times, remaining times:
0 10 1
1 10 1
2 10 1
3 11 0
4 10 1
6 11 0
8 10 1
9 11 0
10 10 1
11 11 0
12 10 1
13 10 1
14 10 1
15 10 1
16 10 1
17 11 0
18 10 1
19 11 0
20 11 0
21 11 0
22 11 0
23 10 1
24 11 0
25 11 0
26 10 1
27 9 1
28 9 1
29 10 0
30 9 1
31 9 1
32 10 0
33 9 0
34 9 0
35 9 0
36 9 0
37 9 0
38 7 1
39 7 1
40 8 0
41 8 0
42 8 0
43 7 1
44 7 1
45 6 1
46 7 0
47 6 1
48 7 0
49 6 1
50 6 1
51 7 0
52 6 0
53 6 0
54 5 1
55 5 1
56 5 1
57 6 0
58 5 1
59 6 0
60 4 1
61 4 1
62 4 1
63 5 0
64 5 0
65 5 0
66 5 0
67 5 0
68 4 1
69 5 0
70 4 1
71 3 1
72 4 0
73 4 0
74 4 0
75 4 0
76 4 0
77 4 0
78 3 1
79 4 0
80 3 0
81 2 1
82 2 1
83 2 1
84 3 0
87 1 1
##=========================================
##[Voxel Mapper]Iteration 650 keyframe id, used times, remaining times:
0 11 0
1 11 0
2 11 0
3 11 0
4 11 0
6 11 0
8 11 0
9 11 0
10 11 0
11 11 0
12 11 0
13 11 0
14 11 0
15 11 0
16 11 0
17 11 0
18 11 0
19 11 0
20 11 0
21 11 0
22 11 0
23 11 0
24 11 0
25 11 0
26 11 0
27 10 0
28 10 0
29 10 0
30 10 0
31 10 0
32 10 0
33 9 0
34 9 0
35 9 0
36 9 0
37 9 0
38 8 0
39 8 0
40 8 0
41 8 0
42 8 0
43 8 0
44 8 0
45 7 0
46 7 0
47 7 0
48 7 0
49 7 0
50 7 0
51 7 0
52 6 0
53 6 0
54 6 0
55 6 0
56 6 0
57 6 0
58 6 0
59 6 0
60 5 0
61 5 0
62 5 0
63 5 0
64 5 0
65 5 0
66 5 0
67 5 0
68 5 0
69 5 0
70 5 0
71 4 0
72 4 0
73 4 0
74 4 0
75 4 0
76 4 0
77 4 0
78 4 0
79 4 0
80 3 0
81 3 0
82 3 0
83 3 0
84 3 0
85 1 1
86 1 1
87 2 0
88 2 0
89 2 0
90 1 1
91 2 0
##=========================================
##[Voxel Mapper]Iteration 700 keyframe id, used times, remaining times:
0 11 1
1 12 0
2 11 1
3 12 0
4 12 0
6 11 1
8 11 1
9 12 0
10 12 0
11 11 1
12 11 1
13 11 1
14 12 0
15 12 0
16 12 0
17 11 1
18 12 0
19 11 1
20 12 0
21 11 1
22 12 0
23 12 0
24 12 0
25 11 1
26 12 0
27 11 0
28 10 1
29 11 0
30 10 1
31 10 1
32 11 0
33 10 0
34 10 0
35 9 1
36 9 1
37 10 0
38 9 0
39 8 1
40 8 1
41 8 1
42 9 0
43 8 1
44 8 1
45 8 0
46 7 1
47 7 1
48 7 1
49 8 0
50 7 1
51 7 1
52 7 0
53 6 1
54 7 0
55 7 0
56 6 1
57 6 1
58 6 1
59 7 0
60 5 1
61 5 1
62 6 0
63 6 0
64 6 0
65 6 0
66 5 1
67 6 0
68 6 0
69 5 1
70 6 0
71 4 1
72 5 0
73 5 0
74 4 1
75 5 0
76 4 1
77 5 0
78 4 1
79 4 1
80 4 0
81 3 1
82 3 1
83 3 1
84 4 0
85 2 1
86 3 0
87 3 0
88 3 0
89 2 1
90 2 1
91 2 1
92 3 0
##=========================================
##[Voxel Mapper]Iteration 750 keyframe id, used times, remaining times:
0 12 0
1 12 0
2 12 0
3 12 0
4 12 0
6 12 0
8 12 0
9 12 0
10 12 0
11 12 0
12 11 1
13 12 0
14 12 0
15 12 0
16 12 0
17 11 1
18 12 0
19 12 0
20 12 0
21 12 0
22 12 0
23 12 0
24 12 0
25 12 0
26 12 0
27 11 0
28 11 0
29 11 0
30 11 0
31 11 0
32 11 0
33 10 0
34 10 0
35 10 0
36 10 0
37 10 0
38 9 0
39 9 0
40 9 0
41 9 0
42 9 0
43 9 0
44 9 0
45 8 0
46 7 1
47 8 0
48 8 0
49 8 0
50 8 0
51 8 0
52 7 0
53 7 0
54 7 0
55 7 0
56 7 0
57 7 0
58 7 0
59 7 0
60 6 0
61 6 0
62 6 0
63 6 0
64 6 0
65 6 0
66 5 1
67 6 0
68 6 0
69 6 0
70 6 0
71 5 0
72 5 0
73 5 0
74 5 0
75 5 0
76 5 0
77 5 0
78 5 0
79 5 0
80 4 0
81 4 0
82 4 0
83 3 1
84 4 0
85 3 0
86 3 0
87 3 0
88 3 0
89 3 0
90 3 0
91 3 0
92 3 0
93 1 1
94 2 0
95 1 1
96 1 1
97 2 0
98 2 0
##=========================================
##[Voxel Mapper]Iteration 800 keyframe id, used times, remaining times:
0 13 0
1 12 1
2 12 1
3 12 1
4 12 1
6 12 1
8 13 0
9 12 1
10 12 1
11 12 1
12 13 0
13 12 1
14 12 1
15 13 0
16 13 0
17 12 1
18 12 1
19 12 1
20 12 1
21 13 0
22 12 1
23 12 1
24 12 1
25 12 1
26 13 0
27 11 1
28 12 0
29 12 0
30 11 1
31 12 0
32 12 0
33 10 1
34 11 0
35 11 0
36 10 1
37 10 1
38 10 0
39 9 1
40 9 1
41 9 1
42 9 1
43 10 0
44 9 1
45 9 0
46 8 1
47 8 1
48 9 0
49 8 1
50 8 1
51 9 0
52 7 1
53 7 1
54 8 0
55 7 1
56 7 1
57 7 1
58 7 1
59 7 1
60 6 1
61 6 1
62 7 0
63 7 0
64 6 1
65 7 0
66 6 1
67 6 1
68 6 1
69 6 1
70 6 1
71 6 0
72 6 0
73 5 1
74 6 0
75 6 0
76 6 0
77 5 1
78 5 1
79 6 0
80 4 1
81 5 0
82 5 0
83 4 1
84 4 1
85 3 1
86 3 1
87 3 1
88 4 0
89 3 1
90 3 1
91 3 1
92 3 1
93 2 1
94 3 0
95 3 0
96 3 0
97 3 0
98 3 0
99 2 1
100 3 0
101 1 1
##=========================================
##[Voxel Mapper]Iteration 850 keyframe id, used times, remaining times:
0 13 0
1 13 0
2 13 0
3 13 0
4 13 0
6 13 0
8 13 0
9 13 0
10 12 1
11 13 0
12 13 0
13 13 0
14 13 0
15 13 0
16 13 0
17 13 0
18 12 1
19 12 1
20 13 0
21 13 0
22 12 1
23 13 0
24 13 0
25 12 1
26 13 0
27 12 0
28 12 0
29 12 0
30 11 1
31 12 0
32 12 0
33 10 1
34 11 0
35 11 0
36 11 0
37 11 0
38 10 0
39 10 0
40 10 0
41 10 0
42 10 0
43 10 0
44 9 1
45 9 0
46 9 0
47 9 0
48 9 0
49 9 0
50 8 1
51 9 0
52 7 1
53 8 0
54 8 0
55 8 0
56 8 0
57 8 0
58 8 0
59 8 0
60 7 0
61 6 1
62 7 0
63 7 0
64 7 0
65 7 0
66 7 0
67 7 0
68 6 1
69 6 1
70 6 1
71 6 0
72 6 0
73 5 1
74 6 0
75 6 0
76 6 0
77 6 0
78 6 0
79 6 0
80 5 0
81 5 0
82 5 0
83 5 0
84 5 0
85 4 0
86 4 0
87 3 1
88 4 0
89 4 0
90 4 0
91 4 0
92 3 1
93 3 0
94 3 0
95 3 0
96 3 0
97 3 0
98 3 0
99 3 0
100 3 0
101 1 1
103 1 1
105 2 0
106 1 1
108 1 1
##=========================================
##[Voxel Mapper]Iteration 900 keyframe id, used times, remaining times:
0 13 1
1 14 0
2 13 1
3 13 1
4 13 1
6 13 1
8 13 1
9 14 0
10 13 1
11 13 1
12 13 1
13 13 1
14 13 1
15 14 0
16 14 0
17 13 1
18 13 1
19 13 1
20 13 1
21 13 1
22 13 1
23 13 1
24 14 0
25 14 0
26 13 1
27 12 1
28 12 1
29 12 1
30 12 1
31 13 0
32 12 1
33 11 1
34 11 1
35 12 0
36 11 1
37 11 1
38 10 1
39 10 1
40 10 1
41 10 1
42 10 1
43 10 1
44 11 0
45 9 1
46 9 1
47 9 1
48 10 0
49 9 1
50 9 1
51 10 0
52 8 1
53 8 1
54 8 1
55 8 1
56 8 1
57 8 1
58 8 1
59 8 1
60 7 1
61 7 1
62 8 0
63 7 1
64 7 1
65 8 0
66 7 1
67 7 1
68 8 0
69 7 1
70 7 1
71 6 1
72 6 1
73 6 1
74 6 1
75 7 0
76 6 1
77 6 1
78 6 1
79 6 1
80 5 1
81 5 1
82 5 1
83 5 1
84 6 0
85 4 1
86 4 1
87 4 1
88 4 1
89 5 0
90 4 1
91 4 1
92 4 1
93 3 1
94 4 0
95 3 1
96 3 1
97 3 1
98 4 0
99 4 0
100 3 1
101 2 1
102 2 1
103 2 1
104 2 1
105 2 1
106 2 1
107 2 1
108 2 1
109 3 0
##=========================================
##[Voxel Mapper]Iteration 950 keyframe id, used times, remaining times:
0 13 1
1 14 0
2 13 1
3 14 0
4 14 0
6 13 1
8 13 1
9 14 0
10 14 0
11 14 0
12 14 0
13 13 1
14 13 1
15 14 0
16 14 0
17 14 0
18 13 1
19 14 0
20 14 0
21 14 0
22 14 0
23 13 1
24 14 0
25 14 0
26 14 0
27 12 1
28 13 0
29 12 1
30 13 0
31 13 0
32 12 1
33 12 0
34 11 1
35 12 0
36 12 0
37 12 0
38 10 1
39 11 0
40 10 1
41 11 0
42 10 1
43 10 1
44 11 0
45 9 1
46 10 0
47 10 0
48 10 0
49 10 0
50 10 0
51 10 0
52 9 0
53 9 0
54 9 0
55 8 1
56 8 1
57 9 0
58 9 0
59 8 1
60 8 0
61 7 1
62 8 0
63 7 1
64 8 0
65 8 0
66 8 0
67 8 0
68 8 0
69 7 1
70 7 1
71 7 0
72 6 1
73 7 0
74 7 0
75 7 0
76 7 0
77 7 0
78 7 0
79 6 1
80 5 1
81 6 0
82 6 0
83 6 0
84 6 0
85 4 1
86 4 1
87 5 0
88 5 0
89 5 0
90 4 1
91 5 0
92 5 0
93 4 0
94 4 0
95 3 1
96 4 0
97 3 1
98 4 0
99 4 0
100 3 1
101 3 0
102 2 1
103 2 1
104 2 1
105 3 0
106 3 0
107 2 1
108 3 0
109 3 0
##=========================================
##[Voxel Mapper]Iteration 50 keyframe id, used times, remaining times:
0 2 1
1 3 0
2 3 0
3 2 1
4 3 0
6 2 1
7 2 1
8 2 1
9 2 1
10 3 0
11 3 0
12 2 1
13 2 1
14 3 0
15 3 0
16 2 1
17 3 0
18 3 0
19 3 0
20 2 1
##=========================================
##[Voxel Mapper]Iteration 100 keyframe id, used times, remaining times:
0 5 0
1 5 0
2 5 0
3 4 1
4 4 1
6 4 1
7 4 1
8 4 1
9 4 1
10 4 1
11 4 1
12 4 1
13 4 1
14 4 1
15 4 1
16 4 1
17 4 1
18 4 1
19 4 1
20 4 1
21 3 1
22 4 0
23 3 1
24 2 1
25 3 0
26 2 1
##=========================================
##[Voxel Mapper]Iteration 150 keyframe id, used times, remaining times:
0 5 1
1 5 1
2 6 0
3 6 0
4 5 1
6 6 0
7 6 0
8 5 1
9 6 0
10 6 0
11 6 0
12 6 0
13 6 0
14 6 0
15 5 1
16 6 0
17 6 0
18 6 0
19 6 0
20 6 0
21 5 0
22 5 0
23 5 0
24 4 0
25 3 1
26 3 1
27 3 0
28 3 0
29 3 0
30 1 1
##=========================================
##[Voxel Mapper]Iteration 200 keyframe id, used times, remaining times:
0 7 0
1 7 0
2 7 0
3 7 0
4 7 0
6 7 0
7 7 0
8 7 0
9 7 0
10 7 0
11 7 0
12 7 0
13 7 0
14 7 0
15 7 0
16 7 0
17 7 0
18 7 0
19 7 0
20 7 0
21 6 0
22 6 0
23 6 0
24 5 0
25 5 0
26 5 0
27 4 0
28 4 0
29 4 0
30 3 0
31 3 0
32 3 0
33 2 0
34 2 0
35 2 0
##=========================================
##[Voxel Mapper]Iteration 250 keyframe id, used times, remaining times:
0 8 1
1 8 1
2 9 0
3 8 1
4 8 1
6 8 1
7 8 1
8 8 1
9 8 1
10 9 0
11 9 0
12 8 1
13 8 1
14 8 1
15 8 1
16 9 0
17 8 1
18 9 0
19 8 1
20 8 1
21 8 0
22 7 1
23 7 1
24 6 1
25 6 1
26 6 1
27 5 1
28 5 1
29 5 1
30 5 0
31 4 1
32 4 1
33 3 1
34 4 0
35 4 0
36 2 1
37 2 1
38 2 1
##=========================================
##[Voxel Mapper]Iteration 300 keyframe id, used times, remaining times:
0 9 1
1 10 0
2 10 0
3 10 0
4 9 1
6 9 1
7 9 1
8 9 1
9 10 0
10 10 0
11 9 1
12 9 1
13 9 1
14 9 1
15 10 0
16 9 1
17 10 0
18 9 1
19 10 0
20 9 1
21 9 0
22 8 1
23 8 1
24 8 0
25 7 1
26 8 0
27 6 1
28 7 0
29 6 1
30 5 1
31 5 1
32 5 1
33 5 0
34 4 1
35 4 1
36 3 1
37 3 1
38 3 1
39 2 1
40 2 1
41 2 1
42 2 1
##=========================================
##[Voxel Mapper]Iteration 350 keyframe id, used times, remaining times:
0 11 0
1 10 1
2 10 1
3 10 1
4 11 0
6 10 1
7 10 1
8 10 1
9 11 0
10 11 0
11 10 1
12 10 1
13 10 1
14 10 1
15 10 1
16 10 1
17 10 1
18 10 1
19 10 1
20 10 1
21 9 1
22 9 1
23 10 0
24 8 1
25 8 1
26 8 1
27 7 1
28 7 1
29 7 1
30 6 1
31 7 0
32 7 0
33 5 1
34 6 0
35 6 0
36 5 0
37 4 1
38 4 1
39 4 0
40 4 0
41 4 0
42 4 0
43 2 1
44 2 1
45 3 0
##=========================================
##[Voxel Mapper]Iteration 400 keyframe id, used times, remaining times:
0 11 1
1 11 1
2 11 1
3 11 1
4 12 0
6 11 1
7 11 1
8 11 1
9 12 0
10 11 1
11 11 1
12 12 0
13 11 1
14 11 1
15 12 0
16 11 1
17 11 1
18 12 0
19 11 1
20 11 1
21 10 1
22 10 1
23 10 1
24 10 0
25 9 1
26 10 0
27 8 1
28 8 1
29 9 0
30 7 1
31 7 1
32 8 0
33 6 1
34 6 1
35 6 1
36 5 1
37 6 0
38 6 0
39 4 1
40 5 0
41 5 0
42 4 1
43 4 0
44 3 1
45 3 1
46 2 1
47 2 1
48 2 1
##=========================================
##[Voxel Mapper]Iteration 450 keyframe id, used times, remaining times:
0 12 1
1 12 1
2 13 0
3 12 1
4 12 1
6 12 1
7 12 1
8 12 1
9 13 0
10 12 1
11 12 1
12 12 1
13 12 1
14 13 0
15 12 1
16 12 1
17 12 1
18 12 1
19 12 1
20 12 1
21 12 0
22 11 1
23 12 0
24 10 1
25 10 1
26 10 1
27 9 1
28 9 1
29 9 1
30 8 1
31 8 1
32 9 0
33 7 1
34 8 0
35 7 1
36 6 1
37 7 0
38 6 1
39 6 0
40 5 1
41 6 0
42 5 1
43 4 1
44 5 0
45 4 1
46 3 1
47 3 1
48 3 1
49 2 1
50 3 0
##=========================================
##[Voxel Mapper]Iteration 500 keyframe id, used times, remaining times:
0 13 1
1 13 1
2 13 1
3 14 0
4 13 1
6 13 1
7 13 1
8 13 1
9 13 1
10 13 1
11 13 1
12 13 1
13 13 1
14 13 1
15 13 1
16 13 1
17 13 1
18 13 1
19 13 1
20 13 1
21 12 1
22 12 1
23 12 1
24 11 1
25 11 1
26 11 1
27 10 1
28 10 1
29 10 1
30 9 1
31 9 1
32 9 1
33 8 1
34 8 1
35 8 1
36 7 1
37 7 1
38 7 1
39 6 1
40 6 1
41 6 1
42 6 1
43 5 1
44 5 1
45 5 1
46 4 1
47 4 1
48 4 1
49 3 1
50 3 1
51 2 1
52 2 1
53 2 1
54 2 1
55 3 0
##=========================================
##[Voxel Mapper]Iteration 550 keyframe id, used times, remaining times:
0 14 0
1 14 0
2 14 0
3 14 0
4 14 0
6 14 0
7 14 0
8 13 1
9 14 0
10 14 0
11 14 0
12 14 0
13 14 0
14 14 0
15 14 0
16 14 0
17 14 0
18 14 0
19 14 0
20 14 0
21 13 0
22 13 0
23 13 0
24 12 0
25 12 0
26 12 0
27 11 0
28 11 0
29 10 1
30 10 0
31 10 0
32 10 0
33 9 0
34 9 0
35 9 0
36 8 0
37 8 0
38 8 0
39 7 0
40 6 1
41 7 0
42 6 1
43 6 0
44 6 0
45 6 0
46 5 0
47 5 0
48 5 0
49 4 0
50 4 0
51 3 0
52 3 0
53 3 0
54 2 1
55 3 0
56 1 1
57 1 1
##=========================================
##[Voxel Mapper]Iteration 600 keyframe id, used times, remaining times:
0 15 0
1 14 1
2 14 1
3 14 1
4 14 1
6 15 0
7 15 0
8 15 0
9 14 1
10 15 0
11 15 0
12 15 0
13 14 1
14 14 1
15 15 0
16 15 0
17 15 0
18 15 0
19 15 0
20 15 0
21 14 0
22 13 1
23 13 1
24 13 0
25 12 1
26 13 0
27 11 1
28 12 0
29 12 0
30 11 0
31 11 0
32 10 1
33 10 0
34 10 0
35 9 1
36 8 1
37 8 1
38 8 1
39 8 0
40 8 0
41 8 0
42 8 0
43 6 1
44 7 0
45 7 0
46 6 0
47 6 0
48 6 0
49 5 0
50 5 0
51 4 0
52 3 1
53 4 0
54 3 1
55 3 1
56 3 0
57 2 1
58 3 0
59 2 1
60 1 1
62 1 1
##=========================================
##[Voxel Mapper]Iteration 650 keyframe id, used times, remaining times:
0 15 1
1 15 1
2 15 1
3 15 1
4 15 1
6 16 0
7 15 1
8 15 1
9 15 1
10 15 1
11 15 1
12 15 1
13 15 1
14 16 0
15 16 0
16 15 1
17 15 1
18 15 1
19 15 1
20 16 0
21 14 1
22 14 1
23 15 0
24 14 0
25 14 0
26 13 1
27 12 1
28 12 1
29 12 1
30 11 1
31 11 1
32 11 1
33 11 0
34 10 1
35 10 1
36 10 0
37 9 1
38 10 0
39 8 1
40 8 1
41 8 1
42 9 0
43 7 1
44 7 1
45 8 0
46 6 1
47 6 1
48 6 1
49 5 1
50 5 1
51 5 0
52 4 1
53 4 1
54 4 1
55 4 1
56 4 0
57 4 0
58 3 1
59 4 0
60 2 1
61 3 0
62 2 1
63 2 1
64 2 1
65 3 0
##=========================================
##[Voxel Mapper]Iteration 700 keyframe id, used times, remaining times:
0 16 0
1 16 0
2 16 0
3 16 0
4 16 0
6 16 0
7 16 0
8 16 0
9 16 0
10 16 0
11 16 0
12 15 1
13 16 0
14 16 0
15 16 0
16 16 0
17 16 0
18 16 0
19 16 0
20 16 0
21 15 0
22 15 0
23 15 0
24 14 0
25 14 0
26 14 0
27 13 0
28 13 0
29 13 0
30 12 0
31 12 0
32 12 0
33 11 0
34 11 0
35 11 0
36 10 0
37 10 0
38 10 0
39 9 0
40 9 0
41 9 0
42 9 0
43 8 0
44 8 0
45 8 0
46 7 0
47 7 0
48 7 0
49 6 0
50 6 0
51 5 0
52 5 0
53 5 0
54 5 0
55 5 0
56 4 0
57 4 0
58 3 1
59 4 0
60 3 0
61 3 0
62 3 0
63 2 1
64 3 0
65 3 0
67 2 0
68 2 0
69 2 0
##=========================================
##[Voxel Mapper]Iteration 750 keyframe id, used times, remaining times:
0 17 0
1 16 1
2 16 1
3 16 1
4 17 0
6 17 0
7 17 0
8 17 0
9 17 0
10 17 0
11 17 0
12 16 1
13 16 1
14 16 1
15 16 1
16 17 0
17 17 0
18 16 1
19 16 1
20 16 1
21 16 0
22 15 1
23 16 0
24 14 1
25 14 1
26 14 1
27 14 0
28 14 0
29 14 0
30 13 0
31 12 1
32 13 0
33 12 0
34 11 1
35 11 1
36 11 0
37 11 0
38 11 0
39 10 0
40 9 1
41 10 0
42 9 1
43 9 0
44 8 1
45 9 0
46 8 0
47 8 0
48 7 1
49 7 0
50 7 0
51 6 0
52 5 1
53 6 0
54 6 0
55 5 1
56 4 1
57 5 0
58 4 1
59 5 0
60 3 1
61 3 1
62 4 0
63 4 0
64 3 1
65 4 0
66 3 0
67 2 1
68 2 1
69 2 1
70 2 1
71 3 0
72 1 1
73 1 1
##=========================================
##[Voxel Mapper]Iteration 50 keyframe id, used times, remaining times:
0 2 1
1 2 1
2 3 0
3 2 1
4 2 1
7 2 1
10 3 0
11 2 1
12 3 0
13 2 1
14 3 0
15 2 1
16 3 0
17 3 0
18 3 0
19 2 1
20 3 0
21 2 1
22 2 1
23 3 0
24 1 1
##=========================================
##[Voxel Mapper]Iteration 100 keyframe id, used times, remaining times:
0 4 1
1 4 1
2 4 1
3 4 1
4 5 0
7 5 0
10 4 1
11 4 1
12 5 0
13 4 1
14 4 1
15 4 1
16 4 1
17 4 1
18 4 1
19 5 0
20 5 0
21 4 1
22 4 1
23 4 1
24 4 0
25 3 1
26 3 1
27 2 1
28 3 0
##=========================================
##[Voxel Mapper]Iteration 150 keyframe id, used times, remaining times:
0 6 0
1 6 0
2 6 0
3 6 0
4 6 0
7 6 0
10 6 0
11 6 0
12 6 0
13 6 0
14 6 0
15 6 0
16 6 0
17 6 0
18 6 0
19 6 0
20 5 1
21 6 0
22 6 0
23 6 0
24 5 0
25 5 0
26 4 1
27 3 1
28 3 1
29 2 1
30 3 0
31 3 0
32 2 0
33 1 1
##=========================================
##[Voxel Mapper]Iteration 200 keyframe id, used times, remaining times:
0 7 1
1 7 1
2 7 1
3 7 1
4 7 1
7 7 1
10 8 0
11 7 1
12 7 1
13 8 0
14 7 1
15 7 1
16 7 1
17 7 1
18 7 1
19 8 0
20 7 1
21 7 1
22 7 1
23 7 1
24 6 1
25 6 1
26 6 1
27 5 1
28 5 1
29 4 1
30 4 1
31 4 1
32 3 1
33 3 1
34 4 0
35 2 1
36 2 1
37 3 0
##=========================================
##[Voxel Mapper]Iteration 250 keyframe id, used times, remaining times:
0 8 1
1 9 0
2 8 1
3 8 1
4 9 0
7 9 0
10 9 0
11 9 0
12 9 0
13 9 0
14 8 1
15 8 1
16 9 0
17 8 1
18 8 1
19 8 1
20 8 1
21 8 1
22 8 1
23 9 0
24 7 1
25 7 1
26 7 1
27 7 0
28 7 0
29 6 0
30 5 1
31 6 0
32 4 1
33 4 1
34 4 1
35 3 1
36 3 1
37 3 1
38 2 1
39 3 0
40 3 0
##=========================================
##[Voxel Mapper]Iteration 300 keyframe id, used times, remaining times:
0 10 0
1 9 1
2 10 0
3 10 0
4 9 1
7 9 1
10 10 0
11 9 1
12 10 0
13 10 0
14 9 1
15 10 0
16 9 1
17 9 1
18 9 1
19 10 0
20 10 0
21 9 1
22 9 1
23 10 0
24 9 0
25 9 0
26 9 0
27 7 1
28 7 1
29 6 1
30 7 0
31 7 0
32 6 0
33 6 0
34 5 1
35 5 0
36 5 0
37 4 1
38 3 1
39 3 1
40 4 0
41 2 1
42 3 0
43 3 0
##=========================================
##[Voxel Mapper]Iteration 350 keyframe id, used times, remaining times:
0 10 1
1 10 1
2 10 1
3 10 1
4 11 0
7 11 0
10 11 0
11 11 0
12 10 1
13 11 0
14 11 0
15 11 0
16 11 0
17 11 0
18 11 0
19 10 1
20 11 0
21 10 1
22 10 1
23 10 1
24 10 0
25 9 1
26 10 0
27 8 1
28 8 1
29 8 0
30 8 0
31 7 1
32 7 0
33 7 0
34 6 1
35 6 0
36 6 0
37 5 1
38 5 0
39 5 0
40 5 0
41 4 0
42 3 1
43 3 1
44 3 0
45 2 1
46 3 0
47 1 1
##=========================================
##[Voxel Mapper]Iteration 400 keyframe id, used times, remaining times:
0 12 0
1 12 0
2 12 0
3 12 0
4 11 1
7 12 0
10 12 0
11 11 1
12 11 1
13 11 1
14 12 0
15 12 0
16 11 1
17 12 0
18 12 0
19 12 0
20 12 0
21 11 1
22 12 0
23 11 1
24 10 1
25 11 0
26 10 1
27 9 1
28 10 0
29 9 0
30 9 0
31 9 0
32 8 0
33 8 0
34 8 0
35 6 1
36 7 0
37 6 1
38 5 1
39 6 0
40 5 1
41 4 1
42 4 1
43 5 0
44 3 1
45 4 0
46 4 0
47 3 0
48 3 0
50 1 1
##=========================================
##[Voxel Mapper]Iteration 450 keyframe id, used times, remaining times:
0 12 1
1 13 0
2 13 0
3 13 0
4 13 0
7 13 0
10 12 1
11 12 1
12 13 0
13 12 1
14 12 1
15 12 1
16 13 0
17 13 0
18 13 0
19 12 1
20 12 1
21 12 1
22 13 0
23 13 0
24 11 1
25 12 0
26 12 0
27 11 0
28 10 1
29 10 0
30 9 1
31 9 1
32 9 0
33 9 0
34 8 1
35 7 1
36 7 1
37 8 0
38 6 1
39 7 0
40 7 0
41 5 1
42 5 1
43 5 1
44 5 0
45 5 0
46 5 0
47 4 0
48 3 1
49 3 0
50 3 0
51 3 0
52 1 1
##=========================================
##[Voxel Mapper]Iteration 50 keyframe id, used times, remaining times:
0 2 1
1 3 0
2 2 1
3 2 1
4 3 0
7 2 1
8 3 0
9 2 1
10 2 1
11 2 1
12 2 1
13 3 0
14 2 1
15 2 1
16 2 1
17 3 0
18 3 0
19 3 0
20 3 0
21 3 0
22 1 1
##=========================================
##[Voxel Mapper]Iteration 100 keyframe id, used times, remaining times:
0 4 1
1 4 1
2 4 1
3 4 1
4 5 0
7 4 1
8 5 0
9 4 1
10 4 1
11 4 1
12 4 1
13 4 1
14 5 0
15 4 1
16 4 1
17 5 0
18 4 1
19 5 0
20 4 1
21 4 1
22 3 1
23 4 0
24 3 1
25 3 0
26 2 1
##=========================================
##[Voxel Mapper]Iteration 150 keyframe id, used times, remaining times:
0 5 1
1 6 0
2 6 0
3 6 0
4 6 0
7 6 0
8 6 0
9 6 0
10 6 0
11 6 0
12 6 0
13 6 0
14 6 0
15 6 0
16 5 1
17 6 0
18 6 0
19 6 0
20 6 0
21 6 0
22 5 0
23 4 1
24 5 0
25 4 0
26 4 0
27 3 0
28 3 0
29 3 0
30 1 1
##=========================================
##[Voxel Mapper]Iteration 50 keyframe id, used times, remaining times:
0 3 0
1 2 1
2 3 0
3 2 1
4 3 0
6 3 0
8 3 0
10 3 0
11 2 1
12 2 1
13 2 1
14 3 0
15 3 0
16 2 1
17 2 1
18 2 1
19 3 0
20 2 1
21 2 1
22 3 0
##=========================================
##[Voxel Mapper]Iteration 100 keyframe id, used times, remaining times:
0 4 1
1 4 1
2 4 1
3 5 0
4 5 0
6 4 1
8 4 1
10 4 1
11 4 1
12 4 1
13 4 1
14 4 1
15 4 1
16 5 0
17 4 1
18 5 0
19 5 0
20 4 1
21 4 1
22 5 0
23 3 1
24 3 1
25 3 1
26 2 1
27 3 0
##=========================================
##[Voxel Mapper]Iteration 150 keyframe id, used times, remaining times:
0 6 0
1 6 0
2 6 0
3 6 0
4 5 1
6 6 0
8 6 0
10 5 1
11 6 0
12 6 0
13 6 0
14 6 0
15 5 1
16 6 0
17 6 0
18 6 0
19 6 0
20 6 0
21 6 0
22 6 0
23 5 0
24 5 0
25 5 0
26 4 0
27 3 1
28 3 0
29 3 0
30 2 0
31 2 0
32 1 1
##=========================================
##[Voxel Mapper]Iteration 200 keyframe id, used times, remaining times:
0 7 1
1 7 1
2 7 1
3 7 1
4 8 0
6 7 1
8 7 1
10 7 1
11 7 1
12 7 1
13 8 0
14 7 1
15 8 0
16 7 1
17 7 1
18 8 0
19 8 0
20 7 1
21 8 0
22 7 1
23 6 1
24 6 1
25 6 1
26 5 1
27 5 1
28 4 1
29 4 1
30 3 1
31 3 1
32 4 0
33 3 0
34 2 1
35 3 0
##=========================================
##[Voxel Mapper]Iteration 250 keyframe id, used times, remaining times:
0 9 0
1 8 1
2 8 1
3 8 1
4 9 0
6 9 0
8 9 0
10 9 0
11 8 1
12 8 1
13 9 0
14 8 1
15 9 0
16 8 1
17 9 0
18 9 0
19 9 0
20 9 0
21 8 1
22 9 0
23 8 0
24 7 1
25 8 0
26 7 0
27 6 1
28 5 1
29 6 0
30 5 0
31 4 1
32 5 0
33 3 1
34 4 0
35 3 1
36 3 0
37 2 1
38 2 1
##=========================================
##[Voxel Mapper]Iteration 300 keyframe id, used times, remaining times:
0 10 0
1 10 0
2 9 1
3 10 0
4 9 1
6 10 0
8 9 1
10 9 1
11 10 0
12 9 1
13 10 0
14 10 0
15 10 0
16 10 0
17 9 1
18 9 1
19 9 1
20 10 0
21 10 0
22 10 0
23 9 0
24 9 0
25 9 0
26 7 1
27 8 0
28 7 0
29 7 0
30 6 0
31 6 0
32 6 0
33 5 0
34 5 0
35 5 0
36 3 1
37 4 0
38 4 0
39 2 1
40 3 0
41 3 0
##=========================================
##[Voxel Mapper]Iteration 350 keyframe id, used times, remaining times:
0 10 1
1 11 0
2 11 0
3 11 0
4 10 1
6 11 0
8 11 0
10 10 1
11 10 1
12 10 1
13 11 0
14 11 0
15 10 1
16 11 0
17 11 0
18 10 1
19 11 0
20 11 0
21 11 0
22 11 0
23 10 0
24 10 0
25 10 0
26 8 1
27 9 0
28 8 0
29 8 0
30 7 0
31 7 0
32 7 0
33 6 0
34 6 0
35 6 0
36 4 1
37 4 1
38 5 0
39 4 0
40 4 0
41 4 0
42 3 0
43 2 1
44 3 0
45 2 0
##=========================================
##[Voxel Mapper]Iteration 400 keyframe id, used times, remaining times:
0 12 0
1 12 0
2 12 0
3 11 1
4 12 0
6 12 0
8 12 0
10 12 0
11 12 0
12 12 0
13 12 0
14 12 0
15 11 1
16 11 1
17 12 0
18 11 1
19 11 1
20 12 0
21 12 0
22 12 0
23 11 0
24 11 0
25 11 0
26 10 0
27 9 1
28 9 0
29 9 0
30 7 1
31 8 0
32 8 0
33 7 0
34 6 1
35 7 0
36 6 0
37 6 0
38 6 0
39 5 0
40 5 0
41 5 0
42 4 0
43 3 1
44 4 0
45 2 1
46 2 1
47 3 0
48 1 1
##=========================================
##[Voxel Mapper]Iteration 450 keyframe id, used times, remaining times:
0 13 0
1 13 0
2 13 0
3 13 0
4 12 1
6 13 0
8 13 0
10 13 0
11 13 0
12 13 0
13 12 1
14 13 0
15 13 0
16 12 1
17 13 0
18 12 1
19 12 1
20 12 1
21 13 0
22 12 1
23 12 0
24 12 0
25 12 0
26 10 1
27 11 0
28 9 1
29 10 0
30 9 0
31 9 0
32 9 0
33 8 0
34 8 0
35 7 1
36 6 1
37 7 0
38 7 0
39 6 0
40 6 0
41 6 0
42 5 0
43 5 0
44 5 0
45 4 0
46 4 0
47 3 1
48 3 0
49 3 0
50 1 1
##=========================================
##[Voxel Mapper]Iteration 500 keyframe id, used times, remaining times:
0 13 1
1 14 0
2 13 1
3 13 1
4 13 1
6 13 1
8 13 1
10 13 1
11 14 0
12 14 0
13 14 0
14 14 0
15 14 0
16 13 1
17 13 1
18 13 1
19 14 0
20 13 1
21 13 1
22 13 1
23 13 0
24 13 0
25 12 1
26 12 0
27 12 0
28 11 0
29 11 0
30 10 0
31 10 0
32 10 0
33 9 0
34 9 0
35 9 0
36 7 1
37 8 0
38 8 0
39 7 0
40 7 0
41 7 0
42 5 1
43 5 1
44 6 0
45 4 1
46 5 0
47 4 1
48 3 1
49 4 0
50 3 0
51 3 0
52 3 0
53 3 0
##=========================================
##[Voxel Mapper]Iteration 550 keyframe id, used times, remaining times:
0 14 1
1 14 1
2 14 1
3 14 1
4 14 1
6 15 0
8 15 0
10 15 0
11 15 0
12 14 1
13 14 1
14 15 0
15 14 1
16 15 0
17 15 0
18 15 0
19 14 1
20 14 1
21 14 1
22 14 1
23 13 1
24 13 1
25 14 0
26 13 0
27 13 0
28 11 1
29 11 1
30 11 0
31 10 1
32 10 1
33 10 0
34 9 1
35 9 1
36 9 0
37 9 0
38 8 1
39 8 0
40 8 0
41 8 0
42 6 1
43 6 1
44 7 0
45 5 1
46 6 0
47 5 1
48 4 1
49 4 1
50 4 0
51 3 1
52 4 0
53 3 1
54 2 1
55 2 1
56 2 1
57 2 1
##=========================================
##[Voxel Mapper]Iteration 600 keyframe id, used times, remaining times:
0 15 1
1 15 1
2 15 1
3 15 1
4 15 1
6 16 0
8 15 1
10 15 1
11 16 0
12 15 1
13 15 1
14 15 1
15 15 1
16 15 1
17 15 1
18 15 1
19 15 1
20 15 1
21 15 1
22 16 0
23 14 1
24 14 1
25 14 1
26 13 1
27 13 1
28 12 1
29 13 0
30 11 1
31 11 1
32 11 1
33 10 1
34 10 1
35 10 1
36 9 1
37 9 1
38 9 1
39 8 1
40 8 1
41 8 1
42 8 0
43 7 1
44 8 0
45 6 1
46 6 1
47 6 1
48 5 1
49 5 1
50 4 1
51 4 1
52 4 1
53 5 0
54 3 1
55 3 1
56 3 1
57 4 0
58 2 1
59 2 1
60 2 1
61 3 0
##=========================================
##[Voxel Mapper]Iteration 650 keyframe id, used times, remaining times:
0 16 0
1 16 0
2 16 0
3 16 0
4 16 0
6 16 0
8 16 0
10 16 0
11 16 0
12 16 0
13 16 0
14 16 0
15 16 0
16 16 0
17 16 0
18 16 0
19 16 0
20 16 0
21 16 0
22 16 0
23 15 0
24 14 1
25 15 0
26 14 0
27 14 0
28 13 0
29 13 0
30 12 0
31 12 0
32 12 0
33 11 0
34 11 0
35 11 0
36 10 0
37 10 0
38 10 0
39 9 0
40 8 1
41 9 0
42 8 0
43 8 0
44 8 0
45 7 0
46 7 0
47 7 0
48 6 0
49 5 1
50 5 0
51 5 0
52 5 0
53 5 0
54 4 0
55 4 0
56 3 1
57 4 0
58 3 0
59 3 0
60 3 0
61 3 0
62 2 0
63 1 1
64 1 1
##=========================================
##[Voxel Mapper]Iteration 700 keyframe id, used times, remaining times:
0 17 0
1 17 0
2 17 0
3 17 0
4 17 0
6 16 1
8 16 1
10 16 1
11 17 0
12 16 1
13 17 0
14 17 0
15 17 0
16 16 1
17 17 0
18 16 1
19 16 1
20 16 1
21 16 1
22 17 0
23 16 0
24 16 0
25 16 0
26 14 1
27 14 1
28 13 1
29 14 0
30 13 0
31 13 0
32 13 0
33 12 0
34 12 0
35 11 1
36 10 1
37 11 0
38 11 0
39 10 0
40 10 0
41 10 0
42 9 0
43 8 1
44 9 0
45 8 0
46 8 0
47 8 0
48 7 0
49 6 1
50 5 1
51 5 1
52 6 0
53 5 1
54 4 1
55 4 1
56 5 0
57 5 0
58 3 1
59 4 0
60 3 1
61 3 1
62 2 1
63 3 0
64 2 1
65 2 1
66 3 0
67 3 0
##=========================================
##[Voxel Mapper]Iteration 750 keyframe id, used times, remaining times:
0 18 0
1 17 1
2 17 1
3 17 1
4 17 1
6 18 0
8 17 1
10 17 1
11 17 1
12 17 1
13 17 1
14 17 1
15 17 1
16 17 1
17 17 1
18 18 0
19 17 1
20 17 1
21 17 1
22 17 1
23 17 0
24 17 0
25 16 1
26 15 1
27 15 1
28 14 1
29 14 1
30 13 1
31 14 0
32 13 1
33 12 1
34 12 1
35 12 1
36 11 1
37 11 1
38 12 0
39 10 1
40 10 1
41 11 0
42 9 1
43 9 1
44 9 1
45 8 1
46 8 1
47 8 1
48 7 1
49 7 1
50 7 0
51 6 1
52 6 1
53 6 1
54 5 1
55 5 1
56 5 1
57 5 1
58 4 1
59 4 1
60 4 1
61 4 1
62 3 1
63 3 1
64 4 0
65 3 1
66 3 1
67 3 1
68 2 1
69 2 1
70 2 1
71 3 0
72 2 1
73 2 1
##=========================================
##[Voxel Mapper]Iteration 800 keyframe id, used times, remaining times:
0 18 0
1 17 1
2 18 0
3 18 0
4 17 1
6 18 0
8 18 0
10 18 0
11 18 0
12 18 0
13 18 0
14 17 1
15 18 0
16 18 0
17 18 0
18 18 0
19 18 0
20 18 0
21 18 0
22 18 0
23 17 0
24 17 0
25 17 0
26 16 0
27 16 0
28 15 0
29 14 1
30 13 1
31 14 0
32 14 0
33 13 0
34 13 0
35 12 1
36 12 0
37 12 0
38 12 0
39 11 0
40 11 0
41 11 0
42 10 0
43 10 0
44 10 0
45 9 0
46 8 1
47 9 0
48 7 1
49 8 0
50 7 0
51 7 0
52 7 0
53 7 0
54 6 0
55 6 0
56 6 0
57 6 0
58 5 0
59 5 0
60 4 1
61 5 0
62 3 1
63 4 0
64 4 0
65 4 0
66 4 0
67 4 0
68 2 1
69 3 0
70 2 1
71 3 0
72 2 1
73 3 0
75 1 1
76 1 1
77 1 1
##=========================================
##[Voxel Mapper]Iteration 850 keyframe id, used times, remaining times:
0 18 1
1 18 1
2 18 1
3 18 1
4 18 1
6 18 1
8 19 0
10 19 0
11 18 1
12 18 1
13 18 1
14 18 1
15 19 0
16 18 1
17 19 0
18 18 1
19 18 1
20 18 1
21 18 1
22 18 1
23 17 1
24 18 0
25 17 1
26 16 1
27 16 1
28 15 1
29 16 0
30 14 1
31 15 0
32 14 1
33 14 0
34 13 1
35 13 1
36 12 1
37 12 1
38 13 0
39 11 1
40 11 1
41 11 1
42 10 1
43 11 0
44 11 0
45 9 1
46 10 0
47 10 0
48 8 1
49 9 0
50 7 1
51 8 0
52 7 1
53 7 1
54 6 1
55 7 0
56 7 0
57 7 0
58 6 0
59 5 1
60 6 0
61 5 1
62 5 0
63 5 0
64 5 0
65 4 1
66 4 1
67 5 0
68 3 1
69 3 1
70 3 1
71 3 1
72 3 1
73 4 0
74 3 0
75 3 0
76 3 0
77 3 0
78 3 0
##=========================================
##[Voxel Mapper]Iteration 900 keyframe id, used times, remaining times:
0 19 0
1 19 0
2 19 0
3 19 0
4 19 0
6 19 0
8 19 0
10 19 0
11 19 0
12 19 0
13 19 0
14 19 0
15 19 0
16 18 1
17 19 0
18 19 0
19 19 0
20 19 0
21 19 0
22 19 0
23 18 0
24 18 0
25 18 0
26 17 0
27 17 0
28 16 0
29 16 0
30 15 0
31 15 0
32 15 0
33 14 0
34 14 0
35 14 0
36 13 0
37 13 0
38 13 0
39 12 0
40 12 0
41 12 0
42 11 0
43 11 0
44 11 0
45 10 0
46 10 0
47 10 0
48 9 0
49 9 0
50 8 0
51 8 0
52 8 0
53 8 0
54 7 0
55 7 0
56 7 0
57 7 0
58 6 0
59 6 0
60 6 0
61 6 0
62 5 0
63 5 0
64 5 0
65 5 0
66 5 0
67 5 0
68 4 0
69 4 0
70 4 0
71 4 0
72 4 0
73 4 0
74 3 0
75 3 0
76 3 0
77 3 0
78 3 0
79 1 1
80 2 0
81 1 1
82 1 1
##=========================================
##[Voxel Mapper]Iteration 950 keyframe id, used times, remaining times:
0 20 0
1 20 0
2 19 1
3 19 1
4 19 1
6 20 0
8 20 0
10 19 1
11 19 1
12 20 0
13 19 1
14 19 1
15 20 0
16 19 1
17 20 0
18 19 1
19 20 0
20 20 0
21 19 1
22 19 1
23 19 0
24 19 0
25 19 0
26 18 0
27 17 1
28 16 1
29 16 1
30 16 0
31 16 0
32 15 1
33 15 0
34 15 0
35 14 1
36 14 0
37 14 0
38 14 0
39 13 0
40 13 0
41 13 0
42 11 1
43 12 0
44 12 0
45 10 1
46 10 1
47 11 0
48 10 0
49 10 0
50 9 0
51 8 1
52 8 1
53 9 0
54 7 1
55 7 1
56 7 1
57 8 0
58 7 0
59 6 1
60 6 1
61 7 0
62 6 0
63 6 0
64 6 0
65 5 1
66 5 1
67 6 0
68 5 0
69 5 0
70 5 0
71 4 1
72 4 1
73 5 0
74 4 0
75 3 1
76 3 1
77 3 1
78 4 0
79 3 0
80 2 1
81 3 0
82 3 0
##=========================================
##[Voxel Mapper]Iteration 1000 keyframe id, used times, remaining times:
0 21 0
1 20 1
2 20 1
3 20 1
4 20 1
6 20 1
8 20 1
10 20 1
11 20 1
12 20 1
13 20 1
14 20 1
15 20 1
16 20 1
17 21 0
18 20 1
19 20 1
20 20 1
21 20 1
22 21 0
23 20 0
24 19 1
25 19 1
26 18 1
27 19 0
28 17 1
29 17 1
30 16 1
31 16 1
32 16 1
33 15 1
34 15 1
35 15 1
36 14 1
37 14 1
38 14 1
39 13 1
40 13 1
41 13 1
42 12 1
43 12 1
44 12 1
45 11 1
46 12 0
47 11 1
48 10 1
49 10 1
50 9 1
51 9 1
52 9 1
53 9 1
54 9 0
55 8 1
56 8 1
57 8 1
58 7 1
59 7 1
60 7 1
61 7 1
62 6 1
63 6 1
64 6 1
65 6 1
66 6 1
67 6 1
68 6 0
69 5 1
70 6 0
71 5 1
72 5 1
73 5 1
74 4 1
75 4 1
76 4 1
77 4 1
78 4 1
79 3 1
80 3 1
81 3 1
82 3 1
83 2 1
84 2 1
85 3 0
##=========================================
##[Voxel Mapper]Iteration 1050 keyframe id, used times, remaining times:
0 21 0
1 20 1
2 21 0
3 21 0
4 21 0
6 21 0
8 21 0
10 21 0
11 21 0
12 21 0
13 21 0
14 20 1
15 21 0
16 20 1
17 21 0
18 20 1
19 21 0
20 21 0
21 20 1
22 21 0
23 20 0
24 20 0
25 20 0
26 19 0
27 19 0
28 18 0
29 17 1
30 16 1
31 16 1
32 17 0
33 15 1
34 16 0
35 16 0
36 14 1
37 14 1
38 15 0
39 13 1
40 14 0
41 14 0
42 13 0
43 13 0
44 13 0
45 12 0
46 12 0
47 12 0
48 10 1
49 10 1
50 10 0
51 10 0
52 10 0
53 10 0
54 9 0
55 8 1
56 9 0
57 9 0
58 8 0
59 8 0
60 8 0
61 8 0
62 6 1
63 7 0
64 7 0
65 7 0
66 6 1
67 6 1
68 6 0
69 5 1
70 6 0
71 6 0
72 6 0
73 6 0
74 5 0
75 4 1
76 5 0
77 5 0
78 4 1
79 4 0
80 4 0
81 4 0
82 4 0
83 2 1
84 2 1
85 3 0
##=========================================
##[Voxel Mapper]Iteration 1100 keyframe id, used times, remaining times:
0 21 1
1 21 1
2 21 1
3 22 0
4 21 1
6 22 0
8 21 1
10 21 1
11 21 1
12 21 1
13 21 1
14 21 1
15 22 0
16 21 1
17 21 1
18 21 1
19 21 1
20 21 1
21 21 1
22 21 1
23 20 1
24 20 1
25 20 1
26 19 1
27 20 0
28 19 0
29 18 1
30 18 0
31 17 1
32 17 1
33 16 1
34 16 1
35 16 1
36 16 0
37 15 1
38 15 1
39 14 1
40 15 0
41 14 1
42 14 0
43 13 1
44 13 1
45 12 1
46 12 1
47 13 0
48 11 1
49 12 0
50 10 1
51 10 1
52 10 1
53 10 1
54 9 1
55 10 0
56 10 0
57 9 1
58 8 1
59 9 0
60 8 1
61 8 1
62 7 1
63 7 1
64 7 1
65 7 1
66 7 1
67 7 1
68 6 1
69 6 1
70 6 1
71 6 1
72 6 1
73 6 1
74 5 1
75 6 0
76 5 1
77 5 1
78 5 1
79 5 0
80 4 1
81 4 1
82 4 1
83 4 0
84 3 1
85 3 1
86 2 1
87 2 1
88 3 0
89 3 0
##=========================================
##[Voxel Mapper]Iteration 1150 keyframe id, used times, remaining times:
0 22 0
1 22 0
2 22 0
3 22 0
4 22 0
6 22 0
8 22 0
10 22 0
11 22 0
12 22 0
13 22 0
14 21 1
15 22 0
16 21 1
17 22 0
18 22 0
19 22 0
20 22 0
21 22 0
22 21 1
23 20 1
24 20 1
25 20 1
26 19 1
27 20 0
28 19 0
29 19 0
30 18 0
31 18 0
32 17 1
33 16 1
34 17 0
35 16 1
36 16 0
37 15 1
38 16 0
39 15 0
40 15 0
41 15 0
42 14 0
43 14 0
44 14 0
45 13 0
46 12 1
47 13 0
48 11 1
49 12 0
50 11 0
51 11 0
52 10 1
53 11 0
54 10 0
55 10 0
56 10 0
57 10 0
58 9 0
59 9 0
60 9 0
61 9 0
62 7 1
63 8 0
64 8 0
65 8 0
66 7 1
67 7 1
68 6 1
69 7 0
70 7 0
71 7 0
72 7 0
73 7 0
74 6 0
75 6 0
76 6 0
77 5 1
78 6 0
79 5 0
80 5 0
81 5 0
82 5 0
83 4 0
84 4 0
85 4 0
86 2 1
87 3 0
88 3 0
89 3 0
90 1 1
91 1 1
##=========================================
##[Voxel Mapper]Iteration 1200 keyframe id, used times, remaining times:
0 22 1
1 22 1
2 22 1
3 23 0
4 23 0
6 22 1
8 22 1
10 22 1
11 22 1
12 22 1
13 22 1
14 22 1
15 22 1
16 22 1
17 22 1
18 22 1
19 22 1
20 23 0
21 22 1
22 22 1
23 21 1
24 21 1
25 21 1
26 21 0
27 21 0
28 19 1
29 19 1
30 19 0
31 18 1
32 18 1
33 17 1
34 18 0
35 18 0
36 16 1
37 16 1
38 16 1
39 16 0
40 16 0
41 15 1
42 14 1
43 14 1
44 14 1
45 13 1
46 13 1
47 13 1
48 12 1
49 12 1
50 11 1
51 11 1
52 12 0
53 11 1
54 10 1
55 11 0
56 10 1
57 10 1
58 10 0
59 9 1
60 9 1
61 9 1
62 8 1
63 8 1
64 8 1
65 9 0
66 8 1
67 9 0
68 7 1
69 7 1
70 7 1
71 8 0
72 7 1
73 8 0
74 6 1
75 7 0
76 6 1
77 6 1
78 6 1
79 6 0
80 5 1
81 5 1
82 5 1
83 5 0
84 4 1
85 4 1
86 4 0
87 3 1
88 3 1
89 3 1
90 3 0
91 2 1
92 3 0
93 3 0
##=========================================
##[Voxel Mapper]Iteration 1250 keyframe id, used times, remaining times:
0 23 0
1 23 0
2 23 0
3 23 0
4 23 0
6 23 0
8 23 0
10 23 0
11 23 0
12 23 0
13 23 0
14 23 0
15 23 0
16 23 0
17 23 0
18 22 1
19 23 0
20 23 0
21 22 1
22 23 0
23 21 1
24 22 0
25 22 0
26 21 0
27 21 0
28 20 0
29 20 0
30 19 0
31 18 1
32 19 0
33 17 1
34 18 0
35 18 0
36 17 0
37 17 0
38 16 1
39 16 0
40 16 0
41 16 0
42 15 0
43 15 0
44 15 0
45 14 0
46 14 0
47 13 1
48 13 0
49 13 0
50 12 0
51 11 1
52 12 0
53 12 0
54 10 1
55 11 0
56 10 1
57 11 0
58 10 0
59 10 0
60 9 1
61 9 1
62 8 1
63 8 1
64 9 0
65 9 0
66 9 0
67 9 0
68 8 0
69 8 0
70 8 0
71 8 0
72 7 1
73 8 0
74 7 0
75 7 0
76 6 1
77 6 1
78 7 0
79 6 0
80 6 0
81 6 0
82 6 0
83 5 0
84 4 1
85 4 1
86 4 0
87 4 0
88 4 0
89 3 1
90 3 0
91 3 0
92 3 0
93 3 0
94 1 1
95 2 0
##=========================================
##[Voxel Mapper]Iteration 1300 keyframe id, used times, remaining times:
0 23 1
1 24 0
2 23 1
3 23 1
4 23 1
6 23 1
8 23 1
10 23 1
11 23 1
12 23 1
13 23 1
14 23 1
15 23 1
16 23 1
17 24 0
18 23 1
19 23 1
20 23 1
21 24 0
22 23 1
23 22 1
24 22 1
25 22 1
26 22 0
27 21 1
28 21 0
29 20 1
30 19 1
31 20 0
32 20 0
33 18 1
34 19 0
35 18 1
36 17 1
37 17 1
38 17 1
39 16 1
40 16 1
41 16 1
42 15 1
43 16 0
44 15 1
45 14 1
46 14 1
47 14 1
48 13 1
49 13 1
50 12 1
51 12 1
52 12 1
53 13 0
54 11 1
55 12 0
56 11 1
57 11 1
58 10 1
59 10 1
60 10 1
61 10 1
62 10 0
63 10 0
64 10 0
65 10 0
66 10 0
67 9 1
68 8 1
69 9 0
70 9 0
71 8 1
72 8 1
73 8 1
74 8 0
75 7 1
76 7 1
77 7 1
78 8 0
79 6 1
80 6 1
81 7 0
82 6 1
83 5 1
84 5 1
85 5 1
86 4 1
87 4 1
88 5 0
89 4 1
90 3 1
91 4 0
92 3 1
93 3 1
94 2 1
95 2 1
96 2 1
97 3 0
98 1 1
##=========================================
##[Voxel Mapper]Iteration 1350 keyframe id, used times, remaining times:
0 24 0
1 24 0
2 24 0
3 23 1
4 24 0
6 24 0
8 24 0
10 24 0
11 24 0
12 24 0
13 24 0
14 23 1
15 24 0
16 24 0
17 24 0
18 24 0
19 24 0
20 23 1
21 24 0
22 24 0
23 23 0
24 22 1
25 23 0
26 22 0
27 22 0
28 21 0
29 21 0
30 19 1
31 20 0
32 20 0
33 18 1
34 19 0
35 18 1
36 17 1
37 18 0
38 18 0
39 17 0
40 17 0
41 17 0
42 15 1
43 16 0
44 16 0
45 14 1
46 14 1
47 15 0
48 14 0
49 14 0
50 12 1
51 13 0
52 13 0
53 13 0
54 12 0
55 12 0
56 12 0
57 11 1
58 11 0
59 11 0
60 11 0
61 11 0
62 10 0
63 10 0
64 10 0
65 10 0
66 10 0
67 10 0
68 8 1
69 9 0
70 9 0
71 9 0
72 8 1
73 9 0
74 8 0
75 8 0
76 7 1
77 8 0
78 8 0
79 6 1
80 6 1
81 7 0
82 7 0
83 6 0
84 6 0
85 6 0
86 5 0
87 5 0
88 5 0
89 5 0
90 3 1
91 4 0
92 4 0
93 4 0
94 2 1
95 2 1
96 2 1
97 3 0
98 1 1
99 1 1
##=========================================
##[Voxel Mapper]Iteration 1400 keyframe id, used times, remaining times:
0 25 0
1 25 0
2 24 1
3 25 0
4 24 1
6 24 1
8 24 1
10 24 1
11 24 1
12 24 1
13 24 1
14 24 1
15 24 1
16 24 1
17 25 0
18 24 1
19 25 0
20 24 1
21 24 1
22 24 1
23 24 0
24 23 1
25 23 1
26 23 0
27 22 1
28 21 1
29 21 1
30 20 1
31 20 1
32 21 0
33 19 1
34 19 1
35 19 1
36 18 1
37 18 1
38 18 1
39 17 1
40 17 1
41 17 1
42 16 1
43 16 1
44 17 0
45 16 0
46 16 0
47 15 1
48 14 1
49 15 0
50 13 1
51 13 1
52 13 1
53 13 1
54 13 0
55 12 1
56 13 0
57 12 1
58 11 1
59 11 1
60 11 1
61 11 1
62 11 0
63 10 1
64 10 1
65 10 1
66 10 1
67 10 1
68 10 0
69 10 0
70 9 1
71 9 1
72 9 1
73 10 0
74 8 1
75 8 1
76 8 1
77 8 1
78 8 1
79 7 1
80 7 1
81 7 1
82 7 1
83 6 1
84 7 0
85 6 1
86 5 1
87 5 1
88 5 1
89 6 0
90 4 1
91 4 1
92 4 1
93 4 1
94 3 1
95 3 1
96 3 1
97 3 1
98 2 1
99 2 1
100 2 1
101 3 0
102 1 1
##=========================================
##[Voxel Mapper]Iteration 1450 keyframe id, used times, remaining times:
0 25 0
1 25 0
2 25 0
3 25 0
4 24 1
6 25 0
8 24 1
10 24 1
11 24 1
12 25 0
13 24 1
14 24 1
15 25 0
16 24 1
17 25 0
18 25 0
19 25 0
20 25 0
21 25 0
22 25 0
23 24 0
24 23 1
25 24 0
26 23 0
27 23 0
28 21 1
29 22 0
30 21 0
31 21 0
32 21 0
33 19 1
34 20 0
35 20 0
36 18 1
37 18 1
38 18 1
39 17 1
40 17 1
41 18 0
42 16 1
43 17 0
44 17 0
45 16 0
46 16 0
47 15 1
48 15 0
49 15 0
50 13 1
51 13 1
52 14 0
53 13 1
54 13 0
55 12 1
56 13 0
57 13 0
58 11 1
59 12 0
60 12 0
61 12 0
62 11 0
63 11 0
64 11 0
65 10 1
66 11 0
67 11 0
68 10 0
69 10 0
70 9 1
71 10 0
72 9 1
73 10 0
74 9 0
75 8 1
76 9 0
77 9 0
78 8 1
79 8 0
80 8 0
81 8 0
82 7 1
83 7 0
84 7 0
85 6 1
86 6 0
87 6 0
88 6 0
89 6 0
90 5 0
91 5 0
92 4 1
93 5 0
94 4 0
95 4 0
96 4 0
97 4 0
98 3 0
99 3 0
100 2 1
101 3 0
102 1 1
103 2 0
104 1 1
##=========================================
##[Voxel Mapper]Iteration 1500 keyframe id, used times, remaining times:
0 25 1
1 25 1
2 25 1
3 25 1
4 25 1
6 25 1
8 25 1
10 25 1
11 25 1
12 25 1
13 26 0
14 25 1
15 25 1
16 25 1
17 25 1
18 25 1
19 25 1
20 25 1
21 25 1
22 25 1
23 24 1
24 24 1
25 24 1
26 24 0
27 23 1
28 22 1
29 22 1
30 21 1
31 21 1
32 21 1
33 20 1
34 20 1
35 20 1
36 20 0
37 19 1
38 19 1
39 18 1
40 18 1
41 18 1
42 17 1
43 17 1
44 17 1
45 16 1
46 17 0
47 17 0
48 15 1
49 15 1
50 14 1
51 14 1
52 14 1
53 14 1
54 13 1
55 13 1
56 13 1
57 13 1
58 12 1
59 12 1
60 12 1
61 12 1
62 11 1
63 11 1
64 11 1
65 11 1
66 11 1
67 11 1
68 10 1
69 10 1
70 10 1
71 10 1
72 10 1
73 10 1
74 9 1
75 9 1
76 9 1
77 9 1
78 10 0
79 8 1
80 8 1
81 8 1
82 8 1
83 7 1
84 7 1
85 7 1
86 6 1
87 6 1
88 6 1
89 6 1
90 5 1
91 5 1
92 5 1
93 6 0
94 4 1
95 4 1
96 4 1
97 4 1
98 3 1
99 3 1
100 3 1
101 3 1
102 2 1
103 2 1
104 2 1
105 2 1
106 2 1
107 3 0
108 3 0
##=========================================
##[Voxel Mapper]Iteration 1550 keyframe id, used times, remaining times:
0 25 1
1 25 1
2 26 0
3 25 1
4 25 1
6 26 0
8 26 0
10 26 0
11 26 0
12 26 0
13 26 0
14 25 1
15 25 1
16 26 0
17 25 1
18 26 0
19 26 0
20 25 1
21 26 0
22 25 1
23 24 1
24 24 1
25 24 1
26 24 0
27 23 1
28 22 1
29 22 1
30 22 0
31 21 1
32 22 0
33 20 1
34 20 1
35 21 0
36 20 0
37 20 0
38 19 1
39 18 1
40 18 1
41 18 1
42 18 0
43 17 1
44 17 1
45 16 1
46 17 0
47 17 0
48 15 1
49 15 1
50 15 0
51 14 1
52 14 1
53 15 0
54 13 1
55 14 0
56 13 1
57 13 1
58 12 1
59 12 1
60 12 1
61 12 1
62 11 1
63 12 0
64 12 0
65 12 0
66 12 0
67 11 1
68 10 1
69 10 1
70 11 0
71 10 1
72 11 0
73 11 0
74 10 0
75 9 1
76 10 0
77 9 1
78 10 0
79 8 1
80 8 1
81 9 0
82 9 0
83 8 0
84 8 0
85 8 0
86 6 1
87 7 0
88 7 0
89 7 0
90 5 1
91 5 1
92 5 1
93 6 0
94 5 0
95 5 0
96 5 0
97 5 0
98 4 0
99 4 0
100 4 0
101 3 1
102 3 0
103 3 0
104 3 0
105 2 1
106 3 0
107 3 0
108 3 0
109 2 0
110 2 0
##=========================================
##[Voxel Mapper]Iteration 1600 keyframe id, used times, remaining times:
0 26 0
1 25 1
2 26 0
3 26 0
4 26 0
6 26 0
8 26 0
10 26 0
11 26 0
12 26 0
13 26 0
14 26 0
15 25 1
16 26 0
17 26 0
18 26 0
19 26 0
20 26 0
21 26 0
22 26 0
23 25 0
24 25 0
25 25 0
26 24 0
27 24 0
28 23 0
29 23 0
30 22 0
31 22 0
32 22 0
33 21 0
34 21 0
35 21 0
36 20 0
37 20 0
38 19 1
39 19 0
40 19 0
41 19 0
42 18 0
43 18 0
44 18 0
45 17 0
46 17 0
47 17 0
48 16 0
49 15 1
50 15 0
51 15 0
52 15 0
53 15 0
54 14 0
55 14 0
56 14 0
57 14 0
58 13 0
59 13 0
60 13 0
61 13 0
62 12 0
63 12 0
64 12 0
65 12 0
66 12 0
67 12 0
68 11 0
69 11 0
70 11 0
71 11 0
72 11 0
73 11 0
74 10 0
75 10 0
76 10 0
77 10 0
78 10 0
79 9 0
80 9 0
81 9 0
82 9 0
83 8 0
84 8 0
85 8 0
86 7 0
87 7 0
88 7 0
89 7 0
90 6 0
91 6 0
92 6 0
93 6 0
94 5 0
95 5 0
96 5 0
97 5 0
98 4 0
99 4 0
100 4 0
101 4 0
102 3 0
103 3 0
104 3 0
105 3 0
106 3 0
107 3 0
108 3 0
109 2 0
110 2 0
111 2 0
112 1 1
##=========================================
##[Voxel Mapper]Iteration 1650 keyframe id, used times, remaining times:
0 26 1
1 26 1
2 27 0
3 26 1
4 27 0
6 26 1
8 27 0
10 26 1
11 27 0
12 26 1
13 27 0
14 27 0
15 27 0
16 27 0
17 26 1
18 26 1
19 26 1
20 26 1
21 26 1
22 27 0
23 26 0
24 26 0
25 25 1
26 24 1
27 24 1
28 23 1
29 23 1
30 22 1
31 22 1
32 23 0
33 21 1
34 21 1
35 21 1
36 20 1
37 20 1
38 21 0
39 19 1
40 19 1
41 20 0
42 19 0
43 19 0
44 18 1
45 17 1
46 17 1
47 17 1
48 17 0
49 16 1
50 16 0
51 16 0
52 15 1
53 16 0
54 14 1
55 14 1
56 14 1
57 14 1
58 13 1
59 13 1
60 13 1
61 13 1
62 12 1
63 12 1
64 12 1
65 12 1
66 13 0
67 13 0
68 12 0
69 12 0
70 11 1
71 11 1
72 12 0
73 11 1
74 11 0
75 10 1
76 10 1
77 10 1
78 10 1
79 9 1
80 10 0
81 10 0
82 9 1
83 8 1
84 8 1
85 8 1
86 7 1
87 7 1
88 8 0
89 7 1
90 6 1
91 7 0
92 7 0
93 6 1
94 6 0
95 6 0
96 5 1
97 5 1
98 5 0
99 4 1
100 5 0
101 5 0
102 3 1
103 3 1
104 3 1
105 3 1
106 4 0
107 3 1
108 4 0
109 3 0
110 2 1
111 2 1
112 2 1
113 3 0
114 2 1
115 1 1
##=========================================
##[Voxel Mapper]Iteration 1700 keyframe id, used times, remaining times:
0 26 1
1 26 1
2 27 0
3 26 1
4 27 0
6 27 0
8 27 0
10 27 0
11 27 0
12 26 1
13 27 0
14 27 0
15 27 0
16 27 0
17 27 0
18 27 0
19 26 1
20 27 0
21 26 1
22 27 0
23 26 0
24 26 0
25 26 0
26 24 1
27 25 0
28 24 0
29 24 0
30 23 0
31 23 0
32 23 0
33 22 0
34 22 0
35 22 0
36 21 0
37 20 1
38 21 0
39 20 0
40 19 1
41 20 0
42 19 0
43 19 0
44 19 0
45 17 1
46 18 0
47 18 0
48 17 0
49 17 0
50 16 0
51 16 0
52 15 1
53 16 0
54 15 0
55 14 1
56 15 0
57 15 0
58 14 0
59 13 1
60 14 0
61 13 1
62 13 0
63 13 0
64 13 0
65 13 0
66 13 0
67 13 0
68 12 0
69 12 0
70 12 0
71 12 0
72 12 0
73 12 0
74 11 0
75 11 0
76 11 0
77 10 1
78 11 0
79 10 0
80 10 0
81 10 0
82 9 1
83 9 0
84 8 1
85 9 0
86 8 0
87 7 1
88 8 0
89 7 1
90 6 1
91 7 0
92 7 0
93 6 1
94 6 0
95 6 0
96 6 0
97 6 0
98 5 0
99 4 1
100 5 0
101 5 0
102 4 0
103 4 0
104 4 0
105 4 0
106 4 0
107 3 1
108 4 0
109 3 0
110 3 0
111 3 0
112 3 0
113 3 0
114 2 1
115 2 0
116 1 1
##=========================================
##[Voxel Mapper]Iteration 1750 keyframe id, used times, remaining times:
0 27 1
1 27 1
2 27 1
3 27 1
4 27 1
6 28 0
8 27 1
10 27 1
11 27 1
12 27 1
13 27 1
14 27 1
15 27 1
16 27 1
17 27 1
18 28 0
19 27 1
20 27 1
21 27 1
22 28 0
23 26 1
24 26 1
25 26 1
26 25 1
27 25 1
28 24 1
29 25 0
30 23 1
31 23 1
32 23 1
33 22 1
34 22 1
35 22 1
36 22 0
37 21 1
38 21 1
39 20 1
40 20 1
41 21 0
42 20 0
43 19 1
44 19 1
45 18 1
46 18 1
47 19 0
48 17 1
49 17 1
50 16 1
51 16 1
52 16 1
53 16 1
54 15 1
55 15 1
56 15 1
57 15 1
58 14 1
59 14 1
60 14 1
61 14 1
62 13 1
63 14 0
64 13 1
65 14 0
66 13 1
67 13 1
68 12 1
69 13 0
70 13 0
71 13 0
72 12 1
73 13 0
74 11 1
75 11 1
76 11 1
77 11 1
78 11 1
79 10 1
80 10 1
81 10 1
82 10 1
83 10 0
84 9 1
85 9 1
86 8 1
87 8 1
88 8 1
89 8 1
90 7 1
91 7 1
92 7 1
93 7 1
94 6 1
95 6 1
96 7 0
97 6 1
98 5 1
99 5 1
100 6 0
101 6 0
102 4 1
103 4 1
104 5 0
105 5 0
106 5 0
107 4 1
108 4 1
109 4 0
110 4 0
111 3 1
112 3 1
113 3 1
114 3 1
115 3 0
116 3 0
##=========================================
##[Voxel Mapper]Iteration 50 keyframe id, used times, remaining times:
0 2 1
1 2 1
2 2 1
3 2 1
4 2 1
6 2 1
8 2 1
9 2 1
10 2 1
11 2 1
12 2 1
13 2 1
14 2 1
15 2 1
16 2 1
17 2 1
18 2 1
19 2 1
20 2 1
21 2 1
22 2 1
23 2 1
24 2 1
25 2 1
26 2 1
##=========================================
##[Voxel Mapper]Iteration 100 keyframe id, used times, remaining times:
0 4 0
1 3 1
2 3 1
3 3 1
4 4 0
6 4 0
8 4 0
9 4 0
10 3 1
11 3 1
12 3 1
13 3 1
14 4 0
15 3 1
16 3 1
17 3 1
18 3 1
19 3 1
20 4 0
21 3 1
22 3 1
23 4 0
24 3 1
25 4 0
26 4 0
27 2 1
28 3 0
29 2 1
30 2 1
31 3 0
32 3 0
##=========================================
##[Voxel Mapper]Iteration 150 keyframe id, used times, remaining times:
0 4 1
1 5 0
2 4 1
3 4 1
4 4 1
6 4 1
8 4 1
9 5 0
10 5 0
11 4 1
12 4 1
13 4 1
14 5 0
15 5 0
16 5 0
17 4 1
18 5 0
19 5 0
20 4 1
21 4 1
22 5 0
23 5 0
24 4 1
25 5 0
26 4 1
27 4 0
28 4 0
29 3 1
30 4 0
31 3 1
32 3 1
33 2 1
34 3 0
35 2 1
36 3 0
37 2 1
38 2 1
39 2 1
40 1 1
41 1 1
##=========================================
##[Voxel Mapper]Iteration 200 keyframe id, used times, remaining times:
0 6 0
1 5 1
2 5 1
3 5 1
4 6 0
6 6 0
8 6 0
9 5 1
10 6 0
11 5 1
12 6 0
13 6 0
14 6 0
15 6 0
16 6 0
17 6 0
18 5 1
19 5 1
20 5 1
21 5 1
22 6 0
23 6 0
24 5 1
25 5 1
26 5 1
27 4 1
28 4 1
29 4 1
30 5 0
31 4 1
32 5 0
33 4 0
34 4 0
35 3 1
36 3 1
37 3 1
38 3 1
39 4 0
40 2 1
41 2 1
42 3 0
43 2 1
44 2 1
46 1 1
##=========================================
##[Voxel Mapper]Iteration 250 keyframe id, used times, remaining times:
0 6 1
1 6 1
2 6 1
3 6 1
4 6 1
6 6 1
8 6 1
9 6 1
10 7 0
11 6 1
12 6 1
13 6 1
14 6 1
15 6 1
16 6 1
17 6 1
18 7 0
19 6 1
20 6 1
21 6 1
22 7 0
23 6 1
24 7 0
25 6 1
26 6 1
27 5 1
28 5 1
29 5 1
30 5 1
31 5 1
32 5 1
33 4 1
34 4 1
35 4 1
36 4 1
37 4 1
38 4 1
39 4 1
40 3 1
41 4 0
42 3 1
43 3 1
44 3 1
45 3 0
46 2 1
47 2 1
48 3 0
49 3 0
50 3 0
51 2 1
52 3 0
53 1 1
##=========================================
##[Voxel Mapper]Iteration 300 keyframe id, used times, remaining times:
0 7 0
1 6 1
2 7 0
3 7 0
4 7 0
6 7 0
8 7 0
9 6 1
10 7 0
11 7 0
12 7 0
13 7 0
14 7 0
15 7 0
16 6 1
17 7 0
18 7 0
19 7 0
20 7 0
21 7 0
22 7 0
23 7 0
24 7 0
25 7 0
26 7 0
27 6 0
28 6 0
29 6 0
30 6 0
31 6 0
32 6 0
33 5 0
34 5 0
35 5 0
36 5 0
37 5 0
38 5 0
39 5 0
40 4 0
41 4 0
42 4 0
43 4 0
44 4 0
45 3 0
46 3 0
47 3 0
48 3 0
49 3 0
50 3 0
51 3 0
52 3 0
53 2 0
54 2 0
56 2 0
57 1 1
58 2 0
59 2 0
60 1 1
61 1 1
##=========================================
##[Voxel Mapper]Iteration 350 keyframe id, used times, remaining times:
0 7 1
1 7 1
2 8 0
3 8 0
4 8 0
6 8 0
8 8 0
9 7 1
10 7 1
11 7 1
12 8 0
13 8 0
14 8 0
15 7 1
16 7 1
17 8 0
18 7 1
19 7 1
20 8 0
21 8 0
22 7 1
23 7 1
24 8 0
25 7 1
26 8 0
27 7 0
28 6 1
29 7 0
30 6 1
31 6 1
32 6 1
33 5 1
34 6 0
35 5 1
36 5 1
37 6 0
38 6 0
39 6 0
40 5 0
41 5 0
42 5 0
43 5 0
44 4 1
45 4 0
46 3 1
47 4 0
48 4 0
49 4 0
50 4 0
51 3 1
52 3 1
53 2 1
54 2 1
55 2 1
56 2 1
57 2 1
58 2 1
59 3 0
60 3 0
61 2 1
62 3 0
63 2 1
64 2 1
65 3 0
67 1 1
68 1 1
##=========================================
##[Voxel Mapper]Iteration 400 keyframe id, used times, remaining times:
0 8 0
1 8 0
2 8 0
3 8 0
4 8 0
6 8 0
8 8 0
9 8 0
10 8 0
11 8 0
12 8 0
13 8 0
14 8 0
15 8 0
16 8 0
17 8 0
18 8 0
19 8 0
20 8 0
21 8 0
22 8 0
23 8 0
24 8 0
25 8 0
26 8 0
27 7 0
28 7 0
29 7 0
30 7 0
31 7 0
32 7 0
33 6 0
34 6 0
35 6 0
36 6 0
37 6 0
38 6 0
39 6 0
40 5 0
41 5 0
42 5 0
43 5 0
44 5 0
45 4 0
46 4 0
47 4 0
48 4 0
49 4 0
50 4 0
51 4 0
52 4 0
53 3 0
54 3 0
55 3 0
56 3 0
57 3 0
58 3 0
59 3 0
60 3 0
61 3 0
62 3 0
63 3 0
64 3 0
65 3 0
66 2 0
67 2 0
68 2 0
69 2 0
70 2 0
71 2 0
72 2 0
73 1 1
74 2 0
75 2 0
76 1 1
##=========================================
##[Voxel Mapper]Iteration 450 keyframe id, used times, remaining times:
0 8 1
1 8 1
2 9 0
3 9 0
4 8 1
6 8 1
8 9 0
9 8 1
10 9 0
11 8 1
12 8 1
13 9 0
14 9 0
15 9 0
16 8 1
17 9 0
18 9 0
19 9 0
20 9 0
21 9 0
22 9 0
23 9 0
24 9 0
25 8 1
26 8 1
27 7 1
28 7 1
29 8 0
30 7 1
31 8 0
32 8 0
33 7 0
34 7 0
35 7 0
36 7 0
37 7 0
38 7 0
39 7 0
40 6 0
41 6 0
42 6 0
43 6 0
44 6 0
45 5 0
46 5 0
47 4 1
48 5 0
49 5 0
50 4 1
51 5 0
52 4 1
53 3 1
54 3 1
55 4 0
56 3 1
57 3 1
58 3 1
59 4 0
60 3 1
61 4 0
62 4 0
63 4 0
64 3 1
65 3 1
66 2 1
67 2 1
68 3 0
69 2 1
70 2 1
71 3 0
72 2 1
73 2 1
74 3 0
75 2 1
76 3 0
77 1 1
78 2 0
80 1 1
##=========================================
##[Voxel Mapper]Iteration 500 keyframe id, used times, remaining times:
0 9 1
1 9 1
2 9 1
3 10 0
4 9 1
6 9 1
8 9 1
9 9 1
10 9 1
11 9 1
12 9 1
13 9 1
14 9 1
15 9 1
16 9 1
17 9 1
18 9 1
19 9 1
20 9 1
21 9 1
22 9 1
23 9 1
24 9 1
25 9 1
26 9 1
27 9 0
28 8 1
29 8 1
30 8 1
31 8 1
32 8 1
33 7 1
34 8 0
35 7 1
36 7 1
37 7 1
38 7 1
39 7 1
40 6 1
41 6 1
42 7 0
43 6 1
44 6 1
45 5 1
46 5 1
47 5 1
48 5 1
49 5 1
50 5 1
51 5 1
52 5 1
53 4 1
54 4 1
55 5 0
56 4 1
57 4 1
58 4 1
59 4 1
60 4 1
61 4 1
62 4 1
63 4 1
64 4 1
65 4 1
66 3 1
67 3 1
68 3 1
69 3 1
70 3 1
71 3 1
72 3 1
73 3 1
74 3 1
75 4 0
76 4 0
77 2 1
78 2 1
79 2 1
80 3 0
81 2 1
82 2 1
83 2 1
84 1 1
##=========================================
##[Voxel Mapper]Iteration 550 keyframe id, used times, remaining times:
0 9 1
1 10 0
2 10 0
3 10 0
4 9 1
6 10 0
8 10 0
9 9 1
10 10 0
11 9 1
12 9 1
13 10 0
14 9 1
15 10 0
16 10 0
17 10 0
18 9 1
19 9 1
20 9 1
21 10 0
22 9 1
23 10 0
24 10 0
25 10 0
26 10 0
27 9 0
28 9 0
29 8 1
30 9 0
31 9 0
32 9 0
33 8 0
34 8 0
35 7 1
36 7 1
37 7 1
38 7 1
39 8 0
40 6 1
41 7 0
42 7 0
43 7 0
44 6 1
45 6 0
46 6 0
47 6 0
48 5 1
49 6 0
50 6 0
51 6 0
52 6 0
53 4 1
54 5 0
55 5 0
56 5 0
57 5 0
58 5 0
59 5 0
60 5 0
61 5 0
62 5 0
63 5 0
64 5 0
65 5 0
66 3 1
67 3 1
68 3 1
69 4 0
70 3 1
71 4 0
72 4 0
73 4 0
74 4 0
75 4 0
76 4 0
77 2 1
78 3 0
79 2 1
80 3 0
81 3 0
82 2 1
83 2 1
84 1 1
85 2 0
87 1 1
##=========================================
##[Voxel Mapper]Iteration 600 keyframe id, used times, remaining times:
0 10 1
1 10 1
2 11 0
3 11 0
4 10 1
6 10 1
8 10 1
9 10 1
10 10 1
11 10 1
12 10 1
13 10 1
14 10 1
15 10 1
16 10 1
17 10 1
18 11 0
19 10 1
20 10 1
21 10 1
22 10 1
23 11 0
24 10 1
25 10 1
26 10 1
27 9 1
28 9 1
29 9 1
30 9 1
31 9 1
32 9 1
33 8 1
34 8 1
35 8 1
36 8 1
37 9 0
38 8 1
39 8 1
40 7 1
41 7 1
42 7 1
43 7 1
44 7 1
45 6 1
46 6 1
47 6 1
48 6 1
49 6 1
50 6 1
51 6 1
52 6 1
53 5 1
54 5 1
55 5 1
56 5 1
57 5 1
58 5 1
59 5 1
60 5 1
61 5 1
62 5 1
63 5 1
64 6 0
65 5 1
66 4 1
67 4 1
68 4 1
69 4 1
70 4 1
71 5 0
72 5 0
73 4 1
74 4 1
75 4 1
76 5 0
77 3 1
78 3 1
79 3 1
80 3 1
81 4 0
82 3 1
83 3 1
84 2 1
85 2 1
86 2 1
87 2 1
88 2 1
89 2 1
90 2 1
91 3 0
##=========================================
##[Voxel Mapper]Iteration 650 keyframe id, used times, remaining times:
0 10 1
1 10 1
2 11 0
3 11 0
4 11 0
6 10 1
8 11 0
9 11 0
10 10 1
11 11 0
12 10 1
13 10 1
14 10 1
15 11 0
16 11 0
17 10 1
18 11 0
19 10 1
20 10 1
21 10 1
22 11 0
23 11 0
24 11 0
25 11 0
26 11 0
27 9 1
28 9 1
29 9 1
30 10 0
31 9 1
32 9 1
33 8 1
34 8 1
35 9 0
36 9 0
37 9 0
38 9 0
39 9 0
40 8 0
41 8 0
42 7 1
43 7 1
44 8 0
45 7 0
46 7 0
47 7 0
48 7 0
49 6 1
50 7 0
51 7 0
52 7 0
53 6 0
54 6 0
55 6 0
56 5 1
57 6 0
58 6 0
59 6 0
60 6 0
61 6 0
62 6 0
63 6 0
64 6 0
65 6 0
66 4 1
67 5 0
68 4 1
69 4 1
70 4 1
71 5 0
72 5 0
73 5 0
74 5 0
75 4 1
76 5 0
77 4 0
78 3 1
79 4 0
80 4 0
81 4 0
82 4 0
83 4 0
84 3 0
85 2 1
86 3 0
87 3 0
88 2 1
89 3 0
90 3 0
91 3 0
93 1 1
##=========================================
##[Voxel Mapper]Iteration 700 keyframe id, used times, remaining times:
0 11 1
1 11 1
2 11 1
3 11 1
4 11 1
6 11 1
8 11 1
9 11 1
10 11 1
11 11 1
12 11 1
13 11 1
14 11 1
15 11 1
16 11 1
17 11 1
18 11 1
19 11 1
20 11 1
21 11 1
22 11 1
23 11 1
24 11 1
25 11 1
26 12 0
27 10 1
28 10 1
29 10 1
30 10 1
31 10 1
32 10 1
33 9 1
34 9 1
35 9 1
36 9 1
37 9 1
38 9 1
39 9 1
40 8 1
41 8 1
42 9 0
43 8 1
44 8 1
45 7 1
46 7 1
47 7 1
48 7 1
49 7 1
50 7 1
51 7 1
52 7 1
53 6 1
54 6 1
55 6 1
56 6 1
57 6 1
58 6 1
59 6 1
60 6 1
61 6 1
62 6 1
63 6 1
64 6 1
65 6 1
66 5 1
67 5 1
68 5 1
69 5 1
70 5 1
71 5 1
72 5 1
73 5 1
74 5 1
75 5 1
76 6 0
77 4 1
78 4 1
79 4 1
80 4 1
81 4 1
82 4 1
83 4 1
84 3 1
85 3 1
86 3 1
87 3 1
88 3 1
89 3 1
90 3 1
91 3 1
92 2 1
93 2 1
94 2 1
95 2 1
96 2 1
97 2 1
98 2 1
99 2 1
100 2 1
##=========================================
##[Voxel Mapper]Iteration 750 keyframe id, used times, remaining times:
0 12 0
1 11 1
2 12 0
3 12 0
4 12 0
6 11 1
8 12 0
9 12 0
10 12 0
11 11 1
12 11 1
13 12 0
14 12 0
15 12 0
16 12 0
17 11 1
18 11 1
19 11 1
20 11 1
21 11 1
22 12 0
23 11 1
24 11 1
25 11 1
26 12 0
27 10 1
28 11 0
29 10 1
30 11 0
31 11 0
32 10 1
33 9 1
34 10 0
35 9 1
36 9 1
37 9 1
38 9 1
39 9 1
40 9 0
41 9 0
42 9 0
43 9 0
44 8 1
45 7 1
46 8 0
47 8 0
48 8 0
49 8 0
50 8 0
51 8 0
52 7 1
53 7 0
54 6 1
55 7 0
56 7 0
57 7 0
58 6 1
59 7 0
60 6 1
61 7 0
62 6 1
63 7 0
64 7 0
65 7 0
66 5 1
67 5 1
68 6 0
69 5 1
70 6 0
71 5 1
72 6 0
73 5 1
74 5 1
75 5 1
76 6 0
77 4 1
78 4 1
79 4 1
80 4 1
81 5 0
82 4 1
83 4 1
84 4 0
85 4 0
86 4 0
87 4 0
88 4 0
89 3 1
90 4 0
91 3 1
92 2 1
93 2 1
94 3 0
95 3 0
96 3 0
97 3 0
98 2 1
99 2 1
100 3 0
105 1 1
##=========================================
##[Voxel Mapper]Iteration 800 keyframe id, used times, remaining times:
0 12 0
1 12 0
2 12 0
3 12 0
4 12 0
6 12 0
8 12 0
9 12 0
10 12 0
11 11 1
12 11 1
13 12 0
14 12 0
15 12 0
16 12 0
17 11 1
18 12 0
19 12 0
20 11 1
21 11 1
22 12 0
23 12 0
24 12 0
25 12 0
26 12 0
27 11 0
28 11 0
29 11 0
30 11 0
31 11 0
32 11 0
33 10 0
34 10 0
35 10 0
36 10 0
37 10 0
38 10 0
39 10 0
40 9 0
41 9 0
42 9 0
43 9 0
44 9 0
45 8 0
46 8 0
47 8 0
48 8 0
49 8 0
50 8 0
51 8 0
52 8 0
53 7 0
54 7 0
55 7 0
56 7 0
57 7 0
58 7 0
59 7 0
60 7 0
61 7 0
62 7 0
63 7 0
64 7 0
65 7 0
66 6 0
67 6 0
68 6 0
69 6 0
70 6 0
71 6 0
72 6 0
73 5 1
74 6 0
75 6 0
76 6 0
77 5 0
78 5 0
79 5 0
80 5 0
81 5 0
82 5 0
83 5 0
84 4 0
85 4 0
86 4 0
87 4 0
88 4 0
89 4 0
90 4 0
91 4 0
92 2 1
93 3 0
94 3 0
95 3 0
96 3 0
97 3 0
98 2 1
99 2 1
100 3 0
101 2 0
102 1 1
103 1 1
104 2 0
105 2 0
106 1 1
107 2 0
108 1 1
109 1 1
##=========================================
##[Voxel Mapper]Iteration 850 keyframe id, used times, remaining times:
0 13 0
1 13 0
2 12 1
3 12 1
4 12 1
6 12 1
8 12 1
9 13 0
10 13 0
11 13 0
12 12 1
13 12 1
14 12 1
15 12 1
16 13 0
17 13 0
18 12 1
19 12 1
20 12 1
21 13 0
22 12 1
23 12 1
24 12 1
25 12 1
26 12 1
27 11 1
28 11 1
29 11 1
30 11 1
31 11 1
32 12 0
33 10 1
34 10 1
35 10 1
36 10 1
37 10 1
38 11 0
39 11 0
40 9 1
41 9 1
42 10 0
43 9 1
44 9 1
45 8 1
46 8 1
47 9 0
48 8 1
49 8 1
50 9 0
51 8 1
52 8 1
53 7 1
54 8 0
55 7 1
56 8 0
57 7 1
58 7 1
59 7 1
60 7 1
61 7 1
62 7 1
63 8 0
64 7 1
65 7 1
66 6 1
67 6 1
68 6 1
69 6 1
70 6 1
71 6 1
72 7 0
73 7 0
74 7 0
75 6 1
76 6 1
77 6 0
78 5 1
79 6 0
80 6 0
81 5 1
82 5 1
83 6 0
84 5 0
85 4 1
86 5 0
87 4 1
88 5 0
89 5 0
90 4 1
91 5 0
92 4 0
93 4 0
94 3 1
95 4 0
96 3 1
97 3 1
98 3 1
99 4 0
100 3 1
101 2 1
102 3 0
103 2 1
104 2 1
105 3 0
106 3 0
107 2 1
108 2 1
109 2 1
##=========================================
##[Voxel Mapper]Iteration 50 keyframe id, used times, remaining times:
0 2 1
1 2 1
2 2 1
3 2 1
5 2 1
8 3 0
9 3 0
10 2 1
11 2 1
12 2 1
13 2 1
14 3 0
15 2 1
16 2 1
17 2 1
18 3 0
19 2 1
20 2 1
21 2 1
22 2 1
23 2 1
24 2 1
25 2 1
##=========================================
##[Voxel Mapper]Iteration 100 keyframe id, used times, remaining times:
0 4 0
1 4 0
2 4 0
3 3 1
5 4 0
8 4 0
9 4 0
10 3 1
11 4 0
12 3 1
13 3 1
14 4 0
15 4 0
16 3 1
17 4 0
18 4 0
19 4 0
20 3 1
21 4 0
22 3 1
23 4 0
24 4 0
25 4 0
26 3 0
27 2 1
28 2 1
29 2 1
30 3 0
31 1 1
32 1 1
33 1 1
##=========================================
##[Voxel Mapper]Iteration 50 keyframe id, used times, remaining times:
0 2 0
1 2 0
2 2 0
3 2 0
4 2 0
5 2 0
6 2 0
8 2 0
9 2 0
10 2 0
11 2 0
12 2 0
13 2 0
14 2 0
15 2 0
16 2 0
17 2 0
18 2 0
19 2 0
20 2 0
21 2 0
22 2 0
23 2 0
24 1 1
25 2 0
26 1 1
##=========================================
##[Voxel Mapper]Iteration 100 keyframe id, used times, remaining times:
0 3 1
1 3 1
2 3 1
3 3 1
4 4 0
5 3 1
6 3 1
8 3 1
9 3 1
10 3 1
11 4 0
12 3 1
13 3 1
14 3 1
15 3 1
16 3 1
17 3 1
18 3 1
19 3 1
20 4 0
21 3 1
22 4 0
23 3 1
24 3 1
25 3 1
26 3 1
27 3 1
28 3 0
29 2 1
30 2 1
31 2 1
32 3 0
33 3 0
##=========================================
##[Voxel Mapper]Iteration 150 keyframe id, used times, remaining times:
0 4 1
1 4 1
2 4 1
3 4 1
4 4 1
5 4 1
6 5 0
8 4 1
9 4 1
10 4 1
11 4 1
12 4 1
13 4 1
14 4 1
15 5 0
16 4 1
17 4 1
18 4 1
19 4 1
20 5 0
21 5 0
22 4 1
23 4 1
24 4 1
25 4 1
26 4 1
27 5 0
28 3 1
29 3 1
30 3 1
31 3 1
32 3 1
33 3 1
34 3 0
35 2 1
36 2 1
37 2 1
38 3 0
39 2 1
40 2 1
41 3 0
##=========================================
##[Voxel Mapper]Iteration 200 keyframe id, used times, remaining times:
0 5 1
1 5 1
2 5 1
3 5 1
4 6 0
5 5 1
6 5 1
8 5 1
9 5 1
10 5 1
11 5 1
12 5 1
13 5 1
14 5 1
15 5 1
16 5 1
17 5 1
18 5 1
19 5 1
20 5 1
21 6 0
22 5 1
23 5 1
24 5 1
25 5 1
26 5 1
27 5 1
28 4 1
29 4 1
30 4 1
31 4 1
32 4 1
33 4 1
34 3 1
35 3 1
36 3 1
37 3 1
38 3 1
39 3 1
40 3 1
41 3 1
42 3 0
43 2 1
44 3 0
45 2 1
46 3 0
47 2 1
##=========================================
##[Voxel Mapper]Iteration 250 keyframe id, used times, remaining times:
0 6 0
1 6 0
2 6 0
3 6 0
4 6 0
5 6 0
6 6 0
8 6 0
9 5 1
10 6 0
11 6 0
12 6 0
13 6 0
14 6 0
15 6 0
16 6 0
17 6 0
18 6 0
19 6 0
20 6 0
21 6 0
22 6 0
23 6 0
24 6 0
25 6 0
26 6 0
27 6 0
28 5 0
29 5 0
30 5 0
31 5 0
32 5 0
33 5 0
34 4 0
35 4 0
36 4 0
37 4 0
38 4 0
39 4 0
40 4 0
41 4 0
42 3 0
43 3 0
44 3 0
45 3 0
46 3 0
47 3 0
48 2 0
49 2 0
50 1 1
51 1 1
52 1 1
53 2 0
##=========================================
##[Voxel Mapper]Iteration 300 keyframe id, used times, remaining times:
0 7 0
1 7 0
2 6 1
3 6 1
4 6 1
5 7 0
6 7 0
8 7 0
9 7 0
10 7 0
11 7 0
12 7 0
13 7 0
14 7 0
15 6 1
16 7 0
17 7 0
18 6 1
19 7 0
20 7 0
21 7 0
22 7 0
23 6 1
24 6 1
25 6 1
26 7 0
27 6 1
28 6 0
29 6 0
30 6 0
31 6 0
32 6 0
33 6 0
34 4 1
35 5 0
36 5 0
37 4 1
38 4 1
39 4 1
40 5 0
41 5 0
42 4 0
43 3 1
44 3 1
45 3 1
46 4 0
47 4 0
48 2 1
49 3 0
50 3 0
51 3 0
52 3 0
53 3 0
54 3 0
55 3 0
56 1 1
57 2 0
58 1 1
##=========================================
##[Voxel Mapper]Iteration 350 keyframe id, used times, remaining times:
0 7 1
1 8 0
2 7 1
3 7 1
4 7 1
5 7 1
6 7 1
8 7 1
9 7 1
10 7 1
11 7 1
12 8 0
13 7 1
14 7 1
15 7 1
16 7 1
17 7 1
18 7 1
19 7 1
20 7 1
21 7 1
22 7 1
23 7 1
24 8 0
25 7 1
26 7 1
27 7 1
28 6 1
29 6 1
30 6 1
31 7 0
32 6 1
33 6 1
34 5 1
35 5 1
36 5 1
37 5 1
38 6 0
39 5 1
40 5 1
41 5 1
42 4 1
43 4 1
44 4 1
45 5 0
46 4 1
47 4 1
48 3 1
49 3 1
50 3 1
51 3 1
52 3 1
53 3 1
54 4 0
55 3 1
56 2 1
57 2 1
58 2 1
59 2 1
60 2 1
61 2 1
62 2 1
63 2 1
64 3 0
65 2 1
66 3 0
67 2 1
68 2 1
69 2 1
##=========================================
##[Voxel Mapper]Iteration 400 keyframe id, used times, remaining times:
0 8 0
1 8 0
2 8 0
3 8 0
4 8 0
5 8 0
6 8 0
8 7 1
9 8 0
10 8 0
11 8 0
12 8 0
13 7 1
14 7 1
15 7 1
16 8 0
17 8 0
18 8 0
19 8 0
20 7 1
21 8 0
22 8 0
23 8 0
24 8 0
25 7 1
26 8 0
27 7 1
28 7 0
29 7 0
30 6 1
31 7 0
32 6 1
33 7 0
34 6 0
35 6 0
36 6 0
37 6 0
38 6 0
39 6 0
40 5 1
41 5 1
42 5 0
43 4 1
44 5 0
45 5 0
46 5 0
47 5 0
48 4 0
49 4 0
50 4 0
51 4 0
52 3 1
53 4 0
54 4 0
55 4 0
56 3 0
57 3 0
58 3 0
59 3 0
60 2 1
61 3 0
62 3 0
63 3 0
64 3 0
65 3 0
66 3 0
67 3 0
68 3 0
69 3 0
72 1 1
73 1 1
75 1 1
76 1 1
##=========================================
##[Voxel Mapper]Iteration 450 keyframe id, used times, remaining times:
0 9 0
1 8 1
2 8 1
3 8 1
4 8 1
5 8 1
6 9 0
8 8 1
9 8 1
10 8 1
11 8 1
12 8 1
13 8 1
14 9 0
15 8 1
16 9 0
17 8 1
18 8 1
19 8 1
20 8 1
21 8 1
22 8 1
23 9 0
24 9 0
25 8 1
26 9 0
27 8 1
28 8 0
29 8 0
30 7 1
31 7 1
32 7 1
33 7 1
34 6 1
35 6 1
36 6 1
37 6 1
38 6 1
39 7 0
40 6 1
41 7 0
42 6 0
43 5 1
44 5 1
45 5 1
46 5 1
47 5 1
48 4 1
49 5 0
50 4 1
51 4 1
52 4 1
53 5 0
54 4 1
55 4 1
56 3 1
57 3 1
58 3 1
59 3 1
60 3 1
61 3 1
62 3 1
63 3 1
64 3 1
65 3 1
66 3 1
67 4 0
68 3 1
69 3 1
70 3 0
71 2 1
72 2 1
73 2 1
74 2 1
75 3 0
76 2 1
77 2 1
78 2 1
79 2 1
80 3 0
##=========================================
##[Voxel Mapper]Iteration 500 keyframe id, used times, remaining times:
0 9 0
1 9 0
2 9 0
3 9 0
4 8 1
5 9 0
6 9 0
8 9 0
9 9 0
10 9 0
11 9 0
12 8 1
13 9 0
14 9 0
15 9 0
16 9 0
17 9 0
18 9 0
19 8 1
20 8 1
21 8 1
22 9 0
23 9 0
24 9 0
25 9 0
26 9 0
27 8 1
28 8 0
29 8 0
30 8 0
31 7 1
32 8 0
33 8 0
34 7 0
35 6 1
36 6 1
37 7 0
38 7 0
39 7 0
40 7 0
41 7 0
42 6 0
43 6 0
44 6 0
45 6 0
46 5 1
47 5 1
48 5 0
49 5 0
50 5 0
51 4 1
52 5 0
53 5 0
54 5 0
55 5 0
56 4 0
57 4 0
58 4 0
59 4 0
60 3 1
61 4 0
62 3 1
63 4 0
64 3 1
65 4 0
66 3 1
67 4 0
68 4 0
69 3 1
70 3 0
71 2 1
72 3 0
73 3 0
74 3 0
75 3 0
76 3 0
77 3 0
78 3 0
79 3 0
80 3 0
81 2 0
82 2 0
83 2 0
##=========================================
##[Voxel Mapper]Iteration 550 keyframe id, used times, remaining times:
0 9 1
1 9 1
2 9 1
3 9 1
4 9 1
5 9 1
6 9 1
8 10 0
9 9 1
10 9 1
11 9 1
12 10 0
13 10 0
14 9 1
15 10 0
16 10 0
17 9 1
18 9 1
19 9 1
20 10 0
21 9 1
22 9 1
23 9 1
24 10 0
25 9 1
26 9 1
27 9 1
28 9 0
29 9 0
30 8 1
31 8 1
32 8 1
33 8 1
34 7 1
35 7 1
36 7 1
37 8 0
38 7 1
39 7 1
40 7 1
41 7 1
42 7 0
43 7 0
44 6 1
45 6 1
46 7 0
47 6 1
48 5 1
49 5 1
50 5 1
51 5 1
52 5 1
53 6 0
54 5 1
55 5 1
56 5 0
57 4 1
58 4 1
59 4 1
60 4 1
61 4 1
62 4 1
63 5 0
64 4 1
65 5 0
66 4 1
67 5 0
68 4 1
69 4 1
70 3 1
71 4 0
72 4 0
73 4 0
74 3 1
75 3 1
76 4 0
77 3 1
78 3 1
79 4 0
80 3 1
81 2 1
82 2 1
83 3 0
84 3 0
85 2 1
86 3 0
##=========================================
##[Voxel Mapper]Iteration 600 keyframe id, used times, remaining times:
0 10 0
1 10 0
2 10 0
3 10 0
4 9 1
5 10 0
6 10 0
8 10 0
9 10 0
10 10 0
11 10 0
12 10 0
13 10 0
14 10 0
15 10 0
16 10 0
17 10 0
18 10 0
19 9 1
20 10 0
21 9 1
22 10 0
23 10 0
24 10 0
25 9 1
26 9 1
27 10 0
28 9 0
29 9 0
30 9 0
31 9 0
32 9 0
33 9 0
34 8 0
35 8 0
36 7 1
37 8 0
38 8 0
39 7 1
40 8 0
41 7 1
42 7 0
43 7 0
44 7 0
45 7 0
46 7 0
47 7 0
48 6 0
49 5 1
50 6 0
51 6 0
52 6 0
53 6 0
54 5 1
55 5 1
56 5 0
57 4 1
58 4 1
59 4 1
60 4 1
61 5 0
62 4 1
63 5 0
64 5 0
65 5 0
66 4 1
67 5 0
68 5 0
69 5 0
70 4 0
71 4 0
72 4 0
73 4 0
74 4 0
75 4 0
76 4 0
77 4 0
78 4 0
79 4 0
80 4 0
81 3 0
82 3 0
83 3 0
84 3 0
85 3 0
86 3 0
87 1 1
88 2 0
90 2 0
91 1 1
92 1 1
##=========================================
##[Voxel Mapper]Iteration 650 keyframe id, used times, remaining times:
0 10 1
1 10 1
2 10 1
3 10 1
4 10 1
5 11 0
6 10 1
8 11 0
9 10 1
10 11 0
11 10 1
12 10 1
13 10 1
14 10 1
15 11 0
16 11 0
17 10 1
18 10 1
19 11 0
20 10 1
21 11 0
22 10 1
23 10 1
24 10 1
25 10 1
26 11 0
27 10 1
28 9 1
29 9 1
30 9 1
31 9 1
32 10 0
33 10 0
34 8 1
35 9 0
36 8 1
37 8 1
38 9 0
39 8 1
40 9 0
41 8 1
42 8 0
43 8 0
44 7 1
45 7 1
46 7 1
47 7 1
48 7 0
49 6 1
50 6 1
51 6 1
52 6 1
53 7 0
54 6 1
55 6 1
56 5 1
57 5 1
58 5 1
59 5 1
60 5 1
61 5 1
62 6 0
63 5 1
64 6 0
65 5 1
66 5 1
67 5 1
68 5 1
69 5 1
70 4 1
71 4 1
72 4 1
73 4 1
74 4 1
75 5 0
76 4 1
77 4 1
78 4 1
79 4 1
80 4 1
81 3 1
82 4 0
83 3 1
84 3 1
85 3 1
86 3 1
87 2 1
88 2 1
89 2 1
90 2 1
91 2 1
92 2 1
93 2 1
94 2 1
95 3 0
##=========================================
##[Voxel Mapper]Iteration 700 keyframe id, used times, remaining times:
0 11 0
1 11 0
2 11 0
3 10 1
4 11 0
5 11 0
6 10 1
8 11 0
9 10 1
10 11 0
11 11 0
12 11 0
13 11 0
14 11 0
15 11 0
16 11 0
17 11 0
18 11 0
19 11 0
20 10 1
21 11 0
22 11 0
23 10 1
24 10 1
25 11 0
26 11 0
27 11 0
28 9 1
29 9 1
30 9 1
31 10 0
32 10 0
33 10 0
34 9 0
35 9 0
36 9 0
37 8 1
38 9 0
39 8 1
40 9 0
41 9 0
42 8 0
43 8 0
44 8 0
45 7 1
46 7 1
47 8 0
48 7 0
49 6 1
50 7 0
51 7 0
52 7 0
53 7 0
54 6 1
55 7 0
56 5 1
57 5 1
58 6 0
59 6 0
60 5 1
61 6 0
62 6 0
63 5 1
64 6 0
65 6 0
66 6 0
67 6 0
68 6 0
69 5 1
70 5 0
71 5 0
72 4 1
73 5 0
74 4 1
75 5 0
76 5 0
77 5 0
78 5 0
79 4 1
80 4 1
81 3 1
82 4 0
83 4 0
84 4 0
85 4 0
86 4 0
87 3 0
88 2 1
89 3 0
90 2 1
91 3 0
92 2 1
93 3 0
94 3 0
95 3 0
96 1 1
97 2 0
99 1 1
100 1 1
##=========================================
##[Voxel Mapper]Iteration 750 keyframe id, used times, remaining times:
0 11 1
1 11 1
2 11 1
3 11 1
4 11 1
5 11 1
6 12 0
8 11 1
9 11 1
10 11 1
11 11 1
12 11 1
13 11 1
14 11 1
15 11 1
16 11 1
17 11 1
18 11 1
19 11 1
20 11 1
21 11 1
22 11 1
23 11 1
24 11 1
25 11 1
26 11 1
27 11 1
28 10 1
29 10 1
30 10 1
31 10 1
32 10 1
33 10 1
34 9 1
35 9 1
36 9 1
37 9 1
38 9 1
39 9 1
40 10 0
41 9 1
42 8 1
43 8 1
44 8 1
45 8 1
46 8 1
47 8 1
48 7 1
49 7 1
50 7 1
51 7 1
52 7 1
53 7 1
54 7 1
55 7 1
56 6 1
57 6 1
58 6 1
59 6 1
60 6 1
61 6 1
62 6 1
63 6 1
64 6 1
65 6 1
66 6 1
67 6 1
68 6 1
69 6 1
70 5 1
71 5 1
72 5 1
73 5 1
74 5 1
75 5 1
76 6 0
77 5 1
78 5 1
79 5 1
80 5 1
81 4 1
82 4 1
83 4 1
84 4 1
85 4 1
86 4 1
87 3 1
88 3 1
89 4 0
90 3 1
91 3 1
92 3 1
93 3 1
94 3 1
95 3 1
96 2 1
97 2 1
98 2 1
99 2 1
100 2 1
101 3 0
102 2 1
103 2 1
104 2 1
105 2 1
106 2 1
##=========================================
##[Voxel Mapper]Iteration 50 keyframe id, used times, remaining times:
0 2 0
1 2 0
2 2 0
3 2 0
5 2 0
6 2 0
7 2 0
9 2 0
10 2 0
11 2 0
12 2 0
13 2 0
14 2 0
15 2 0
16 2 0
17 2 0
18 2 0
19 2 0
20 2 0
21 2 0
22 2 0
23 2 0
24 2 0
25 1 1
26 2 0
28 1 1
##=========================================
##[Voxel Mapper]Iteration 100 keyframe id, used times, remaining times:
0 3 1
1 3 1
2 3 1
3 3 1
5 3 1
6 3 1
7 3 1
9 3 1
10 3 1
11 3 1
12 3 1
13 3 1
14 3 1
15 3 1
16 3 1
17 3 1
18 3 1
19 3 1
20 3 1
21 3 1
22 3 1
23 3 1
24 3 1
25 3 1
26 4 0
27 3 1
28 3 1
29 3 1
30 3 0
31 3 0
32 2 1
33 2 1
34 2 1
35 3 0
##=========================================
##[Voxel Mapper]Iteration 150 keyframe id, used times, remaining times:
0 4 1
1 4 1
2 4 1
3 4 1
5 5 0
6 4 1
7 4 1
9 4 1
10 5 0
11 4 1
12 4 1
13 4 1
14 5 0
15 4 1
16 4 1
17 4 1
18 4 1
19 4 1
20 4 1
21 4 1
22 4 1
23 5 0
24 4 1
25 4 1
26 4 1
27 4 1
28 4 1
29 5 0
30 3 1
31 3 1
32 3 1
33 3 1
34 3 1
35 3 1
36 2 1
37 2 1
38 2 1
39 2 1
40 2 1
41 2 1
42 3 0
##=========================================
##[Voxel Mapper]Iteration 200 keyframe id, used times, remaining times:
0 5 1
1 5 1
2 5 1
3 6 0
5 5 1
6 5 1
7 5 1
9 5 1
10 5 1
11 5 1
12 5 1
13 5 1
14 5 1
15 5 1
16 5 1
17 5 1
18 6 0
19 5 1
20 5 1
21 5 1
22 5 1
23 5 1
24 5 1
25 5 1
26 5 1
27 5 1
28 6 0
29 5 1
30 4 1
31 4 1
32 4 1
33 4 1
34 4 1
35 4 1
36 3 1
37 3 1
38 3 1
39 3 1
40 3 1
41 3 1
42 3 1
43 2 1
44 2 1
45 2 1
46 2 1
47 2 1
48 2 1
##=========================================
##[Voxel Mapper]Iteration 250 keyframe id, used times, remaining times:
0 6 0
1 6 0
2 6 0
3 6 0
5 6 0
6 6 0
7 6 0
9 6 0
10 6 0
11 6 0
12 6 0
13 6 0
14 6 0
15 6 0
16 6 0
17 6 0
18 6 0
19 6 0
20 6 0
21 6 0
22 6 0
23 6 0
24 6 0
25 6 0
26 5 1
27 6 0
28 6 0
29 6 0
30 4 1
31 5 0
32 5 0
33 5 0
34 5 0
35 5 0
36 3 1
37 4 0
38 4 0
39 3 1
40 4 0
41 4 0
42 4 0
43 3 0
44 3 0
45 3 0
46 3 0
47 3 0
48 3 0
49 1 1
50 1 1
51 2 0
52 2 0
53 2 0
54 1 1
55 1 1
##=========================================
##[Voxel Mapper]Iteration 300 keyframe id, used times, remaining times:
0 7 0
1 6 1
2 7 0
3 7 0
5 7 0
6 7 0
7 7 0
9 6 1
10 7 0
11 7 0
12 6 1
13 6 1
14 6 1
15 7 0
16 7 0
17 7 0
18 7 0
19 7 0
20 7 0
21 7 0
22 6 1
23 6 1
24 6 1
25 6 1
26 7 0
27 6 1
28 6 1
29 6 1
30 6 0
31 6 0
32 5 1
33 6 0
34 6 0
35 6 0
36 4 1
37 4 1
38 4 1
39 5 0
40 4 1
41 5 0
42 4 1
43 3 1
44 4 0
45 4 0
46 3 1
47 3 1
48 3 1
49 3 0
50 3 0
51 3 0
52 2 1
53 3 0
54 2 1
55 3 0
56 2 1
57 3 0
58 3 0
59 1 1
63 1 1
64 2 0
##=========================================
##[Voxel Mapper]Iteration 350 keyframe id, used times, remaining times:
0 7 1
1 7 1
2 7 1
3 7 1
5 7 1
6 7 1
7 7 1
9 7 1
10 7 1
11 7 1
12 7 1
13 7 1
14 7 1
15 7 1
16 7 1
17 7 1
18 7 1
19 7 1
20 7 1
21 7 1
22 7 1
23 7 1
24 7 1
25 7 1
26 7 1
27 7 1
28 7 1
29 7 1
30 6 1
31 6 1
32 6 1
33 6 1
34 6 1
35 6 1
36 5 1
37 5 1
38 5 1
39 5 1
40 5 1
41 5 1
42 5 1
43 4 1
44 4 1
45 4 1
46 4 1
47 4 1
48 4 1
49 3 1
50 3 1
51 3 1
52 3 1
53 3 1
54 3 1
55 3 1
56 3 1
57 3 1
58 3 1
59 2 1
60 2 1
61 2 1
62 2 1
63 2 1
64 2 1
65 2 1
66 2 1
67 2 1
68 2 1
69 2 1
70 2 1
71 2 1
72 3 0
##=========================================
##[Voxel Mapper]Iteration 400 keyframe id, used times, remaining times:
0 8 0
1 8 0
2 8 0
3 8 0
5 8 0
6 8 0
7 8 0
9 7 1
10 7 1
11 7 1
12 8 0
13 8 0
14 7 1
15 8 0
16 7 1
17 7 1
18 8 0
19 8 0
20 7 1
21 8 0
22 7 1
23 8 0
24 7 1
25 8 0
26 8 0
27 8 0
28 8 0
29 7 1
30 6 1
31 7 0
32 7 0
33 6 1
34 7 0
35 6 1
36 6 0
37 5 1
38 6 0
39 6 0
40 5 1
41 6 0
42 6 0
43 5 0
44 5 0
45 5 0
46 5 0
47 5 0
48 5 0
49 4 0
50 3 1
51 4 0
52 4 0
53 4 0
54 4 0
55 4 0
56 4 0
57 3 1
58 4 0
59 2 1
60 2 1
61 3 0
62 3 0
63 2 1
64 2 1
65 3 0
66 2 1
67 2 1
68 3 0
69 3 0
70 3 0
71 3 0
72 3 0
73 1 1
74 1 1
76 1 1
##=========================================
##[Voxel Mapper]Iteration 450 keyframe id, used times, remaining times:
0 8 1
1 8 1
2 8 1
3 8 1
5 8 1
6 8 1
7 8 1
9 8 1
10 8 1
11 8 1
12 8 1
13 9 0
14 8 1
15 9 0
16 8 1
17 8 1
18 8 1
19 8 1
20 8 1
21 8 1
22 8 1
23 8 1
24 8 1
25 8 1
26 8 1
27 8 1
28 8 1
29 8 1
30 7 1
31 7 1
32 7 1
33 7 1
34 7 1
35 8 0
36 6 1
37 6 1
38 7 0
39 6 1
40 7 0
41 6 1
42 7 0
43 5 1
44 5 1
45 5 1
46 5 1
47 5 1
48 5 1
49 4 1
50 4 1
51 4 1
52 4 1
53 4 1
54 5 0
55 5 0
56 4 1
57 4 1
58 4 1
59 3 1
60 3 1
61 4 0
62 3 1
63 4 0
64 3 1
65 3 1
66 4 0
67 3 1
68 3 1
69 3 1
70 3 1
71 3 1
72 3 1
73 3 0
74 2 1
75 2 1
76 2 1
77 2 1
78 2 1
79 2 1
80 2 1
81 2 1
##=========================================
##[Voxel Mapper]Iteration 500 keyframe id, used times, remaining times:
0 8 1
1 9 0
2 8 1
3 9 0
5 9 0
6 9 0
7 8 1
9 9 0
10 9 0
11 9 0
12 9 0
13 9 0
14 9 0
15 9 0
16 8 1
17 8 1
18 9 0
19 8 1
20 8 1
21 9 0
22 9 0
23 8 1
24 9 0
25 9 0
26 9 0
27 8 1
28 9 0
29 9 0
30 7 1
31 8 0
32 8 0
33 8 0
34 8 0
35 8 0
36 7 0
37 7 0
38 7 0
39 6 1
40 7 0
41 7 0
42 7 0
43 5 1
44 6 0
45 5 1
46 6 0
47 6 0
48 5 1
49 5 0
50 4 1
51 5 0
52 5 0
53 4 1
54 5 0
55 5 0
56 5 0
57 4 1
58 5 0
59 3 1
60 4 0
61 4 0
62 4 0
63 4 0
64 4 0
65 4 0
66 4 0
67 4 0
68 4 0
69 4 0
70 4 0
71 4 0
72 3 1
73 3 0
74 3 0
75 2 1
76 2 1
77 3 0
78 3 0
79 3 0
80 3 0
81 3 0
82 2 0
84 1 1
##=========================================
##[Voxel Mapper]Iteration 550 keyframe id, used times, remaining times:
0 9 1
1 9 1
2 9 1
3 9 1
5 10 0
6 9 1
7 10 0
9 9 1
10 9 1
11 9 1
12 9 1
13 9 1
14 9 1
15 9 1
16 9 1
17 10 0
18 10 0
19 9 1
20 9 1
21 9 1
22 9 1
23 9 1
24 9 1
25 9 1
26 10 0
27 9 1
28 9 1
29 9 1
30 8 1
31 9 0
32 8 1
33 8 1
34 8 1
35 9 0
36 7 1
37 7 1
38 7 1
39 8 0
40 7 1
41 7 1
42 7 1
43 6 1
44 6 1
45 6 1
46 7 0
47 6 1
48 7 0
49 5 1
50 5 1
51 6 0
52 5 1
53 5 1
54 5 1
55 5 1
56 5 1
57 5 1
58 5 1
59 4 1
60 5 0
61 4 1
62 4 1
63 4 1
64 4 1
65 5 0
66 5 0
67 5 0
68 4 1
69 4 1
70 4 1
71 4 1
72 5 0
73 3 1
74 3 1
75 3 1
76 3 1
77 3 1
78 3 1
79 3 1
80 3 1
81 3 1
82 2 1
83 3 0
84 2 1
85 2 1
86 3 0
87 2 1
88 2 1
##=========================================
##[Voxel Mapper]Iteration 600 keyframe id, used times, remaining times:
0 10 0
1 10 0
2 10 0
3 9 1
5 10 0
6 10 0
7 10 0
9 10 0
10 10 0
11 9 1
12 10 0
13 10 0
14 10 0
15 10 0
16 9 1
17 10 0
18 10 0
19 10 0
20 10 0
21 10 0
22 10 0
23 9 1
24 10 0
25 10 0
26 10 0
27 10 0
28 10 0
29 10 0
30 8 1
31 9 0
32 9 0
33 9 0
34 9 0
35 9 0
36 7 1
37 8 0
38 8 0
39 8 0
40 8 0
41 8 0
42 7 1
43 7 0
44 6 1
45 6 1
46 7 0
47 6 1
48 7 0
49 6 0
50 6 0
51 6 0
52 6 0
53 6 0
54 5 1
55 6 0
56 6 0
57 6 0
58 5 1
59 4 1
60 5 0
61 4 1
62 5 0
63 5 0
64 5 0
65 5 0
66 5 0
67 5 0
68 4 1
69 5 0
70 4 1
71 4 1
72 5 0
73 4 0
74 4 0
75 4 0
76 3 1
77 4 0
78 4 0
79 4 0
80 3 1
81 4 0
82 2 1
83 3 0
84 3 0
85 2 1
86 3 0
87 3 0
88 3 0
89 2 0
##=========================================
##[Voxel Mapper]Iteration 650 keyframe id, used times, remaining times:
0 10 1
1 10 1
2 10 1
3 10 1
5 11 0
6 10 1
7 10 1
9 10 1
10 10 1
11 11 0
12 10 1
13 10 1
14 10 1
15 10 1
16 10 1
17 10 1
18 10 1
19 10 1
20 10 1
21 10 1
22 10 1
23 10 1
24 10 1
25 10 1
26 10 1
27 10 1
28 10 1
29 11 0
30 9 1
31 9 1
32 10 0
33 9 1
34 9 1
35 10 0
36 8 1
37 9 0
38 8 1
39 8 1
40 8 1
41 8 1
42 8 1
43 7 1
44 7 1
45 7 1
46 8 0
47 7 1
48 7 1
49 6 1
50 6 1
51 6 1
52 6 1
53 6 1
54 6 1
55 6 1
56 7 0
57 6 1
58 6 1
59 5 1
60 5 1
61 6 0
62 5 1
63 5 1
64 5 1
65 5 1
66 6 0
67 5 1
68 5 1
69 5 1
70 6 0
71 5 1
72 5 1
73 4 1
74 4 1
75 4 1
76 5 0
77 4 1
78 5 0
79 4 1
80 4 1
81 5 0
82 3 1
83 3 1
84 3 1
85 3 1
86 3 1
87 3 1
88 3 1
89 3 0
90 2 1
91 2 1
92 2 1
93 2 1
94 2 1
95 2 1
96 2 1
##=========================================
##[Voxel Mapper]Iteration 700 keyframe id, used times, remaining times:
0 11 0
1 11 0
2 11 0
3 10 1
5 11 0
6 11 0
7 11 0
9 11 0
10 11 0
11 11 0
12 10 1
13 11 0
14 10 1
15 11 0
16 11 0
17 10 1
18 10 1
19 11 0
20 10 1
21 10 1
22 10 1
23 11 0
24 11 0
25 10 1
26 10 1
27 10 1
28 11 0
29 11 0
30 10 0
31 9 1
32 10 0
33 10 0
34 10 0
35 10 0
36 9 0
37 9 0
38 9 0
39 8 1
40 9 0
41 9 0
42 9 0
43 8 0
44 8 0
45 7 1
46 8 0
47 8 0
48 7 1
49 7 0
50 7 0
51 6 1
52 6 1
53 7 0
54 6 1
55 7 0
56 7 0
57 7 0
58 7 0
59 5 1
60 6 0
61 6 0
62 5 1
63 6 0
64 5 1
65 5 1
66 6 0
67 6 0
68 6 0
69 5 1
70 6 0
71 5 1
72 5 1
73 5 0
74 4 1
75 4 1
76 5 0
77 5 0
78 5 0
79 5 0
80 5 0
81 5 0
82 4 0
83 4 0
84 3 1
85 3 1
86 4 0
87 3 1
88 4 0
89 3 0
90 2 1
91 3 0
92 3 0
93 2 1
94 2 1
95 2 1
96 3 0
97 2 0
99 1 1
101 1 1
##=========================================
##[Voxel Mapper]Iteration 750 keyframe id, used times, remaining times:
0 11 0
1 11 0
2 11 0
3 11 0
5 11 0
6 11 0
7 11 0
9 11 0
10 11 0
11 11 0
12 11 0
13 11 0
14 11 0
15 11 0
16 11 0
17 11 0
18 11 0
19 11 0
20 11 0
21 11 0
22 11 0
23 11 0
24 11 0
25 11 0
26 11 0
27 11 0
28 11 0
29 11 0
30 10 0
31 10 0
32 10 0
33 10 0
34 10 0
35 10 0
36 9 0
37 9 0
38 9 0
39 9 0
40 9 0
41 9 0
42 9 0
43 8 0
44 8 0
45 8 0
46 8 0
47 8 0
48 8 0
49 7 0
50 7 0
51 7 0
52 7 0
53 7 0
54 7 0
55 7 0
56 7 0
57 7 0
58 7 0
59 6 0
60 6 0
61 6 0
62 6 0
63 6 0
64 6 0
65 6 0
66 6 0
67 6 0
68 6 0
69 6 0
70 6 0
71 6 0
72 6 0
73 5 0
74 5 0
75 5 0
76 5 0
77 5 0
78 5 0
79 5 0
80 5 0
81 5 0
82 4 0
83 4 0
84 4 0
85 4 0
86 4 0
87 4 0
88 4 0
89 3 0
90 3 0
91 3 0
92 3 0
93 3 0
94 3 0
95 3 0
96 3 0
97 2 0
98 2 0
99 2 0
100 2 0
101 2 0
102 2 0
103 2 0
104 2 0
105 2 0
106 2 0
##=========================================
##[Voxel Mapper]Iteration 800 keyframe id, used times, remaining times:
0 11 1
1 12 0
2 11 1
3 12 0
5 11 1
6 11 1
7 12 0
9 12 0
10 11 1
11 11 1
12 11 1
13 12 0
14 11 1
15 11 1
16 12 0
17 11 1
18 11 1
19 11 1
20 11 1
21 12 0
22 11 1
23 11 1
24 12 0
25 12 0
26 12 0
27 12 0
28 12 0
29 12 0
30 11 0
31 11 0
32 10 1
33 10 1
34 11 0
35 11 0
36 9 1
37 10 0
38 9 1
39 9 1
40 9 1
41 9 1
42 10 0
43 9 0
44 8 1
45 9 0
46 8 1
47 8 1
48 9 0
49 7 1
50 7 1
51 7 1
52 7 1
53 7 1
54 8 0
55 8 0
56 7 1
57 8 0
58 7 1
59 7 0
60 6 1
61 6 1
62 6 1
63 7 0
64 7 0
65 6 1
66 6 1
67 6 1
68 6 1
69 7 0
70 6 1
71 6 1
72 7 0
73 6 0
74 5 1
75 6 0
76 6 0
77 6 0
78 6 0
79 5 1
80 6 0
81 5 1
82 4 1
83 4 1
84 5 0
85 5 0
86 5 0
87 5 0
88 4 1
89 4 0
90 3 1
91 4 0
92 3 1
93 3 1
94 4 0
95 3 1
96 3 1
97 3 0
98 2 1
99 2 1
100 2 1
101 3 0
102 3 0
103 3 0
104 2 1
105 3 0
106 3 0
109 1 1
##=========================================
##[Voxel Mapper]Iteration 850 keyframe id, used times, remaining times:
0 11 1
1 12 0
2 12 0
3 12 0
5 12 0
6 12 0
7 12 0
9 12 0
10 12 0
11 12 0
12 12 0
13 12 0
14 12 0
15 12 0
16 12 0
17 11 1
18 12 0
19 12 0
20 12 0
21 12 0
22 12 0
23 12 0
24 12 0
25 12 0
26 12 0
27 12 0
28 12 0
29 12 0
30 11 0
31 11 0
32 11 0
33 11 0
34 11 0
35 11 0
36 10 0
37 10 0
38 10 0
39 10 0
40 9 1
41 9 1
42 10 0
43 9 0
44 9 0
45 9 0
46 9 0
47 8 1
48 9 0
49 8 0
50 8 0
51 8 0
52 8 0
53 8 0
54 8 0
55 8 0
56 8 0
57 8 0
58 8 0
59 7 0
60 7 0
61 6 1
62 7 0
63 7 0
64 7 0
65 7 0
66 7 0
67 7 0
68 7 0
69 7 0
70 7 0
71 7 0
72 7 0
73 6 0
74 6 0
75 6 0
76 6 0
77 6 0
78 6 0
79 6 0
80 6 0
81 6 0
82 4 1
83 5 0
84 5 0
85 5 0
86 5 0
87 5 0
88 4 1
89 4 0
90 4 0
91 4 0
92 4 0
93 4 0
94 4 0
95 3 1
96 4 0
97 3 0
98 3 0
99 3 0
100 3 0
101 3 0
102 3 0
103 3 0
104 3 0
105 3 0
106 3 0
107 1 1
108 1 1
109 1 1
110 1 1
##=========================================
##[Voxel Mapper]Iteration 50 keyframe id, used times, remaining times:
0 2 1
1 2 1
2 2 1
3 2 1
4 2 1
6 2 1
7 2 1
8 2 1
10 2 1
11 2 1
12 2 1
13 2 1
14 2 1
15 2 1
16 2 1
17 2 1
18 2 1
19 2 1
20 2 1
21 2 1
22 2 1
23 2 1
24 2 1
25 2 1
26 2 1
##=========================================
##[Voxel Mapper]Iteration 100 keyframe id, used times, remaining times:
0 3 1
1 3 1
2 4 0
3 3 1
4 4 0
6 3 1
7 3 1
8 4 0
10 3 1
11 3 1
12 3 1
13 3 1
14 4 0
15 3 1
16 3 1
17 4 0
18 4 0
19 3 1
20 3 1
21 4 0
22 4 0
23 3 1
24 3 1
25 4 0
26 3 1
27 2 1
28 2 1
29 3 0
30 2 1
31 2 1
32 2 1
33 3 0
##=========================================
##[Voxel Mapper]Iteration 150 keyframe id, used times, remaining times:
0 5 0
1 4 1
2 4 1
3 4 1
4 4 1
6 5 0
7 4 1
8 4 1
10 4 1
11 4 1
12 5 0
13 4 1
14 4 1
15 4 1
16 4 1
17 4 1
18 4 1
19 5 0
20 4 1
21 5 0
22 4 1
23 4 1
24 4 1
25 5 0
26 5 0
27 4 0
28 3 1
29 4 0
30 3 1
31 4 0
32 3 1
33 3 1
34 3 0
35 2 1
36 2 1
37 2 1
38 3 0
39 3 0
40 2 1
41 2 0
##=========================================
##[Voxel Mapper]Iteration 200 keyframe id, used times, remaining times:
0 5 1
1 6 0
2 5 1
3 5 1
4 6 0
6 5 1
7 5 1
8 6 0
10 6 0
11 5 1
12 5 1
13 5 1
14 5 1
15 6 0
16 5 1
17 6 0
18 5 1
19 6 0
20 6 0
21 5 1
22 5 1
23 6 0
24 5 1
25 5 1
26 5 1
27 4 1
28 4 1
29 4 1
30 4 1
31 5 0
32 4 1
33 5 0
34 3 1
35 3 1
36 3 1
37 4 0
38 3 1
39 3 1
40 3 1
41 3 0
42 3 0
43 3 0
44 2 1
45 3 0
##=========================================
##[Voxel Mapper]Iteration 250 keyframe id, used times, remaining times:
0 6 1
1 6 1
2 6 1
3 6 1
4 6 1
6 7 0
7 6 1
8 6 1
10 6 1
11 6 1
12 6 1
13 6 1
14 6 1
15 6 1
16 6 1
17 6 1
18 6 1
19 6 1
20 6 1
21 6 1
22 6 1
23 6 1
24 6 1
25 6 1
26 6 1
27 5 1
28 5 1
29 5 1
30 5 1
31 5 1
32 5 1
33 5 1
34 4 1
35 4 1
36 4 1
37 4 1
38 4 1
39 5 0
40 4 1
41 3 1
42 3 1
43 3 1
44 3 1
45 3 1
46 3 0
47 2 1
48 2 1
49 2 1
50 3 0
51 2 1
52 2 1
53 2 1
54 2 1
##=========================================
##[Voxel Mapper]Iteration 300 keyframe id, used times, remaining times:
0 6 1
1 7 0
2 7 0
3 7 0
4 7 0
6 7 0
7 7 0
8 7 0
10 7 0
11 6 1
12 7 0
13 7 0
14 7 0
15 7 0
16 7 0
17 7 0
18 7 0
19 7 0
20 6 1
21 7 0
22 7 0
23 7 0
24 6 1
25 7 0
26 7 0
27 6 0
28 6 0
29 5 1
30 6 0
31 6 0
32 6 0
33 6 0
34 5 0
35 5 0
36 5 0
37 5 0
38 4 1
39 5 0
40 5 0
41 4 0
42 3 1
43 4 0
44 4 0
45 4 0
46 3 0
47 3 0
48 3 0
49 3 0
50 3 0
51 3 0
52 3 0
53 3 0
54 3 0
55 1 1
57 2 0
59 1 1
60 2 0
62 1 1
64 1 1
##=========================================
##[Voxel Mapper]Iteration 350 keyframe id, used times, remaining times:
0 8 0
1 7 1
2 7 1
3 7 1
4 7 1
6 8 0
7 8 0
8 7 1
10 7 1
11 8 0
12 7 1
13 8 0
14 7 1
15 8 0
16 8 0
17 7 1
18 7 1
19 8 0
20 7 1
21 7 1
22 7 1
23 8 0
24 7 1
25 7 1
26 7 1
27 7 0
28 6 1
29 6 1
30 6 1
31 6 1
32 6 1
33 6 1
34 6 0
35 5 1
36 5 1
37 5 1
38 6 0
39 5 1
40 6 0
41 4 1
42 4 1
43 4 1
44 4 1
45 4 1
46 3 1
47 3 1
48 3 1
49 3 1
50 3 1
51 4 0
52 3 1
53 3 1
54 4 0
55 3 0
56 2 1
57 3 0
58 3 0
59 2 1
60 2 1
61 3 0
62 3 0
63 2 1
64 2 1
65 3 0
66 2 1
67 2 1
68 3 0
70 1 1
##=========================================
##[Voxel Mapper]Iteration 400 keyframe id, used times, remaining times:
0 8 0
1 8 0
2 8 0
3 8 0
4 8 0
6 8 0
7 8 0
8 8 0
10 8 0
11 8 0
12 8 0
13 8 0
14 8 0
15 8 0
16 8 0
17 8 0
18 8 0
19 8 0
20 7 1
21 8 0
22 8 0
23 8 0
24 8 0
25 8 0
26 8 0
27 7 0
28 7 0
29 7 0
30 7 0
31 7 0
32 7 0
33 7 0
34 6 0
35 6 0
36 6 0
37 6 0
38 6 0
39 6 0
40 6 0
41 5 0
42 5 0
43 5 0
44 4 1
45 5 0
46 3 1
47 4 0
48 4 0
49 4 0
50 4 0
51 4 0
52 4 0
53 4 0
54 4 0
55 3 0
56 3 0
57 3 0
58 3 0
59 2 1
60 3 0
61 3 0
62 3 0
63 3 0
64 3 0
65 3 0
66 3 0
67 3 0
68 3 0
69 2 0
70 2 0
71 1 1
73 1 1
75 2 0
76 1 1
77 1 1
##=========================================
##[Voxel Mapper]Iteration 450 keyframe id, used times, remaining times:
0 8 1
1 8 1
2 8 1
3 8 1
4 8 1
6 9 0
7 8 1
8 9 0
10 8 1
11 9 0
12 8 1
13 8 1
14 9 0
15 8 1
16 8 1
17 8 1
18 8 1
19 9 0
20 9 0
21 8 1
22 8 1
23 8 1
24 8 1
25 8 1
26 9 0
27 7 1
28 7 1
29 7 1
30 7 1
31 7 1
32 7 1
33 8 0
34 6 1
35 6 1
36 7 0
37 6 1
38 7 0
39 6 1
40 6 1
41 5 1
42 6 0
43 6 0
44 5 1
45 6 0
46 5 0
47 5 0
48 4 1
49 4 1
50 4 1
51 5 0
52 5 0
53 4 1
54 5 0
55 4 0
56 3 1
57 3 1
58 4 0
59 4 0
60 3 1
61 4 0
62 4 0
63 3 1
64 4 0
65 4 0
66 3 1
67 3 1
68 3 1
69 3 0
70 3 0
71 2 1
72 2 1
73 3 0
74 3 0
75 3 0
76 3 0
77 3 0
78 2 1
79 3 0
81 1 1
##=========================================
##[Voxel Mapper]Iteration 500 keyframe id, used times, remaining times:
0 9 0
1 9 0
2 9 0
3 9 0
4 9 0
6 9 0
7 9 0
8 9 0
10 9 0
11 9 0
12 9 0
13 9 0
14 9 0
15 9 0
16 9 0
17 8 1
18 9 0
19 9 0
20 9 0
21 9 0
22 9 0
23 9 0
24 9 0
25 9 0
26 9 0
27 8 0
28 8 0
29 7 1
30 8 0
31 8 0
32 8 0
33 8 0
34 7 0
35 7 0
36 7 0
37 7 0
38 7 0
39 7 0
40 7 0
41 6 0
42 6 0
43 6 0
44 6 0
45 6 0
46 5 0
47 5 0
48 5 0
49 5 0
50 5 0
51 5 0
52 5 0
53 5 0
54 5 0
55 4 0
56 4 0
57 4 0
58 4 0
59 4 0
60 4 0
61 4 0
62 4 0
63 4 0
64 4 0
65 4 0
66 4 0
67 4 0
68 4 0
69 3 0
70 3 0
71 2 1
72 3 0
73 3 0
74 3 0
75 3 0
76 3 0
77 3 0
78 3 0
79 3 0
80 2 0
81 2 0
82 1 1
83 1 1
84 2 0
85 1 1
##=========================================
##[Voxel Mapper]Iteration 550 keyframe id, used times, remaining times:
0 9 1
1 9 1
2 9 1
3 10 0
4 10 0
6 9 1
7 10 0
8 10 0
10 9 1
11 9 1
12 9 1
13 9 1
14 9 1
15 9 1
16 10 0
17 10 0
18 9 1
19 9 1
20 9 1
21 9 1
22 9 1
23 10 0
24 9 1
25 10 0
26 10 0
27 8 1
28 8 1
29 9 0
30 9 0
31 8 1
32 9 0
33 9 0
34 7 1
35 7 1
36 7 1
37 8 0
38 7 1
39 8 0
40 8 0
41 6 1
42 6 1
43 6 1
44 7 0
45 6 1
46 6 0
47 5 1
48 5 1
49 5 1
50 5 1
51 5 1
52 6 0
53 6 0
54 6 0
55 4 1
56 5 0
57 4 1
58 4 1
59 5 0
60 4 1
61 5 0
62 5 0
63 5 0
64 5 0
65 5 0
66 5 0
67 5 0
68 4 1
69 4 0
70 4 0
71 3 1
72 4 0
73 4 0
74 3 1
75 4 0
76 3 1
77 4 0
78 4 0
79 3 1
80 3 0
81 2 1
82 3 0
83 2 1
84 3 0
85 2 1
86 3 0
87 1 1
##=========================================
##[Voxel Mapper]Iteration 600 keyframe id, used times, remaining times:
0 10 0
1 10 0
2 10 0
3 10 0
4 10 0
6 10 0
7 10 0
8 10 0
10 10 0
11 10 0
12 10 0
13 9 1
14 10 0
15 10 0
16 10 0
17 10 0
18 10 0
19 10 0
20 10 0
21 10 0
22 10 0
23 10 0
24 10 0
25 10 0
26 10 0
27 8 1
28 9 0
29 9 0
30 9 0
31 9 0
32 9 0
33 9 0
34 7 1
35 8 0
36 8 0
37 8 0
38 8 0
39 8 0
40 8 0
41 7 0
42 7 0
43 7 0
44 7 0
45 7 0
46 6 0
47 6 0
48 6 0
49 6 0
50 6 0
51 6 0
52 6 0
53 6 0
54 6 0
55 5 0
56 5 0
57 5 0
58 5 0
59 5 0
60 5 0
61 5 0
62 5 0
63 5 0
64 5 0
65 5 0
66 5 0
67 5 0
68 5 0
69 4 0
70 4 0
71 4 0
72 4 0
73 4 0
74 4 0
75 4 0
76 4 0
77 4 0
78 4 0
79 4 0
80 3 0
81 3 0
82 3 0
83 2 1
84 3 0
85 3 0
86 3 0
87 2 0
88 2 0
89 2 0
90 2 0
91 1 1
92 1 1
93 1 1
##=========================================
##[Voxel Mapper]Iteration 650 keyframe id, used times, remaining times:
0 11 0
1 10 1
2 10 1
3 11 0
4 10 1
6 10 1
7 10 1
8 10 1
10 10 1
11 10 1
12 11 0
13 10 1
14 11 0
15 11 0
16 10 1
17 11 0
18 10 1
19 11 0
20 10 1
21 11 0
22 10 1
23 10 1
24 10 1
25 10 1
26 11 0
27 10 0
28 10 0
29 10 0
30 9 1
31 10 0
32 9 1
33 9 1
34 9 0
35 9 0
36 8 1
37 9 0
38 9 0
39 9 0
40 8 1
41 8 0
42 8 0
43 8 0
44 8 0
45 7 1
46 7 0
47 6 1
48 6 1
49 6 1
50 6 1
51 7 0
52 6 1
53 6 1
54 6 1
55 6 0
56 5 1
57 6 0
58 6 0
59 5 1
60 5 1
61 5 1
62 5 1
63 5 1
64 5 1
65 5 1
66 6 0
67 5 1
68 6 0
69 4 1
70 4 1
71 4 1
72 5 0
73 5 0
74 4 1
75 4 1
76 5 0
77 4 1
78 4 1
79 5 0
80 4 0
81 3 1
82 4 0
83 4 0
84 4 0
85 3 1
86 3 1
87 3 0
88 3 0
89 2 1
90 2 1
91 2 1
92 2 1
93 3 0
94 3 0
##=========================================
##[Voxel Mapper]Iteration 700 keyframe id, used times, remaining times:
0 11 0
1 11 0
2 10 1
3 11 0
4 11 0
6 11 0
7 11 0
8 11 0
10 11 0
11 11 0
12 11 0
13 10 1
14 11 0
15 11 0
16 11 0
17 11 0
18 11 0
19 11 0
20 10 1
21 11 0
22 10 1
23 11 0
24 11 0
25 11 0
26 11 0
27 10 0
28 10 0
29 10 0
30 10 0
31 10 0
32 10 0
33 10 0
34 9 0
35 9 0
36 9 0
37 9 0
38 9 0
39 9 0
40 9 0
41 8 0
42 8 0
43 8 0
44 8 0
45 8 0
46 7 0
47 6 1
48 7 0
49 7 0
50 6 1
51 7 0
52 7 0
53 6 1
54 6 1
55 6 0
56 6 0
57 6 0
58 6 0
59 6 0
60 6 0
61 6 0
62 6 0
63 6 0
64 6 0
65 6 0
66 6 0
67 6 0
68 6 0
69 5 0
70 5 0
71 5 0
72 5 0
73 5 0
74 4 1
75 5 0
76 5 0
77 5 0
78 5 0
79 5 0
80 4 0
81 4 0
82 4 0
83 4 0
84 4 0
85 4 0
86 4 0
87 3 0
88 3 0
89 3 0
90 3 0
91 2 1
92 2 1
93 3 0
94 3 0
95 2 0
96 1 1
97 2 0
98 1 1
99 2 0
100 1 1
##=========================================
##[Voxel Mapper]Iteration 750 keyframe id, used times, remaining times:
0 11 1
1 12 0
2 11 1
3 11 1
4 11 1
6 12 0
7 11 1
8 11 1
10 12 0
11 11 1
12 12 0
13 11 1
14 11 1
15 11 1
16 11 1
17 12 0
18 11 1
19 11 1
20 11 1
21 11 1
22 11 1
23 11 1
24 12 0
25 11 1
26 11 1
27 10 1
28 11 0
29 10 1
30 10 1
31 11 0
32 10 1
33 10 1
34 9 1
35 9 1
36 9 1
37 9 1
38 9 1
39 10 0
40 9 1
41 9 0
42 8 1
43 9 0
44 9 0
45 8 1
46 8 0
47 7 1
48 7 1
49 7 1
50 7 1
51 7 1
52 7 1
53 7 1
54 7 1
55 6 1
56 7 0
57 7 0
58 7 0
59 6 1
60 6 1
61 6 1
62 6 1
63 6 1
64 6 1
65 6 1
66 7 0
67 7 0
68 6 1
69 6 0
70 5 1
71 5 1
72 6 0
73 5 1
74 5 1
75 6 0
76 6 0
77 5 1
78 5 1
79 6 0
80 5 0
81 5 0
82 4 1
83 4 1
84 4 1
85 5 0
86 4 1
87 3 1
88 3 1
89 4 0
90 3 1
91 3 1
92 4 0
93 3 1
94 4 0
95 2 1
96 2 1
97 2 1
98 2 1
99 2 1
100 2 1
101 2 1
102 3 0
103 2 1
##=========================================
##[Voxel Mapper]Iteration 800 keyframe id, used times, remaining times:
0 12 0
1 12 0
2 12 0
3 12 0
4 12 0
6 12 0
7 12 0
8 11 1
10 12 0
11 11 1
12 12 0
13 12 0
14 12 0
15 12 0
16 12 0
17 12 0
18 12 0
19 12 0
20 11 1
21 12 0
22 12 0
23 12 0
24 12 0
25 12 0
26 11 1
27 11 0
28 11 0
29 11 0
30 11 0
31 11 0
32 10 1
33 11 0
34 10 0
35 10 0
36 9 1
37 10 0
38 9 1
39 10 0
40 9 1
41 9 0
42 9 0
43 9 0
44 9 0
45 9 0
46 8 0
47 8 0
48 8 0
49 8 0
50 8 0
51 8 0
52 7 1
53 7 1
54 8 0
55 7 0
56 7 0
57 7 0
58 7 0
59 6 1
60 6 1
61 7 0
62 7 0
63 7 0
64 7 0
65 7 0
66 7 0
67 7 0
68 6 1
69 6 0
70 6 0
71 5 1
72 6 0
73 6 0
74 5 1
75 6 0
76 6 0
77 5 1
78 6 0
79 6 0
80 5 0
81 5 0
82 5 0
83 5 0
84 5 0
85 5 0
86 4 1
87 4 0
88 4 0
89 4 0
90 3 1
91 4 0
92 4 0
93 4 0
94 4 0
95 2 1
96 2 1
97 3 0
98 2 1
99 3 0
100 2 1
101 3 0
102 3 0
103 2 1
106 1 1
##=========================================
##[Voxel Mapper]Iteration 850 keyframe id, used times, remaining times:
0 12 1
1 12 1
2 13 0
3 12 1
4 13 0
6 12 1
7 12 1
8 12 1
10 12 1
11 12 1
12 12 1
13 12 1
14 12 1
15 12 1
16 12 1
17 13 0
18 12 1
19 12 1
20 12 1
21 12 1
22 12 1
23 12 1
24 12 1
25 13 0
26 12 1
27 11 1
28 11 1
29 11 1
30 12 0
31 11 1
32 11 1
33 11 1
34 10 1
35 10 1
36 10 1
37 11 0
38 10 1
39 10 1
40 10 1
41 10 0
42 9 1
43 10 0
44 10 0
45 9 1
46 8 1
47 8 1
48 8 1
49 8 1
50 8 1
51 9 0
52 8 1
53 8 1
54 8 1
55 7 1
56 7 1
57 7 1
58 7 1
59 7 1
60 7 1
61 7 1
62 7 1
63 7 1
64 8 0
65 8 0
66 8 0
67 7 1
68 7 1
69 6 1
70 6 1
71 6 1
72 7 0
73 6 1
74 6 1
75 6 1
76 6 1
77 6 1
78 6 1
79 6 1
80 5 1
81 5 1
82 5 1
83 6 0
84 6 0
85 5 1
86 5 1
87 4 1
88 4 1
89 4 1
90 4 1
91 4 1
92 4 1
93 4 1
94 4 1
95 3 1
96 3 1
97 3 1
98 3 1
99 4 0
100 3 1
101 3 1
102 3 1
103 3 1
104 2 1
105 2 1
106 2 1
107 2 1
108 3 0
##=========================================
##[Voxel Mapper]Iteration 50 keyframe id, used times, remaining times:
0 2 0
1 2 0
2 2 0
3 2 0
5 2 0
6 2 0
7 2 0
10 2 0
11 2 0
12 2 0
13 2 0
14 2 0
15 2 0
16 2 0
17 2 0
18 2 0
19 2 0
20 2 0
21 2 0
22 2 0
23 2 0
24 2 0
25 2 0
26 2 0
27 2 0
##=========================================
##[Voxel Mapper]Iteration 100 keyframe id, used times, remaining times:
0 3 1
1 3 1
2 4 0
3 4 0
5 4 0
6 4 0
7 3 1
10 4 0
11 3 1
12 4 0
13 3 1
14 3 1
15 4 0
16 3 1
17 4 0
18 3 1
19 3 1
20 4 0
21 3 1
22 3 1
23 3 1
24 3 1
25 3 1
26 3 1
27 3 1
28 2 1
29 2 1
30 3 0
31 2 1
32 3 0
33 3 0
35 1 1
##=========================================
##[Voxel Mapper]Iteration 150 keyframe id, used times, remaining times:
0 4 1
1 4 1
2 5 0
3 5 0
5 5 0
6 4 1
7 5 0
10 4 1
11 5 0
12 4 1
13 4 1
14 4 1
15 4 1
16 5 0
17 4 1
18 4 1
19 4 1
20 4 1
21 5 0
22 5 0
23 5 0
24 5 0
25 5 0
26 5 0
27 5 0
28 3 1
29 3 1
30 3 1
31 4 0
32 4 0
33 3 1
34 3 0
35 2 1
36 3 0
37 3 0
38 2 1
39 2 1
40 1 1
42 1 1
##=========================================
##[Voxel Mapper]Iteration 200 keyframe id, used times, remaining times:
0 5 1
1 5 1
2 6 0
3 5 1
5 6 0
6 6 0
7 5 1
10 5 1
11 5 1
12 6 0
13 6 0
14 5 1
15 5 1
16 6 0
17 6 0
18 5 1
19 6 0
20 6 0
21 6 0
22 5 1
23 6 0
24 5 1
25 5 1
26 6 0
27 5 1
28 5 0
29 5 0
30 5 0
31 4 1
32 4 1
33 5 0
34 3 1
35 3 1
36 3 1
37 4 0
38 3 1
39 4 0
40 2 1
41 3 0
42 2 1
43 2 1
44 3 0
45 3 0
##=========================================
##[Voxel Mapper]Iteration 250 keyframe id, used times, remaining times:
0 6 1
1 6 1
2 6 1
3 6 1
5 7 0
6 6 1
7 6 1
10 7 0
11 6 1
12 7 0
13 6 1
14 6 1
15 6 1
16 6 1
17 6 1
18 6 1
19 6 1
20 6 1
21 6 1
22 6 1
23 6 1
24 6 1
25 6 1
26 6 1
27 6 1
28 5 1
29 5 1
30 5 1
31 5 1
32 5 1
33 5 1
34 4 1
35 4 1
36 4 1
37 5 0
38 5 0
39 4 1
40 3 1
41 3 1
42 3 1
43 3 1
44 3 1
45 4 0
46 2 1
47 2 1
48 2 1
49 2 1
50 2 1
51 3 0
52 3 0
53 2 1
54 3 0
55 1 1
##=========================================
##[Voxel Mapper]Iteration 300 keyframe id, used times, remaining times:
0 7 0
1 7 0
2 7 0
3 7 0
5 7 0
6 7 0
7 7 0
10 7 0
11 7 0
12 7 0
13 7 0
14 7 0
15 7 0
16 7 0
17 7 0
18 7 0
19 7 0
20 6 1
21 7 0
22 7 0
23 7 0
24 7 0
25 7 0
26 7 0
27 6 1
28 6 0
29 6 0
30 6 0
31 6 0
32 6 0
33 6 0
34 5 0
35 5 0
36 5 0
37 5 0
38 5 0
39 5 0
40 4 0
41 4 0
42 4 0
43 4 0
44 3 1
45 4 0
46 3 0
47 3 0
48 3 0
49 3 0
50 3 0
51 3 0
52 3 0
53 3 0
54 3 0
55 2 0
56 2 0
57 2 0
58 2 0
59 2 0
60 1 1
##=========================================
##[Voxel Mapper]Iteration 350 keyframe id, used times, remaining times:
0 7 1
1 8 0
2 8 0
3 7 1
5 7 1
6 8 0
7 7 1
10 8 0
11 8 0
12 8 0
13 7 1
14 7 1
15 7 1
16 8 0
17 7 1
18 8 0
19 7 1
20 7 1
21 7 1
22 7 1
23 7 1
24 7 1
25 8 0
26 7 1
27 8 0
28 7 0
29 6 1
30 6 1
31 6 1
32 6 1
33 7 0
34 5 1
35 6 0
36 6 0
37 6 0
38 5 1
39 6 0
40 5 0
41 5 0
42 5 0
43 5 0
44 4 1
45 4 1
46 3 1
47 3 1
48 3 1
49 3 1
50 4 0
51 4 0
52 4 0
53 3 1
54 3 1
55 2 1
56 3 0
57 3 0
58 3 0
59 3 0
60 2 1
61 3 0
62 2 1
63 2 1
64 2 1
65 3 0
66 3 0
67 3 0
69 1 1
##=========================================
##[Voxel Mapper]Iteration 400 keyframe id, used times, remaining times:
0 8 0
1 8 0
2 8 0
3 8 0
5 8 0
6 8 0
7 8 0
10 8 0
11 8 0
12 8 0
13 8 0
14 8 0
15 8 0
16 8 0
17 8 0
18 8 0
19 8 0
20 8 0
21 8 0
22 8 0
23 8 0
24 8 0
25 8 0
26 8 0
27 8 0
28 7 0
29 7 0
30 7 0
31 7 0
32 7 0
33 7 0
34 6 0
35 6 0
36 6 0
37 6 0
38 6 0
39 6 0
40 5 0
41 5 0
42 5 0
43 5 0
44 5 0
45 5 0
46 4 0
47 4 0
48 4 0
49 4 0
50 4 0
51 4 0
52 4 0
53 4 0
54 4 0
55 3 0
56 3 0
57 3 0
58 3 0
59 3 0
60 3 0
61 3 0
62 3 0
63 3 0
64 3 0
65 3 0
66 3 0
67 3 0
68 2 0
69 2 0
70 2 0
71 2 0
72 2 0
73 2 0
74 2 0
75 1 1
76 1 1
77 1 1
##=========================================
##[Voxel Mapper]Iteration 450 keyframe id, used times, remaining times:
0 8 1
1 9 0
2 8 1
3 8 1
5 8 1
6 8 1
7 9 0
10 9 0
11 9 0
12 8 1
13 8 1
14 8 1
15 8 1
16 9 0
17 8 1
18 9 0
19 8 1
20 9 0
21 9 0
22 9 0
23 9 0
24 9 0
25 8 1
26 9 0
27 9 0
28 7 1
29 8 0
30 8 0
31 7 1
32 7 1
33 8 0
34 7 0
35 6 1
36 7 0
37 7 0
38 7 0
39 6 1
40 6 0
41 5 1
42 6 0
43 6 0
44 5 1
45 6 0
46 4 1
47 5 0
48 4 1
49 5 0
50 5 0
51 4 1
52 5 0
53 4 1
54 4 1
55 3 1
56 4 0
57 4 0
58 3 1
59 4 0
60 4 0
61 4 0
62 4 0
63 3 1
64 4 0
65 4 0
66 4 0
67 4 0
68 3 0
69 3 0
70 2 1
71 2 1
72 3 0
73 3 0
74 2 1
75 2 1
76 3 0
77 2 1
78 2 1
79 2 0
##=========================================
##[Voxel Mapper]Iteration 500 keyframe id, used times, remaining times:
0 9 1
1 9 1
2 9 1
3 9 1
5 9 1
6 9 1
7 9 1
10 9 1
11 9 1
12 9 1
13 9 1
14 9 1
15 9 1
16 9 1
17 9 1
18 9 1
19 9 1
20 9 1
21 9 1
22 9 1
23 9 1
24 9 1
25 9 1
26 9 1
27 9 1
28 8 1
29 8 1
30 8 1
31 8 1
32 8 1
33 8 1
34 7 1
35 7 1
36 7 1
37 7 1
38 7 1
39 7 1
40 7 0
41 6 1
42 6 1
43 6 1
44 6 1
45 6 1
46 5 1
47 5 1
48 6 0
49 5 1
50 5 1
51 5 1
52 5 1
53 5 1
54 5 1
55 4 1
56 4 1
57 4 1
58 4 1
59 4 1
60 4 1
61 4 1
62 4 1
63 4 1
64 4 1
65 4 1
66 4 1
67 4 1
68 4 0
69 3 1
70 3 1
71 3 1
72 3 1
73 3 1
74 4 0
75 3 1
76 4 0
77 3 1
78 3 1
79 2 1
80 2 1
81 2 1
82 2 1
83 2 1
84 3 0
85 1 1
##=========================================
##[Voxel Mapper]Iteration 550 keyframe id, used times, remaining times:
0 10 0
1 9 1
2 9 1
3 10 0
5 9 1
6 10 0
7 9 1
10 10 0
11 9 1
12 9 1
13 10 0
14 10 0
15 10 0
16 9 1
17 9 1
18 9 1
19 10 0
20 10 0
21 10 0
22 10 0
23 10 0
24 10 0
25 9 1
26 9 1
27 9 1
28 9 0
29 8 1
30 9 0
31 9 0
32 8 1
33 8 1
34 8 0
35 8 0
36 8 0
37 8 0
38 7 1
39 7 1
40 7 0
41 7 0
42 6 1
43 7 0
44 6 1
45 7 0
46 6 0
47 5 1
48 6 0
49 6 0
50 6 0
51 6 0
52 6 0
53 6 0
54 5 1
55 5 0
56 4 1
57 5 0
58 5 0
59 5 0
60 5 0
61 5 0
62 5 0
63 5 0
64 5 0
65 5 0
66 5 0
67 5 0
68 4 0
69 3 1
70 4 0
71 4 0
72 4 0
73 3 1
74 4 0
75 3 1
76 4 0
77 4 0
78 3 1
79 2 1
80 3 0
81 3 0
82 3 0
83 2 1
84 3 0
85 1 1
86 1 1
89 1 1
##=========================================
##[Voxel Mapper]Iteration 600 keyframe id, used times, remaining times:
0 10 1
1 10 1
2 10 1
3 10 1
5 11 0
6 10 1
7 10 1
10 10 1
11 11 0
12 10 1
13 10 1
14 10 1
15 10 1
16 10 1
17 10 1
18 10 1
19 10 1
20 10 1
21 11 0
22 10 1
23 10 1
24 10 1
25 10 1
26 10 1
27 10 1
28 9 1
29 9 1
30 9 1
31 9 1
32 9 1
33 9 1
34 8 1
35 8 1
36 8 1
37 8 1
38 8 1
39 8 1
40 7 1
41 7 1
42 7 1
43 7 1
44 7 1
45 7 1
46 6 1
47 6 1
48 6 1
49 6 1
50 6 1
51 6 1
52 7 0
53 6 1
54 6 1
55 5 1
56 5 1
57 5 1
58 5 1
59 5 1
60 6 0
61 6 0
62 5 1
63 5 1
64 5 1
65 5 1
66 5 1
67 5 1
68 4 1
69 4 1
70 4 1
71 4 1
72 4 1
73 4 1
74 4 1
75 4 1
76 4 1
77 4 1
78 4 1
79 3 1
80 3 1
81 3 1
82 3 1
83 3 1
84 3 1
85 2 1
86 2 1
87 2 1
88 2 1
89 2 1
90 2 1
91 2 1
92 2 1
93 3 0
##=========================================
##[Voxel Mapper]Iteration 650 keyframe id, used times, remaining times:
0 10 1
1 10 1
2 10 1
3 11 0
5 11 0
6 10 1
7 10 1
10 10 1
11 11 0
12 11 0
13 11 0
14 10 1
15 11 0
16 10 1
17 11 0
18 10 1
19 10 1
20 11 0
21 11 0
22 11 0
23 10 1
24 10 1
25 10 1
26 10 1
27 10 1
28 10 0
29 9 1
30 10 0
31 10 0
32 10 0
33 10 0
34 9 0
35 9 0
36 9 0
37 9 0
38 9 0
39 8 1
40 8 0
41 7 1
42 7 1
43 7 1
44 7 1
45 8 0
46 7 0
47 6 1
48 6 1
49 6 1
50 6 1
51 7 0
52 7 0
53 7 0
54 6 1
55 6 0
56 5 1
57 6 0
58 6 0
59 6 0
60 6 0
61 6 0
62 5 1
63 6 0
64 5 1
65 6 0
66 6 0
67 6 0
68 5 0
69 4 1
70 5 0
71 5 0
72 5 0
73 5 0
74 4 1
75 5 0
76 4 1
77 5 0
78 5 0
79 3 1
80 3 1
81 3 1
82 3 1
83 4 0
84 4 0
85 3 0
86 3 0
87 3 0
88 3 0
89 3 0
90 3 0
91 2 1
92 3 0
93 3 0
94 1 1
96 2 0
##=========================================
##[Voxel Mapper]Iteration 700 keyframe id, used times, remaining times:
0 11 0
1 11 0
2 11 0
3 11 0
5 11 0
6 11 0
7 11 0
10 11 0
11 11 0
12 11 0
13 11 0
14 11 0
15 11 0
16 11 0
17 11 0
18 11 0
19 11 0
20 11 0
21 11 0
22 11 0
23 11 0
24 11 0
25 11 0
26 11 0
27 11 0
28 10 0
29 10 0
30 10 0
31 10 0
32 10 0
33 10 0
34 9 0
35 9 0
36 9 0
37 9 0
38 9 0
39 9 0
40 8 0
41 8 0
42 8 0
43 8 0
44 8 0
45 8 0
46 7 0
47 7 0
48 7 0
49 7 0
50 7 0
51 7 0
52 7 0
53 7 0
54 7 0
55 6 0
56 6 0
57 6 0
58 6 0
59 6 0
60 6 0
61 6 0
62 6 0
63 6 0
64 6 0
65 6 0
66 6 0
67 6 0
68 5 0
69 5 0
70 5 0
71 5 0
72 5 0
73 5 0
74 5 0
75 5 0
76 5 0
77 5 0
78 5 0
79 4 0
80 4 0
81 4 0
82 4 0
83 4 0
84 4 0
85 3 0
86 3 0
87 3 0
88 3 0
89 3 0
90 3 0
91 3 0
92 3 0
93 3 0
94 2 0
95 1 1
96 2 0
97 2 0
98 2 0
99 2 0
100 2 0
101 2 0
102 1 1
##=========================================
##[Voxel Mapper]Iteration 750 keyframe id, used times, remaining times:
0 11 1
1 11 1
2 11 1
3 11 1
5 12 0
6 11 1
7 11 1
10 11 1
11 12 0
12 12 0
13 12 0
14 11 1
15 11 1
16 11 1
17 11 1
18 12 0
19 11 1
20 12 0
21 11 1
22 12 0
23 11 1
24 12 0
25 12 0
26 11 1
27 11 1
28 10 1
29 10 1
30 11 0
31 10 1
32 10 1
33 11 0
34 10 0
35 9 1
36 10 0
37 10 0
38 10 0
39 9 1
40 9 0
41 8 1
42 8 1
43 8 1
44 9 0
45 9 0
46 7 1
47 8 0
48 7 1
49 7 1
50 7 1
51 8 0
52 8 0
53 7 1
54 8 0
55 6 1
56 7 0
57 6 1
58 7 0
59 7 0
60 6 1
61 6 1
62 7 0
63 7 0
64 6 1
65 7 0
66 7 0
67 7 0
68 5 1
69 6 0
70 5 1
71 5 1
72 5 1
73 5 1
74 6 0
75 5 1
76 6 0
77 5 1
78 6 0
79 4 1
80 4 1
81 5 0
82 4 1
83 5 0
84 4 1
85 4 0
86 3 1
87 4 0
88 3 1
89 4 0
90 4 0
91 4 0
92 4 0
93 3 1
94 2 1
95 3 0
96 3 0
97 3 0
98 2 1
99 2 1
100 2 1
101 2 1
102 3 0
103 1 1
104 1 1
##=========================================
##[Voxel Mapper]Iteration 800 keyframe id, used times, remaining times:
0 12 0
1 12 0
2 12 0
3 12 0
5 12 0
6 12 0
7 12 0
10 12 0
11 12 0
12 12 0
13 12 0
14 12 0
15 12 0
16 12 0
17 12 0
18 12 0
19 12 0
20 12 0
21 12 0
22 12 0
23 11 1
24 12 0
25 12 0
26 12 0
27 12 0
28 11 0
29 11 0
30 11 0
31 11 0
32 11 0
33 11 0
34 10 0
35 10 0
36 10 0
37 10 0
38 10 0
39 10 0
40 9 0
41 8 1
42 9 0
43 9 0
44 9 0
45 9 0
46 8 0
47 8 0
48 7 1
49 7 1
50 8 0
51 8 0
52 8 0
53 8 0
54 8 0
55 7 0
56 7 0
57 7 0
58 7 0
59 7 0
60 7 0
61 7 0
62 7 0
63 7 0
64 7 0
65 7 0
66 7 0
67 7 0
68 6 0
69 6 0
70 6 0
71 6 0
72 5 1
73 6 0
74 6 0
75 6 0
76 6 0
77 6 0
78 6 0
79 4 1
80 4 1
81 5 0
82 5 0
83 5 0
84 4 1
85 4 0
86 4 0
87 4 0
88 4 0
89 4 0
90 4 0
91 4 0
92 4 0
93 4 0
94 3 0
95 3 0
96 3 0
97 3 0
98 3 0
99 3 0
100 3 0
101 3 0
102 3 0
103 1 1
104 2 0
105 2 0
106 1 1
##=========================================
##[Voxel Mapper]Iteration 850 keyframe id, used times, remaining times:
0 13 0
1 13 0
2 12 1
3 12 1
5 13 0
6 13 0
7 12 1
10 13 0
11 12 1
12 13 0
13 13 0
14 12 1
15 12 1
16 12 1
17 12 1
18 12 1
19 13 0
20 12 1
21 13 0
22 13 0
23 12 1
24 12 1
25 13 0
26 12 1
27 13 0
28 12 0
29 12 0
30 11 1
31 11 1
32 12 0
33 12 0
34 10 1
35 11 0
36 10 1
37 11 0
38 11 0
39 10 1
40 10 0
41 9 1
42 9 1
43 9 1
44 9 1
45 9 1
46 8 1
47 8 1
48 8 1
49 8 1
50 8 1
51 8 1
52 8 1
53 8 1
54 8 1
55 7 1
56 7 1
57 8 0
58 8 0
59 7 1
60 7 1
61 7 1
62 8 0
63 7 1
64 8 0
65 7 1
66 7 1
67 8 0
68 6 1
69 6 1
70 6 1
71 6 1
72 6 1
73 6 1
74 7 0
75 6 1
76 7 0
77 6 1
78 7 0
79 5 1
80 5 1
81 6 0
82 5 1
83 5 1
84 5 1
85 5 0
86 4 1
87 4 1
88 5 0
89 4 1
90 5 0
91 5 0
92 4 1
93 5 0
94 3 1
95 3 1
96 4 0
97 3 1
98 3 1
99 3 1
100 4 0
101 4 0
102 3 1
103 2 1
104 3 0
105 3 0
106 3 0
##=========================================
##[Voxel Mapper]Iteration 50 keyframe id, used times, remaining times:
0 2 0
1 2 0
2 2 0
3 2 0
4 2 0
6 2 0
7 2 0
10 2 0
11 2 0
12 2 0
13 2 0
14 2 0
15 2 0
16 2 0
17 2 0
18 2 0
19 2 0
20 2 0
21 2 0
22 2 0
23 2 0
24 2 0
25 2 0
26 1 1
27 2 0
28 1 1
##=========================================
##[Voxel Mapper]Iteration 100 keyframe id, used times, remaining times:
0 3 1
1 3 1
2 3 1
3 3 1
4 3 1
6 4 0
7 3 1
10 3 1
11 3 1
12 3 1
13 3 1
14 4 0
15 3 1
16 3 1
17 3 1
18 3 1
19 3 1
20 3 1
21 4 0
22 3 1
23 3 1
24 4 0
25 3 1
26 4 0
27 4 0
28 3 1
29 3 1
30 2 1
31 2 1
32 2 1
33 3 0
34 2 1
35 2 1
##=========================================
##[Voxel Mapper]Iteration 150 keyframe id, used times, remaining times:
0 4 1
1 5 0
2 4 1
3 5 0
4 4 1
6 5 0
7 5 0
10 4 1
11 4 1
12 4 1
13 5 0
14 4 1
15 4 1
16 4 1
17 5 0
18 5 0
19 4 1
20 4 1
21 4 1
22 4 1
23 4 1
24 4 1
25 4 1
26 4 1
27 4 1
28 5 0
29 5 0
30 3 1
31 3 1
32 3 1
33 3 1
34 3 1
35 3 1
36 2 1
37 2 1
38 2 1
39 3 0
40 2 1
41 2 1
42 2 1
##=========================================
##[Voxel Mapper]Iteration 200 keyframe id, used times, remaining times:
0 5 1
1 5 1
2 5 1
3 5 1
4 6 0
6 5 1
7 5 1
10 6 0
11 5 1
12 5 1
13 6 0
14 5 1
15 5 1
16 5 1
17 5 1
18 6 0
19 5 1
20 5 1
21 5 1
22 5 1
23 5 1
24 5 1
25 5 1
26 5 1
27 6 0
28 5 1
29 5 1
30 4 1
31 4 1
32 4 1
33 4 1
34 4 1
35 5 0
36 4 0
37 4 0
38 3 1
39 3 1
40 3 1
41 3 1
42 3 1
43 2 1
44 2 1
45 2 1
46 2 1
47 2 1
48 2 1
##=========================================
##[Voxel Mapper]Iteration 250 keyframe id, used times, remaining times:
0 6 0
1 6 0
2 6 0
3 6 0
4 6 0
6 6 0
7 6 0
10 6 0
11 6 0
12 6 0
13 6 0
14 6 0
15 6 0
16 6 0
17 6 0
18 6 0
19 6 0
20 6 0
21 6 0
22 6 0
23 6 0
24 6 0
25 6 0
26 6 0
27 6 0
28 6 0
29 6 0
30 5 0
31 5 0
32 5 0
33 5 0
34 5 0
35 5 0
36 4 0
37 4 0
38 4 0
39 4 0
40 4 0
41 4 0
42 4 0
43 3 0
44 3 0
45 3 0
46 3 0
47 3 0
48 3 0
49 2 0
50 2 0
51 2 0
53 2 0
54 1 1
55 1 1
56 1 1
57 1 1
##=========================================
##[Voxel Mapper]Iteration 300 keyframe id, used times, remaining times:
0 6 1
1 7 0
2 6 1
3 7 0
4 7 0
6 7 0
7 6 1
10 7 0
11 7 0
12 6 1
13 6 1
14 6 1
15 7 0
16 7 0
17 6 1
18 7 0
19 7 0
20 7 0
21 7 0
22 7 0
23 7 0
24 7 0
25 7 0
26 6 1
27 6 1
28 7 0
29 7 0
30 5 1
31 6 0
32 6 0
33 6 0
34 6 0
35 5 1
36 5 0
37 5 0
38 5 0
39 5 0
40 5 0
41 5 0
42 4 1
43 3 1
44 4 0
45 3 1
46 4 0
47 4 0
48 4 0
49 3 0
50 3 0
51 3 0
52 2 1
53 3 0
54 3 0
55 3 0
56 2 1
57 2 1
58 3 0
60 2 0
62 1 1
##=========================================
##[Voxel Mapper]Iteration 350 keyframe id, used times, remaining times:
0 7 1
1 7 1
2 7 1
3 7 1
4 7 1
6 7 1
7 7 1
10 7 1
11 7 1
12 7 1
13 7 1
14 7 1
15 7 1
16 7 1
17 7 1
18 7 1
19 8 0
20 8 0
21 7 1
22 7 1
23 7 1
24 7 1
25 7 1
26 7 1
27 7 1
28 7 1
29 7 1
30 7 0
31 6 1
32 7 0
33 6 1
34 6 1
35 6 1
36 5 1
37 5 1
38 6 0
39 5 1
40 5 1
41 5 1
42 5 1
43 4 1
44 4 1
45 4 1
46 4 1
47 4 1
48 4 1
49 3 1
50 4 0
51 3 1
52 3 1
53 3 1
54 4 0
55 3 1
56 4 0
57 3 1
58 3 1
59 2 1
60 2 1
61 2 1
62 2 1
63 2 1
64 2 1
65 2 1
66 2 1
67 2 1
68 2 1
69 2 1
70 2 1
71 2 1
72 2 1
##=========================================
##[Voxel Mapper]Iteration 400 keyframe id, used times, remaining times:
0 8 0
1 8 0
2 7 1
3 8 0
4 8 0
6 8 0
7 8 0
10 8 0
11 8 0
12 7 1
13 8 0
14 8 0
15 7 1
16 7 1
17 8 0
18 8 0
19 8 0
20 8 0
21 7 1
22 7 1
23 8 0
24 7 1
25 7 1
26 8 0
27 8 0
28 7 1
29 8 0
30 7 0
31 7 0
32 7 0
33 7 0
34 7 0
35 6 1
36 6 0
37 6 0
38 6 0
39 6 0
40 5 1
41 5 1
42 5 1
43 5 0
44 5 0
45 5 0
46 5 0
47 4 1
48 5 0
49 4 0
50 4 0
51 4 0
52 4 0
53 3 1
54 4 0
55 3 1
56 4 0
57 3 1
58 4 0
59 3 0
60 3 0
61 3 0
62 3 0
63 2 1
64 3 0
65 3 0
66 2 1
67 3 0
68 3 0
69 3 0
70 2 1
71 3 0
72 3 0
73 2 0
74 1 1
76 1 1
77 2 0
78 2 0
##=========================================
##[Voxel Mapper]Iteration 450 keyframe id, used times, remaining times:
0 8 1
1 9 0
2 8 1
3 8 1
4 8 1
6 8 1
7 8 1
10 9 0
11 8 1
12 8 1
13 8 1
14 9 0
15 8 1
16 8 1
17 8 1
18 9 0
19 8 1
20 9 0
21 8 1
22 8 1
23 8 1
24 9 0
25 8 1
26 8 1
27 8 1
28 8 1
29 8 1
30 7 1
31 7 1
32 7 1
33 7 1
34 7 1
35 7 1
36 7 0
37 7 0
38 6 1
39 6 1
40 6 1
41 6 1
42 6 1
43 5 1
44 5 1
45 5 1
46 5 1
47 5 1
48 5 1
49 4 1
50 4 1
51 4 1
52 5 0
53 5 0
54 4 1
55 4 1
56 4 1
57 4 1
58 4 1
59 3 1
60 3 1
61 3 1
62 3 1
63 3 1
64 3 1
65 4 0
66 4 0
67 4 0
68 3 1
69 3 1
70 3 1
71 3 1
72 3 1
73 2 1
74 3 0
75 2 1
76 3 0
77 2 1
78 2 1
79 3 0
80 3 0
81 2 1
82 2 1
83 1 1
##=========================================
##[Voxel Mapper]Iteration 500 keyframe id, used times, remaining times:
0 8 1
1 9 0
2 9 0
3 9 0
4 9 0
6 9 0
7 9 0
10 9 0
11 8 1
12 8 1
13 9 0
14 9 0
15 9 0
16 8 1
17 8 1
18 9 0
19 9 0
20 9 0
21 8 1
22 8 1
23 9 0
24 9 0
25 9 0
26 9 0
27 8 1
28 9 0
29 9 0
30 7 1
31 8 0
32 8 0
33 7 1
34 8 0
35 8 0
36 7 0
37 7 0
38 7 0
39 7 0
40 7 0
41 6 1
42 7 0
43 6 0
44 6 0
45 5 1
46 5 1
47 6 0
48 6 0
49 5 0
50 5 0
51 5 0
52 5 0
53 5 0
54 5 0
55 5 0
56 5 0
57 5 0
58 5 0
59 4 0
60 4 0
61 4 0
62 3 1
63 4 0
64 4 0
65 4 0
66 4 0
67 4 0
68 4 0
69 3 1
70 4 0
71 4 0
72 3 1
73 2 1
74 3 0
75 3 0
76 3 0
77 3 0
78 3 0
79 3 0
80 3 0
81 3 0
82 3 0
83 2 0
84 1 1
85 1 1
87 1 1
##=========================================
##[Voxel Mapper]Iteration 550 keyframe id, used times, remaining times:
0 9 1
1 10 0
2 9 1
3 9 1
4 9 1
6 9 1
7 9 1
10 9 1
11 10 0
12 9 1
13 10 0
14 9 1
15 9 1
16 9 1
17 9 1
18 9 1
19 9 1
20 10 0
21 9 1
22 10 0
23 9 1
24 10 0
25 9 1
26 9 1
27 10 0
28 9 1
29 9 1
30 8 1
31 8 1
32 8 1
33 8 1
34 8 1
35 8 1
36 7 1
37 7 1
38 7 1
39 8 0
40 8 0
41 8 0
42 7 1
43 6 1
44 6 1
45 6 1
46 6 1
47 6 1
48 7 0
49 6 0
50 6 0
51 6 0
52 5 1
53 6 0
54 6 0
55 5 1
56 5 1
57 5 1
58 6 0
59 4 1
60 4 1
61 5 0
62 4 1
63 5 0
64 4 1
65 4 1
66 4 1
67 4 1
68 4 1
69 4 1
70 4 1
71 4 1
72 4 1
73 4 0
74 3 1
75 3 1
76 3 1
77 3 1
78 3 1
79 3 1
80 3 1
81 3 1
82 3 1
83 2 1
84 2 1
85 3 0
86 3 0
87 2 1
88 3 0
89 2 1
91 1 1
##=========================================
##[Voxel Mapper]Iteration 600 keyframe id, used times, remaining times:
0 9 1
1 10 0
2 9 1
3 10 0
4 10 0
6 10 0
7 10 0
10 10 0
11 10 0
12 10 0
13 10 0
14 10 0
15 10 0
16 9 1
17 10 0
18 9 1
19 10 0
20 10 0
21 10 0
22 10 0
23 10 0
24 10 0
25 9 1
26 10 0
27 10 0
28 10 0
29 10 0
30 9 0
31 8 1
32 9 0
33 8 1
34 8 1
35 9 0
36 8 0
37 8 0
38 8 0
39 8 0
40 8 0
41 8 0
42 7 1
43 7 0
44 7 0
45 7 0
46 7 0
47 7 0
48 7 0
49 6 0
50 6 0
51 6 0
52 6 0
53 6 0
54 6 0
55 6 0
56 6 0
57 6 0
58 6 0
59 4 1
60 4 1
61 5 0
62 5 0
63 5 0
64 4 1
65 5 0
66 5 0
67 5 0
68 5 0
69 5 0
70 4 1
71 4 1
72 4 1
73 4 0
74 4 0
75 4 0
76 4 0
77 4 0
78 4 0
79 4 0
80 4 0
81 3 1
82 3 1
83 3 0
84 2 1
85 3 0
86 3 0
87 2 1
88 3 0
89 2 1
90 2 0
91 2 0
92 1 1
93 1 1
94 1 1
##=========================================
##[Voxel Mapper]Iteration 650 keyframe id, used times, remaining times:
0 11 0
1 10 1
2 10 1
3 11 0
4 10 1
6 10 1
7 11 0
10 10 1
11 10 1
12 10 1
13 10 1
14 10 1
15 10 1
16 10 1
17 10 1
18 10 1
19 11 0
20 11 0
21 10 1
22 10 1
23 10 1
24 10 1
25 10 1
26 10 1
27 10 1
28 10 1
29 10 1
30 9 1
31 9 1
32 9 1
33 9 1
34 9 1
35 9 1
36 8 1
37 8 1
38 8 1
39 8 1
40 8 1
41 8 1
42 9 0
43 7 1
44 8 0
45 7 1
46 8 0
47 7 1
48 7 1
49 6 1
50 6 1
51 7 0
52 6 1
53 6 1
54 6 1
55 6 1
56 7 0
57 6 1
58 6 1
59 5 1
60 5 1
61 5 1
62 5 1
63 6 0
64 5 1
65 5 1
66 5 1
67 6 0
68 5 1
69 5 1
70 6 0
71 6 0
72 5 1
73 4 1
74 4 1
75 4 1
76 4 1
77 4 1
78 4 1
79 4 1
80 4 1
81 4 1
82 4 1
83 4 0
84 4 0
85 3 1
86 4 0
87 3 1
88 4 0
89 3 1
90 2 1
91 2 1
92 2 1
93 2 1
94 2 1
95 2 1
96 3 0
97 2 1
98 2 1
##=========================================
##[Voxel Mapper]Iteration 700 keyframe id, used times, remaining times:
0 11 0
1 10 1
2 10 1
3 11 0
4 11 0
6 10 1
7 11 0
10 10 1
11 11 0
12 11 0
13 10 1
14 11 0
15 10 1
16 11 0
17 11 0
18 11 0
19 11 0
20 11 0
21 11 0
22 11 0
23 11 0
24 10 1
25 10 1
26 10 1
27 10 1
28 11 0
29 10 1
30 10 0
31 10 0
32 10 0
33 10 0
34 9 1
35 10 0
36 9 0
37 9 0
38 9 0
39 9 0
40 9 0
41 9 0
42 9 0
43 7 1
44 8 0
45 8 0
46 8 0
47 8 0
48 8 0
49 6 1
50 7 0
51 7 0
52 6 1
53 7 0
54 6 1
55 7 0
56 7 0
57 6 1
58 7 0
59 6 0
60 6 0
61 6 0
62 5 1
63 6 0
64 6 0
65 6 0
66 5 1
67 6 0
68 5 1
69 6 0
70 6 0
71 6 0
72 6 0
73 4 1
74 4 1
75 5 0
76 4 1
77 4 1
78 5 0
79 4 1
80 4 1
81 4 1
82 4 1
83 4 0
84 4 0
85 4 0
86 4 0
87 3 1
88 4 0
89 3 1
90 3 0
91 2 1
92 3 0
93 2 1
94 3 0
95 3 0
96 3 0
97 3 0
98 2 1
99 1 1
100 1 1
101 2 0
102 1 1
103 1 1
##=========================================
##[Voxel Mapper]Iteration 750 keyframe id, used times, remaining times:
0 11 0
1 11 0
2 11 0
3 11 0
4 11 0
6 11 0
7 11 0
10 11 0
11 11 0
12 11 0
13 11 0
14 11 0
15 11 0
16 11 0
17 11 0
18 11 0
19 11 0
20 11 0
21 11 0
22 11 0
23 11 0
24 11 0
25 11 0
26 11 0
27 11 0
28 11 0
29 11 0
30 10 0
31 10 0
32 10 0
33 10 0
34 10 0
35 10 0
36 9 0
37 9 0
38 9 0
39 9 0
40 9 0
41 9 0
42 9 0
43 8 0
44 8 0
45 8 0
46 8 0
47 8 0
48 8 0
49 7 0
50 7 0
51 7 0
52 7 0
53 7 0
54 7 0
55 7 0
56 7 0
57 7 0
58 7 0
59 6 0
60 6 0
61 6 0
62 6 0
63 6 0
64 6 0
65 6 0
66 6 0
67 6 0
68 6 0
69 6 0
70 6 0
71 6 0
72 6 0
73 5 0
74 5 0
75 5 0
76 5 0
77 5 0
78 5 0
79 5 0
80 5 0
81 5 0
82 5 0
83 4 0
84 4 0
85 4 0
86 4 0
87 4 0
88 4 0
89 4 0
90 3 0
91 3 0
92 3 0
93 3 0
94 3 0
95 3 0
96 3 0
97 3 0
98 3 0
99 2 0
100 2 0
101 2 0
102 2 0
103 2 0
104 2 0
105 2 0
106 2 0
107 2 0
108 2 0
109 2 0
110 1 1
##=========================================
##[Voxel Mapper]Iteration 800 keyframe id, used times, remaining times:
0 11 1
1 11 1
2 11 1
3 12 0
4 11 1
6 12 0
7 12 0
10 12 0
11 11 1
12 12 0
13 11 1
14 11 1
15 11 1
16 11 1
17 11 1
18 11 1
19 11 1
20 11 1
21 11 1
22 12 0
23 12 0
24 11 1
25 11 1
26 12 0
27 12 0
28 11 1
29 11 1
30 11 0
31 11 0
32 11 0
33 11 0
34 11 0
35 11 0
36 10 0
37 9 1
38 10 0
39 10 0
40 9 1
41 9 1
42 10 0
43 8 1
44 8 1
45 9 0
46 8 1
47 9 0
48 8 1
49 8 0
50 8 0
51 8 0
52 8 0
53 7 1
54 8 0
55 7 1
56 8 0
57 8 0
58 7 1
59 6 1
60 7 0
61 7 0
62 6 1
63 6 1
64 7 0
65 7 0
66 7 0
67 6 1
68 6 1
69 7 0
70 7 0
71 6 1
72 6 1
73 5 1
74 5 1
75 5 1
76 6 0
77 5 1
78 5 1
79 6 0
80 6 0
81 5 1
82 5 1
83 4 1
84 5 0
85 5 0
86 5 0
87 4 1
88 5 0
89 4 1
90 3 1
91 4 0
92 3 1
93 3 1
94 3 1
95 4 0
96 4 0
97 3 1
98 3 1
99 2 1
100 2 1
101 3 0
102 2 1
103 2 1
104 2 1
105 2 1
106 3 0
107 3 0
108 2 1
109 3 0
110 2 1
##=========================================
##[Voxel Mapper]Iteration 850 keyframe id, used times, remaining times:
0 12 0
1 12 0
2 12 0
3 12 0
4 12 0
6 12 0
7 12 0
10 12 0
11 12 0
12 12 0
13 12 0
14 12 0
15 12 0
16 11 1
17 12 0
18 12 0
19 12 0
20 12 0
21 12 0
22 12 0
23 12 0
24 12 0
25 12 0
26 12 0
27 12 0
28 12 0
29 12 0
30 11 0
31 11 0
32 11 0
33 11 0
34 11 0
35 11 0
36 10 0
37 10 0
38 10 0
39 10 0
40 10 0
41 10 0
42 10 0
43 9 0
44 9 0
45 9 0
46 9 0
47 9 0
48 9 0
49 8 0
50 8 0
51 8 0
52 8 0
53 8 0
54 8 0
55 7 1
56 8 0
57 8 0
58 8 0
59 7 0
60 7 0
61 7 0
62 6 1
63 7 0
64 7 0
65 7 0
66 7 0
67 7 0
68 7 0
69 7 0
70 7 0
71 6 1
72 6 1
73 6 0
74 6 0
75 6 0
76 6 0
77 6 0
78 5 1
79 6 0
80 6 0
81 5 1
82 6 0
83 5 0
84 5 0
85 5 0
86 5 0
87 5 0
88 5 0
89 4 1
90 3 1
91 4 0
92 4 0
93 4 0
94 3 1
95 4 0
96 4 0
97 4 0
98 4 0
99 3 0
100 3 0
101 3 0
102 2 1
103 3 0
104 3 0
105 3 0
106 3 0
107 3 0
108 3 0
109 3 0
110 3 0
111 1 1
112 1 1
##=========================================
##[Voxel Mapper]Iteration 50 keyframe id, used times, remaining times:
0 3 0
1 2 1
2 2 1
3 2 1
5 2 1
6 2 1
8 3 0
9 3 0
10 2 1
11 2 1
12 2 1
13 2 1
14 2 1
15 2 1
16 2 1
17 2 1
18 2 1
19 3 0
20 2 1
21 2 1
22 2 1
23 2 1
24 2 1
##=========================================
##[Voxel Mapper]Iteration 100 keyframe id, used times, remaining times:
0 4 0
1 4 0
2 4 0
3 3 1
5 4 0
6 3 1
8 3 1
9 3 1
10 4 0
11 3 1
12 3 1
13 4 0
14 4 0
15 4 0
16 3 1
17 3 1
18 3 1
19 4 0
20 3 1
21 4 0
22 4 0
23 3 1
24 4 0
25 2 1
26 3 0
27 2 1
28 3 0
29 3 0
30 3 0
31 3 0
##=========================================
##[Voxel Mapper]Iteration 150 keyframe id, used times, remaining times:
0 5 0
1 4 1
2 5 0
3 4 1
5 4 1
6 5 0
8 4 1
9 5 0
10 5 0
11 4 1
12 4 1
13 4 1
14 5 0
15 4 1
16 4 1
17 5 0
18 5 0
19 5 0
20 4 1
21 5 0
22 4 1
23 5 0
24 4 1
25 4 0
26 4 0
27 4 0
28 4 0
29 4 0
30 3 1
31 4 0
32 3 0
33 3 0
34 3 0
35 3 0
36 3 0
37 3 0
39 1 1
40 1 1
##=========================================
##[Voxel Mapper]Iteration 200 keyframe id, used times, remaining times:
0 5 1
1 6 0
2 6 0
3 5 1
5 6 0
6 5 1
8 6 0
9 6 0
10 6 0
11 6 0
12 6 0
13 6 0
14 6 0
15 5 1
16 6 0
17 6 0
18 5 1
19 6 0
20 6 0
21 6 0
22 6 0
23 6 0
24 5 1
25 5 0
26 4 1
27 5 0
28 5 0
29 4 1
30 4 1
31 4 1
32 4 0
33 3 1
34 4 0
35 3 1
36 3 1
37 4 0
38 3 0
39 2 1
40 2 1
41 2 1
42 2 1
43 3 0
44 1 1
45 1 1
##=========================================
##[Voxel Mapper]Iteration 250 keyframe id, used times, remaining times:
0 6 1
1 6 1
2 6 1
3 7 0
5 6 1
6 6 1
8 6 1
9 6 1
10 6 1
11 6 1
12 7 0
13 6 1
14 7 0
15 6 1
16 6 1
17 7 0
18 7 0
19 7 0
20 6 1
21 6 1
22 7 0
23 7 0
24 6 1
25 5 1
26 6 0
27 5 1
28 5 1
29 5 1
30 6 0
31 6 0
32 4 1
33 4 1
34 5 0
35 5 0
36 5 0
37 4 1
38 4 0
39 4 0
40 3 1
41 4 0
42 4 0
43 3 1
44 3 0
45 3 0
46 2 1
47 2 1
48 3 0
49 3 0
50 1 1
##=========================================
##[Voxel Mapper]Iteration 300 keyframe id, used times, remaining times:
0 7 1
1 7 1
2 7 1
3 7 1
5 7 1
6 7 1
8 7 1
9 7 1
10 7 1
11 7 1
12 8 0
13 7 1
14 7 1
15 7 1
16 7 1
17 7 1
18 8 0
19 8 0
20 7 1
21 7 1
22 7 1
23 7 1
24 7 1
25 6 1
26 6 1
27 6 1
28 6 1
29 6 1
30 6 1
31 6 1
32 5 1
33 5 1
34 5 1
35 5 1
36 5 1
37 5 1
38 4 1
39 4 1
40 4 1
41 4 1
42 4 1
43 5 0
44 3 1
45 3 1
46 3 1
47 4 0
48 3 1
49 3 1
50 2 1
51 2 1
52 2 1
53 2 1
54 2 1
55 2 1
56 2 1
57 2 1
58 2 1
59 2 1
##=========================================
##[Voxel Mapper]Iteration 350 keyframe id, used times, remaining times:
0 8 0
1 8 0
2 8 0
3 8 0
5 7 1
6 7 1
8 8 0
9 7 1
10 8 0
11 7 1
12 8 0
13 7 1
14 8 0
15 8 0
16 8 0
17 7 1
18 8 0
19 8 0
20 8 0
21 8 0
22 8 0
23 8 0
24 8 0
25 7 0
26 7 0
27 7 0
28 7 0
29 7 0
30 7 0
31 7 0
32 6 0
33 5 1
34 6 0
35 6 0
36 6 0
37 6 0
38 5 0
39 5 0
40 5 0
41 5 0
42 5 0
43 5 0
44 4 0
45 3 1
46 4 0
47 4 0
48 4 0
49 4 0
50 3 0
51 3 0
52 3 0
53 3 0
54 3 0
55 3 0
56 3 0
57 3 0
58 2 1
59 3 0
60 2 0
61 1 1
62 1 1
63 1 1
64 1 1
##=========================================
##[Voxel Mapper]Iteration 400 keyframe id, used times, remaining times:
0 9 0
1 9 0
2 8 1
3 8 1
5 9 0
6 8 1
8 9 0
9 9 0
10 9 0
11 9 0
12 8 1
13 9 0
14 9 0
15 9 0
16 9 0
17 8 1
18 8 1
19 9 0
20 8 1
21 8 1
22 8 1
23 9 0
24 8 1
25 7 1
26 7 1
27 7 1
28 8 0
29 7 1
30 7 1
31 7 1
32 6 1
33 6 1
34 6 1
35 7 0
36 7 0
37 6 1
38 6 0
39 5 1
40 5 1
41 6 0
42 5 1
43 5 1
44 5 0
45 4 1
46 4 1
47 4 1
48 4 1
49 4 1
50 4 0
51 4 0
52 4 0
53 3 1
54 4 0
55 3 1
56 3 1
57 4 0
58 3 1
59 4 0
60 2 1
61 3 0
62 2 1
63 2 1
64 2 1
65 2 1
66 2 1
67 2 1
68 2 1
69 3 0
##=========================================
##[Voxel Mapper]Iteration 450 keyframe id, used times, remaining times:
0 9 0
1 9 0
2 9 0
3 9 0
5 9 0
6 9 0
8 9 0
9 9 0
10 9 0
11 9 0
12 9 0
13 9 0
14 9 0
15 9 0
16 9 0
17 9 0
18 9 0
19 9 0
20 9 0
21 9 0
22 9 0
23 9 0
24 9 0
25 8 0
26 8 0
27 8 0
28 8 0
29 8 0
30 8 0
31 8 0
32 7 0
33 7 0
34 7 0
35 7 0
36 7 0
37 7 0
38 6 0
39 6 0
40 6 0
41 6 0
42 6 0
43 6 0
44 5 0
45 5 0
46 5 0
47 5 0
48 5 0
49 5 0
50 4 0
51 4 0
52 4 0
53 4 0
54 4 0
55 4 0
56 4 0
57 4 0
58 4 0
59 4 0
60 3 0
61 3 0
62 2 1
63 3 0
64 3 0
65 3 0
66 3 0
67 3 0
68 3 0
69 3 0
70 2 0
71 2 0
72 2 0
73 2 0
74 1 1
75 1 1
##=========================================
##[Voxel Mapper]Iteration 500 keyframe id, used times, remaining times:
0 9 1
1 9 1
2 10 0
3 10 0
5 10 0
6 9 1
8 9 1
9 9 1
10 10 0
11 10 0
12 10 0
13 9 1
14 9 1
15 9 1
16 10 0
17 9 1
18 9 1
19 9 1
20 10 0
21 9 1
22 10 0
23 10 0
24 9 1
25 9 0
26 9 0
27 9 0
28 9 0
29 9 0
30 9 0
31 9 0
32 8 0
33 7 1
34 8 0
35 7 1
36 8 0
37 8 0
38 7 0
39 6 1
40 6 1
41 6 1
42 6 1
43 7 0
44 6 0
45 6 0
46 5 1
47 6 0
48 6 0
49 6 0
50 5 0
51 5 0
52 4 1
53 5 0
54 4 1
55 5 0
56 4 1
57 5 0
58 5 0
59 4 1
60 4 0
61 4 0
62 3 1
63 4 0
64 4 0
65 4 0
66 4 0
67 3 1
68 4 0
69 4 0
70 3 0
71 2 1
72 2 1
73 2 1
74 3 0
75 2 1
76 3 0
##=========================================
##[Voxel Mapper]Iteration 550 keyframe id, used times, remaining times:
0 10 1
1 11 0
2 10 1
3 10 1
5 10 1
6 10 1
8 10 1
9 10 1
10 10 1
11 10 1
12 10 1
13 10 1
14 10 1
15 10 1
16 10 1
17 11 0
18 10 1
19 10 1
20 10 1
21 10 1
22 10 1
23 10 1
24 10 1
25 10 0
26 9 1
27 9 1
28 9 1
29 9 1
30 9 1
31 9 1
32 8 1
33 8 1
34 8 1
35 8 1
36 8 1
37 8 1
38 7 1
39 7 1
40 7 1
41 7 1
42 7 1
43 7 1
44 6 1
45 6 1
46 6 1
47 6 1
48 6 1
49 6 1
50 5 1
51 5 1
52 5 1
53 5 1
54 5 1
55 5 1
56 5 1
57 6 0
58 5 1
59 5 1
60 4 1
61 4 1
62 4 1
63 4 1
64 4 1
65 5 0
66 5 0
67 4 1
68 4 1
69 4 1
70 3 1
71 3 1
72 3 1
73 3 1
74 3 1
75 3 1
76 3 1
77 3 0
78 2 1
79 2 1
80 2 1
81 3 0
82 2 1
##=========================================
##[Voxel Mapper]Iteration 600 keyframe id, used times, remaining times:
0 11 0
1 11 0
2 11 0
3 11 0
5 11 0
6 11 0
8 11 0
9 10 1
10 11 0
11 10 1
12 11 0
13 11 0
14 11 0
15 10 1
16 11 0
17 11 0
18 11 0
19 11 0
20 11 0
21 11 0
22 10 1
23 11 0
24 11 0
25 10 0
26 10 0
27 9 1
28 10 0
29 9 1
30 10 0
31 9 1
32 9 0
33 8 1
34 8 1
35 9 0
36 9 0
37 9 0
38 8 0
39 8 0
40 7 1
41 8 0
42 8 0
43 8 0
44 6 1
45 7 0
46 6 1
47 7 0
48 6 1
49 6 1
50 5 1
51 5 1
52 5 1
53 6 0
54 5 1
55 5 1
56 6 0
57 6 0
58 5 1
59 6 0
60 5 0
61 5 0
62 5 0
63 5 0
64 5 0
65 5 0
66 5 0
67 5 0
68 4 1
69 5 0
70 4 0
71 4 0
72 3 1
73 3 1
74 3 1
75 3 1
76 4 0
77 3 0
78 3 0
79 3 0
80 3 0
81 3 0
82 3 0
84 1 1
85 1 1
##=========================================
##[Voxel Mapper]Iteration 650 keyframe id, used times, remaining times:
0 11 1
1 11 1
2 11 1
3 11 1
5 11 1
6 11 1
8 11 1
9 11 1
10 11 1
11 11 1
12 11 1
13 11 1
14 11 1
15 11 1
16 11 1
17 11 1
18 11 1
19 11 1
20 11 1
21 11 1
22 12 0
23 12 0
24 11 1
25 10 1
26 10 1
27 10 1
28 10 1
29 10 1
30 11 0
31 10 1
32 10 0
33 9 1
34 9 1
35 10 0
36 9 1
37 9 1
38 8 1
39 8 1
40 8 1
41 8 1
42 8 1
43 8 1
44 7 1
45 7 1
46 7 1
47 7 1
48 7 1
49 7 1
50 6 1
51 6 1
52 6 1
53 6 1
54 6 1
55 6 1
56 6 1
57 6 1
58 6 1
59 7 0
60 5 1
61 5 1
62 5 1
63 5 1
64 6 0
65 5 1
66 5 1
67 5 1
68 5 1
69 5 1
70 5 0
71 4 1
72 4 1
73 4 1
74 4 1
75 4 1
76 5 0
77 3 1
78 3 1
79 3 1
80 3 1
81 4 0
82 4 0
83 2 1
84 2 1
85 3 0
86 2 1
87 2 1
88 2 1
89 3 0
##=========================================
##[Voxel Mapper]Iteration 700 keyframe id, used times, remaining times:
0 11 1
1 11 1
2 12 0
3 11 1
5 11 1
6 12 0
8 11 1
9 11 1
10 12 0
11 12 0
12 12 0
13 12 0
14 12 0
15 12 0
16 12 0
17 12 0
18 11 1
19 12 0
20 12 0
21 11 1
22 12 0
23 12 0
24 12 0
25 10 1
26 11 0
27 10 1
28 11 0
29 11 0
30 11 0
31 11 0
32 10 0
33 10 0
34 9 1
35 10 0
36 10 0
37 10 0
38 8 1
39 9 0
40 8 1
41 9 0
42 8 1
43 8 1
44 7 1
45 8 0
46 8 0
47 8 0
48 8 0
49 8 0
50 7 0
51 7 0
52 7 0
53 6 1
54 7 0
55 7 0
56 6 1
57 7 0
58 6 1
59 7 0
60 5 1
61 5 1
62 6 0
63 6 0
64 6 0
65 5 1
66 5 1
67 6 0
68 6 0
69 6 0
70 5 0
71 5 0
72 5 0
73 5 0
74 5 0
75 5 0
76 5 0
77 3 1
78 3 1
79 3 1
80 4 0
81 4 0
82 4 0
83 3 0
84 3 0
85 3 0
86 3 0
87 2 1
88 3 0
89 3 0
90 2 0
##=========================================
##[Voxel Mapper]Iteration 750 keyframe id, used times, remaining times:
0 12 1
1 12 1
2 12 1
3 12 1
5 12 1
6 12 1
8 13 0
9 13 0
10 12 1
11 13 0
12 12 1
13 12 1
14 13 0
15 13 0
16 12 1
17 12 1
18 12 1
19 12 1
20 13 0
21 12 1
22 12 1
23 12 1
24 12 1
25 11 1
26 11 1
27 11 1
28 12 0
29 11 1
30 11 1
31 11 1
32 10 1
33 10 1
34 10 1
35 10 1
36 10 1
37 10 1
38 9 1
39 9 1
40 9 1
41 9 1
42 9 1
43 9 1
44 8 1
45 8 1
46 8 1
47 8 1
48 8 1
49 8 1
50 7 1
51 7 1
52 7 1
53 7 1
54 7 1
55 7 1
56 7 1
57 7 1
58 7 1
59 7 1
60 6 1
61 6 1
62 7 0
63 6 1
64 6 1
65 7 0
66 7 0
67 6 1
68 6 1
69 6 1
70 6 0
71 5 1
72 5 1
73 5 1
74 5 1
75 5 1
76 5 1
77 4 1
78 4 1
79 4 1
80 4 1
81 4 1
82 4 1
83 3 1
84 3 1
85 3 1
86 3 1
87 3 1
88 3 1
89 4 0
90 2 1
91 2 1
92 2 1
93 2 1
94 2 1
95 3 0
##=========================================
##[Voxel Mapper]Iteration 800 keyframe id, used times, remaining times:
0 13 0
1 12 1
2 12 1
3 13 0
5 13 0
6 12 1
8 13 0
9 13 0
10 12 1
11 13 0
12 13 0
13 13 0
14 13 0
15 13 0
16 13 0
17 13 0
18 13 0
19 12 1
20 13 0
21 13 0
22 13 0
23 13 0
24 12 1
25 11 1
26 11 1
27 12 0
28 12 0
29 12 0
30 12 0
31 11 1
32 11 0
33 11 0
34 10 1
35 10 1
36 10 1
37 10 1
38 10 0
39 10 0
40 10 0
41 10 0
42 10 0
43 10 0
44 9 0
45 9 0
46 8 1
47 9 0
48 9 0
49 8 1
50 8 0
51 8 0
52 7 1
53 8 0
54 7 1
55 8 0
56 8 0
57 7 1
58 7 1
59 7 1
60 7 0
61 7 0
62 7 0
63 7 0
64 7 0
65 7 0
66 7 0
67 7 0
68 7 0
69 7 0
70 6 0
71 6 0
72 5 1
73 6 0
74 6 0
75 6 0
76 6 0
77 4 1
78 4 1
79 4 1
80 5 0
81 4 1
82 4 1
83 3 1
84 4 0
85 3 1
86 4 0
87 4 0
88 4 0
89 4 0
90 2 1
91 3 0
92 2 1
93 3 0
94 2 1
95 3 0
##=========================================
##[Voxel Mapper]Iteration 850 keyframe id, used times, remaining times:
0 13 1
1 14 0
2 13 1
3 13 1
5 13 1
6 13 1
8 14 0
9 14 0
10 13 1
11 14 0
12 13 1
13 13 1
14 14 0
15 14 0
16 13 1
17 13 1
18 13 1
19 13 1
20 14 0
21 13 1
22 13 1
23 13 1
24 13 1
25 12 1
26 12 1
27 12 1
28 13 0
29 12 1
30 12 1
31 12 1
32 11 1
33 11 1
34 11 1
35 11 1
36 11 1
37 11 1
38 10 1
39 10 1
40 11 0
41 10 1
42 10 1
43 10 1
44 9 1
45 9 1
46 9 1
47 9 1
48 9 1
49 9 1
50 9 0
51 8 1
52 8 1
53 8 1
54 8 1
55 9 0
56 8 1
57 8 1
58 8 1
59 8 1
60 7 1
61 7 1
62 8 0
63 7 1
64 7 1
65 8 0
66 8 0
67 8 0
68 7 1
69 7 1
70 7 0
71 6 1
72 6 1
73 6 1
74 6 1
75 7 0
76 6 1
77 5 1
78 5 1
79 5 1
80 5 1
81 5 1
82 5 1
83 4 1
84 4 1
85 4 1
86 4 1
87 4 1
88 4 1
89 5 0
90 3 1
91 3 1
92 3 1
93 3 1
94 3 1
95 4 0
##=========================================
##[Voxel Mapper]Iteration 50 keyframe id, used times, remaining times:
0 2 1
1 2 1
2 2 1
3 2 1
4 2 1
6 2 1
8 2 1
10 2 1
11 2 1
12 2 1
13 2 1
14 2 1
15 2 1
16 2 1
17 2 1
18 2 1
19 2 1
20 3 0
21 2 1
22 2 1
23 2 1
24 2 1
25 2 1
26 3 0
##=========================================
##[Voxel Mapper]Iteration 100 keyframe id, used times, remaining times:
0 4 0
1 3 1
2 3 1
3 4 0
4 3 1
6 4 0
8 4 0
10 4 0
11 4 0
12 4 0
13 3 1
14 4 0
15 4 0
16 3 1
17 3 1
18 3 1
19 3 1
20 4 0
21 3 1
22 4 0
23 3 1
24 3 1
25 3 1
26 3 1
27 2 1
28 3 0
29 3 0
30 3 0
31 3 0
32 3 0
##=========================================
##[Voxel Mapper]Iteration 150 keyframe id, used times, remaining times:
0 5 0
1 5 0
2 5 0
3 5 0
4 5 0
6 5 0
8 5 0
10 5 0
11 4 1
12 5 0
13 5 0
14 5 0
15 5 0
16 5 0
17 5 0
18 5 0
19 4 1
20 4 1
21 5 0
22 4 1
23 5 0
24 4 1
25 4 1
26 4 1
27 4 0
28 3 1
29 4 0
30 3 1
31 4 0
32 4 0
33 2 1
34 2 1
35 3 0
36 2 1
37 3 0
38 3 0
##=========================================
##[Voxel Mapper]Iteration 200 keyframe id, used times, remaining times:
0 6 0
1 6 0
2 5 1
3 6 0
4 6 0
6 6 0
8 6 0
10 6 0
11 5 1
12 6 0
13 6 0
14 6 0
15 5 1
16 6 0
17 6 0
18 6 0
19 5 1
20 5 1
21 5 1
22 5 1
23 5 1
24 5 1
25 6 0
26 5 1
27 4 1
28 4 1
29 4 1
30 5 0
31 4 1
32 5 0
33 4 0
34 3 1
35 4 0
36 3 1
37 4 0
38 4 0
39 3 0
40 3 0
41 3 0
42 3 0
43 3 0
44 2 0
45 1 1
##=========================================
##[Voxel Mapper]Iteration 250 keyframe id, used times, remaining times:
0 7 0
1 6 1
2 6 1
3 6 1
4 6 1
6 6 1
8 6 1
10 7 0
11 6 1
12 7 0
13 7 0
14 6 1
15 7 0
16 7 0
17 6 1
18 7 0
19 7 0
20 6 1
21 6 1
22 6 1
23 7 0
24 7 0
25 7 0
26 7 0
27 5 1
28 5 1
29 6 0
30 5 1
31 5 1
32 6 0
33 4 1
34 4 1
35 4 1
36 4 1
37 5 0
38 5 0
39 4 0
40 3 1
41 3 1
42 4 0
43 3 1
44 2 1
45 3 0
46 3 0
47 3 0
48 3 0
49 2 1
50 3 0
##=========================================
##[Voxel Mapper]Iteration 300 keyframe id, used times, remaining times:
0 7 1
1 7 1
2 7 1
3 7 1
4 7 1
6 7 1
8 7 1
10 7 1
11 7 1
12 7 1
13 7 1
14 7 1
15 7 1
16 7 1
17 7 1
18 7 1
19 7 1
20 8 0
21 7 1
22 7 1
23 8 0
24 7 1
25 7 1
26 7 1
27 6 1
28 7 0
29 6 1
30 6 1
31 7 0
32 6 1
33 5 1
34 5 1
35 5 1
36 5 1
37 5 1
38 5 1
39 4 1
40 4 1
41 4 1
42 5 0
43 4 1
44 3 1
45 3 1
46 3 1
47 3 1
48 3 1
49 3 1
50 4 0
51 3 0
52 3 0
53 3 0
54 2 1
55 2 1
56 2 1
57 2 1
58 2 1
##=========================================
##[Voxel Mapper]Iteration 350 keyframe id, used times, remaining times:
0 8 0
1 8 0
2 8 0
3 8 0
4 8 0
6 8 0
8 8 0
10 8 0
11 7 1
12 8 0
13 7 1
14 8 0
15 8 0
16 8 0
17 8 0
18 8 0
19 8 0
20 8 0
21 8 0
22 7 1
23 8 0
24 8 0
25 8 0
26 8 0
27 7 0
28 7 0
29 7 0
30 7 0
31 7 0
32 6 1
33 6 0
34 6 0
35 6 0
36 6 0
37 6 0
38 5 1
39 5 0
40 5 0
41 5 0
42 5 0
43 5 0
44 3 1
45 4 0
46 4 0
47 4 0
48 4 0
49 4 0
50 4 0
51 3 0
52 3 0
53 3 0
54 3 0
55 3 0
56 2 1
57 3 0
58 3 0
59 2 0
60 2 0
61 1 1
62 2 0
64 1 1
65 1 1
66 1 1
##=========================================
##[Voxel Mapper]Iteration 400 keyframe id, used times, remaining times:
0 9 0
1 9 0
2 8 1
3 9 0
4 9 0
6 9 0
8 9 0
10 9 0
11 9 0
12 9 0
13 8 1
14 8 1
15 8 1
16 8 1
17 8 1
18 9 0
19 8 1
20 8 1
21 9 0
22 9 0
23 8 1
24 8 1
25 9 0
26 9 0
27 8 0
28 7 1
29 8 0
30 7 1
31 8 0
32 7 1
33 6 1
34 7 0
35 6 1
36 6 1
37 7 0
38 6 1
39 6 0
40 6 0
41 5 1
42 5 1
43 5 1
44 5 0
45 4 1
46 4 1
47 4 1
48 4 1
49 4 1
50 4 1
51 3 1
52 3 1
53 4 0
54 4 0
55 3 1
56 4 0
57 3 1
58 3 1
59 2 1
60 2 1
61 3 0
62 2 1
63 2 1
64 3 0
65 2 1
66 2 1
67 3 0
68 3 0
69 3 0
70 1 1
##=========================================
##[Voxel Mapper]Iteration 450 keyframe id, used times, remaining times:
0 9 1
1 9 1
2 9 1
3 9 1
4 9 1
6 9 1
8 9 1
10 9 1
11 9 1
12 9 1
13 9 1
14 9 1
15 9 1
16 9 1
17 9 1
18 9 1
19 9 1
20 9 1
21 9 1
22 9 1
23 9 1
24 9 1
25 9 1
26 9 1
27 8 1
28 8 1
29 8 1
30 8 1
31 8 1
32 8 1
33 7 1
34 7 1
35 7 1
36 7 1
37 7 1
38 7 1
39 6 1
40 6 1
41 6 1
42 6 1
43 6 1
44 5 1
45 5 1
46 5 1
47 5 1
48 5 1
49 5 1
50 5 1
51 4 1
52 4 1
53 4 1
54 4 1
55 4 1
56 4 1
57 4 1
58 4 1
59 3 1
60 3 1
61 3 1
62 3 1
63 3 1
64 3 1
65 3 1
66 3 1
67 3 1
68 3 1
69 3 1
70 2 1
71 2 1
72 2 1
73 2 1
74 3 0
75 3 0
##=========================================
##[Voxel Mapper]Iteration 500 keyframe id, used times, remaining times:
0 10 0
1 10 0
2 10 0
3 10 0
4 10 0
6 10 0
8 9 1
10 10 0
11 10 0
12 9 1
13 10 0
14 9 1
15 10 0
16 10 0
17 10 0
18 10 0
19 10 0
20 9 1
21 10 0
22 10 0
23 9 1
24 9 1
25 10 0
26 9 1
27 9 0
28 9 0
29 9 0
30 9 0
31 8 1
32 8 1
33 8 0
34 8 0
35 8 0
36 7 1
37 8 0
38 8 0
39 6 1
40 7 0
41 6 1
42 7 0
43 7 0
44 6 0
45 6 0
46 6 0
47 6 0
48 5 1
49 6 0
50 6 0
51 5 0
52 4 1
53 4 1
54 5 0
55 5 0
56 5 0
57 5 0
58 5 0
59 3 1
60 3 1
61 3 1
62 4 0
63 3 1
64 4 0
65 3 1
66 4 0
67 4 0
68 3 1
69 4 0
70 3 0
71 2 1
72 2 1
73 3 0
74 3 0
75 3 0
76 1 1
78 1 1
##=========================================
##[Voxel Mapper]Iteration 550 keyframe id, used times, remaining times:
0 10 1
1 11 0
2 10 1
3 10 1
4 11 0
6 10 1
8 10 1
10 11 0
11 10 1
12 10 1
13 11 0
14 10 1
15 10 1
16 10 1
17 10 1
18 10 1
19 10 1
20 11 0
21 10 1
22 10 1
23 10 1
24 11 0
25 10 1
26 10 1
27 9 1
28 9 1
29 9 1
30 10 0
31 9 1
32 9 1
33 8 1
34 8 1
35 8 1
36 9 0
37 8 1
38 9 0
39 8 0
40 7 1
41 7 1
42 7 1
43 7 1
44 6 1
45 6 1
46 6 1
47 7 0
48 6 1
49 7 0
50 6 1
51 6 0
52 5 1
53 5 1
54 5 1
55 5 1
56 6 0
57 5 1
58 5 1
59 4 1
60 5 0
61 4 1
62 4 1
63 5 0
64 4 1
65 4 1
66 4 1
67 4 1
68 4 1
69 4 1
70 3 1
71 3 1
72 3 1
73 3 1
74 3 1
75 3 1
76 2 1
77 2 1
78 2 1
79 3 0
80 2 1
81 2 1
##=========================================
##[Voxel Mapper]Iteration 600 keyframe id, used times, remaining times:
0 11 0
1 11 0
2 11 0
3 11 0
4 11 0
6 11 0
8 11 0
10 11 0
11 11 0
12 10 1
13 11 0
14 11 0
15 10 1
16 11 0
17 10 1
18 10 1
19 11 0
20 11 0
21 11 0
22 11 0
23 11 0
24 11 0
25 11 0
26 10 1
27 10 0
28 10 0
29 10 0
30 10 0
31 10 0
32 10 0
33 9 0
34 9 0
35 8 1
36 9 0
37 8 1
38 9 0
39 8 0
40 7 1
41 8 0
42 7 1
43 7 1
44 6 1
45 7 0
46 7 0
47 7 0
48 7 0
49 7 0
50 7 0
51 6 0
52 6 0
53 5 1
54 6 0
55 5 1
56 6 0
57 6 0
58 6 0
59 4 1
60 5 0
61 5 0
62 5 0
63 5 0
64 5 0
65 5 0
66 5 0
67 5 0
68 5 0
69 5 0
70 4 0
71 4 0
72 3 1
73 4 0
74 4 0
75 3 1
76 3 0
77 3 0
78 3 0
79 3 0
80 3 0
81 3 0
82 2 0
83 1 1
84 1 1
##=========================================
##[Voxel Mapper]Iteration 650 keyframe id, used times, remaining times:
0 12 0
1 11 1
2 11 1
3 12 0
4 12 0
6 11 1
8 11 1
10 12 0
11 11 1
12 11 1
13 11 1
14 11 1
15 11 1
16 11 1
17 11 1
18 11 1
19 11 1
20 11 1
21 11 1
22 11 1
23 11 1
24 11 1
25 11 1
26 12 0
27 10 1
28 11 0
29 10 1
30 10 1
31 10 1
32 11 0
33 9 1
34 9 1
35 9 1
36 9 1
37 9 1
38 9 1
39 8 1
40 8 1
41 8 1
42 8 1
43 9 0
44 7 1
45 8 0
46 7 1
47 7 1
48 7 1
49 8 0
50 8 0
51 7 0
52 6 1
53 6 1
54 6 1
55 6 1
56 7 0
57 6 1
58 6 1
59 5 1
60 5 1
61 5 1
62 6 0
63 5 1
64 5 1
65 5 1
66 5 1
67 6 0
68 6 0
69 5 1
70 5 0
71 5 0
72 4 1
73 4 1
74 5 0
75 5 0
76 3 1
77 3 1
78 4 0
79 3 1
80 3 1
81 3 1
82 2 1
83 3 0
84 2 1
85 3 0
86 2 1
87 2 1
88 3 0
##=========================================
##[Voxel Mapper]Iteration 700 keyframe id, used times, remaining times:
0 12 0
1 11 1
2 11 1
3 12 0
4 12 0
6 12 0
8 11 1
10 12 0
11 12 0
12 12 0
13 11 1
14 12 0
15 11 1
16 12 0
17 12 0
18 12 0
19 11 1
20 12 0
21 12 0
22 12 0
23 12 0
24 12 0
25 12 0
26 12 0
27 11 0
28 11 0
29 10 1
30 10 1
31 11 0
32 11 0
33 10 0
34 9 1
35 10 0
36 10 0
37 10 0
38 9 1
39 9 0
40 9 0
41 8 1
42 9 0
43 9 0
44 7 1
45 8 0
46 8 0
47 7 1
48 8 0
49 8 0
50 8 0
51 7 0
52 7 0
53 7 0
54 7 0
55 7 0
56 7 0
57 7 0
58 7 0
59 5 1
60 6 0
61 6 0
62 6 0
63 6 0
64 6 0
65 6 0
66 6 0
67 6 0
68 6 0
69 5 1
70 5 0
71 5 0
72 5 0
73 4 1
74 5 0
75 5 0
76 4 0
77 4 0
78 4 0
79 4 0
80 4 0
81 4 0
82 3 0
83 3 0
84 3 0
85 3 0
86 3 0
87 2 1
88 3 0
90 1 1
91 1 1
92 1 1
93 1 1
94 1 1
##=========================================
##[Voxel Mapper]Iteration 750 keyframe id, used times, remaining times:
0 12 1
1 12 1
2 12 1
3 12 1
4 12 1
6 12 1
8 12 1
10 13 0
11 12 1
12 12 1
13 12 1
14 12 1
15 12 1
16 12 1
17 12 1
18 12 1
19 12 1
20 12 1
21 12 1
22 12 1
23 12 1
24 13 0
25 12 1
26 12 1
27 11 1
28 11 1
29 11 1
30 11 1
31 11 1
32 11 1
33 11 0
34 11 0
35 10 1
36 10 1
37 11 0
38 10 1
39 9 1
40 9 1
41 9 1
42 9 1
43 9 1
44 8 1
45 8 1
46 9 0
47 8 1
48 8 1
49 8 1
50 8 1
51 8 0
52 7 1
53 7 1
54 7 1
55 7 1
56 7 1
57 8 0
58 7 1
59 6 1
60 7 0
61 6 1
62 6 1
63 6 1
64 7 0
65 6 1
66 7 0
67 6 1
68 6 1
69 6 1
70 5 1
71 6 0
72 6 0
73 5 1
74 5 1
75 5 1
76 4 1
77 4 1
78 5 0
79 5 0
80 4 1
81 4 1
82 3 1
83 3 1
84 4 0
85 4 0
86 3 1
87 3 1
88 3 1
89 2 1
90 2 1
91 2 1
92 2 1
93 2 1
94 2 1
95 2 1
96 3 0
97 2 1
98 2 1
##=========================================
##[Voxel Mapper]Iteration 800 keyframe id, used times, remaining times:
0 13 0
1 12 1
2 13 0
3 13 0
4 12 1
6 13 0
8 13 0
10 13 0
11 13 0
12 12 1
13 13 0
14 13 0
15 12 1
16 12 1
17 12 1
18 12 1
19 13 0
20 13 0
21 13 0
22 13 0
23 13 0
24 13 0
25 13 0
26 13 0
27 12 0
28 12 0
29 12 0
30 12 0
31 12 0
32 12 0
33 11 0
34 11 0
35 10 1
36 11 0
37 11 0
38 11 0
39 10 0
40 10 0
41 10 0
42 9 1
43 9 1
44 8 1
45 8 1
46 9 0
47 9 0
48 9 0
49 8 1
50 9 0
51 8 0
52 8 0
53 8 0
54 7 1
55 8 0
56 8 0
57 8 0
58 7 1
59 7 0
60 7 0
61 6 1
62 7 0
63 7 0
64 7 0
65 7 0
66 7 0
67 7 0
68 7 0
69 7 0
70 5 1
71 6 0
72 6 0
73 6 0
74 6 0
75 6 0
76 5 0
77 4 1
78 5 0
79 5 0
80 4 1
81 4 1
82 4 0
83 4 0
84 4 0
85 4 0
86 3 1
87 4 0
88 4 0
89 2 1
90 2 1
91 3 0
92 2 1
93 3 0
94 2 1
95 2 1
96 3 0
97 2 1
98 2 1
##=========================================
##[Voxel Mapper]Iteration 850 keyframe id, used times, remaining times:
0 13 1
1 13 1
2 13 1
3 13 1
4 13 1
6 13 1
8 13 1
10 14 0
11 13 1
12 13 1
13 13 1
14 13 1
15 13 1
16 13 1
17 13 1
18 13 1
19 14 0
20 13 1
21 13 1
22 13 1
23 13 1
24 14 0
25 13 1
26 13 1
27 12 1
28 12 1
29 12 1
30 12 1
31 12 1
32 12 1
33 12 0
34 12 0
35 11 1
36 11 1
37 12 0
38 11 1
39 10 1
40 10 1
41 10 1
42 10 1
43 10 1
44 9 1
45 9 1
46 10 0
47 9 1
48 9 1
49 9 1
50 9 1
51 9 0
52 8 1
53 8 1
54 8 1
55 8 1
56 8 1
57 9 0
58 8 1
59 7 1
60 8 0
61 7 1
62 7 1
63 7 1
64 8 0
65 7 1
66 8 0
67 7 1
68 7 1
69 7 1
70 6 1
71 7 0
72 7 0
73 6 1
74 7 0
75 6 1
76 5 1
77 5 1
78 6 0
79 6 0
80 5 1
81 5 1
82 4 1
83 4 1
84 5 0
85 5 0
86 4 1
87 5 0
88 4 1
89 3 1
90 3 1
91 3 1
92 3 1
93 3 1
94 3 1
95 3 1
96 4 0
97 3 1
98 4 0
##=========================================
##[Voxel Mapper]Iteration 50 keyframe id, used times, remaining times:
0 2 1
1 2 1
2 3 0
3 2 1
4 2 1
5 2 1
7 2 1
8 2 1
9 2 1
10 2 1
11 2 1
12 2 1
13 2 1
14 2 1
15 2 1
16 2 1
17 2 1
18 2 1
19 2 1
20 2 1
21 2 1
22 2 1
23 2 1
24 3 0
##=========================================
##[Voxel Mapper]Iteration 100 keyframe id, used times, remaining times:
0 3 1
1 3 1
2 4 0
3 3 1
4 4 0
5 4 0
7 3 1
8 4 0
9 3 1
10 4 0
11 3 1
12 4 0
13 4 0
14 4 0
15 4 0
16 4 0
17 3 1
18 3 1
19 3 1
20 4 0
21 3 1
22 4 0
23 4 0
24 4 0
25 2 1
26 2 1
27 3 0
28 2 1
29 2 1
30 3 0
##=========================================
##[Voxel Mapper]Iteration 150 keyframe id, used times, remaining times:
0 5 0
1 4 1
2 5 0
3 4 1
4 4 1
5 4 1
7 4 1
8 4 1
9 5 0
10 4 1
11 4 1
12 5 0
13 4 1
14 5 0
15 5 0
16 4 1
17 5 0
18 5 0
19 5 0
20 5 0
21 5 0
22 5 0
23 5 0
24 5 0
25 3 1
26 4 0
27 4 0
28 4 0
29 4 0
30 4 0
31 3 0
32 3 0
33 3 0
34 2 1
35 3 0
36 2 1
37 1 1
##=========================================
##[Voxel Mapper]Iteration 200 keyframe id, used times, remaining times:
0 6 0
1 6 0
2 6 0
3 6 0
4 6 0
5 5 1
7 6 0
8 5 1
9 5 1
10 6 0
11 6 0
12 5 1
13 6 0
14 6 0
15 6 0
16 5 1
17 6 0
18 6 0
19 5 1
20 6 0
21 6 0
22 5 1
23 5 1
24 5 1
25 5 0
26 5 0
27 5 0
28 5 0
29 4 1
30 5 0
31 4 0
32 4 0
33 3 1
34 4 0
35 4 0
36 3 1
37 3 0
38 2 1
39 3 0
40 2 1
41 3 0
42 1 1
##=========================================
##[Voxel Mapper]Iteration 250 keyframe id, used times, remaining times:
0 6 1
1 7 0
2 6 1
3 6 1
4 7 0
5 6 1
7 6 1
8 6 1
9 7 0
10 6 1
11 6 1
12 7 0
13 7 0
14 6 1
15 7 0
16 6 1
17 6 1
18 7 0
19 6 1
20 7 0
21 7 0
22 7 0
23 6 1
24 7 0
25 6 0
26 5 1
27 5 1
28 5 1
29 6 0
30 6 0
31 4 1
32 5 0
33 5 0
34 5 0
35 4 1
36 5 0
37 4 0
38 4 0
39 4 0
40 4 0
41 3 1
42 3 0
43 2 1
44 2 1
45 3 0
46 2 1
47 3 0
##=========================================
##[Voxel Mapper]Iteration 300 keyframe id, used times, remaining times:
0 7 1
1 7 1
2 7 1
3 7 1
4 7 1
5 7 1
7 7 1
8 8 0
9 7 1
10 7 1
11 7 1
12 7 1
13 7 1
14 7 1
15 7 1
16 7 1
17 7 1
18 7 1
19 7 1
20 7 1
21 8 0
22 7 1
23 8 0
24 8 0
25 6 1
26 6 1
27 6 1
28 6 1
29 6 1
30 6 1
31 5 1
32 6 0
33 5 1
34 5 1
35 5 1
36 5 1
37 4 1
38 4 1
39 5 0
40 4 1
41 4 1
42 3 1
43 3 1
44 3 1
45 3 1
46 3 1
47 3 1
48 2 1
49 2 1
50 2 1
51 2 1
52 2 1
53 2 1
54 2 1
55 3 0
56 2 1
57 3 0
##=========================================
##[Voxel Mapper]Iteration 350 keyframe id, used times, remaining times:
0 8 0
1 8 0
2 7 1
3 8 0
4 8 0
5 8 0
7 8 0
8 8 0
9 8 0
10 8 0
11 8 0
12 8 0
13 8 0
14 8 0
15 8 0
16 8 0
17 8 0
18 7 1
19 8 0
20 7 1
21 8 0
22 8 0
23 8 0
24 8 0
25 7 0
26 7 0
27 7 0
28 7 0
29 7 0
30 7 0
31 6 0
32 6 0
33 6 0
34 6 0
35 6 0
36 6 0
37 5 0
38 5 0
39 5 0
40 5 0
41 5 0
42 4 0
43 4 0
44 4 0
45 3 1
46 3 1
47 3 1
48 3 0
49 3 0
50 3 0
51 3 0
52 2 1
53 3 0
54 3 0
55 3 0
56 3 0
57 3 0
59 2 0
60 2 0
62 2 0
64 2 0
##=========================================
##[Voxel Mapper]Iteration 400 keyframe id, used times, remaining times:
0 8 1
1 8 1
2 8 1
3 8 1
4 9 0
5 8 1
7 8 1
8 8 1
9 8 1
10 9 0
11 8 1
12 8 1
13 8 1
14 9 0
15 9 0
16 8 1
17 9 0
18 9 0
19 8 1
20 8 1
21 8 1
22 8 1
23 9 0
24 9 0
25 7 1
26 8 0
27 8 0
28 8 0
29 7 1
30 8 0
31 6 1
32 6 1
33 6 1
34 6 1
35 6 1
36 7 0
37 5 1
38 6 0
39 5 1
40 6 0
41 5 1
42 5 0
43 4 1
44 4 1
45 4 1
46 5 0
47 4 1
48 4 0
49 4 0
50 3 1
51 3 1
52 3 1
53 4 0
54 4 0
55 4 0
56 3 1
57 3 1
58 2 1
59 3 0
60 2 1
61 3 0
62 2 1
63 3 0
64 3 0
65 3 0
66 2 1
67 2 1
68 2 1
70 2 0
##=========================================
##[Voxel Mapper]Iteration 450 keyframe id, used times, remaining times:
0 9 0
1 9 0
2 9 0
3 9 0
4 9 0
5 9 0
7 9 0
8 9 0
9 9 0
10 9 0
11 9 0
12 9 0
13 9 0
14 9 0
15 9 0
16 9 0
17 9 0
18 9 0
19 9 0
20 9 0
21 9 0
22 9 0
23 9 0
24 9 0
25 8 0
26 8 0
27 8 0
28 8 0
29 8 0
30 8 0
31 7 0
32 7 0
33 7 0
34 7 0
35 7 0
36 7 0
37 6 0
38 6 0
39 6 0
40 6 0
41 6 0
42 5 0
43 5 0
44 5 0
45 5 0
46 5 0
47 5 0
48 4 0
49 4 0
50 4 0
51 4 0
52 4 0
53 4 0
54 4 0
55 4 0
56 4 0
57 4 0
58 3 0
59 3 0
60 3 0
61 3 0
62 3 0
63 3 0
64 3 0
65 3 0
66 3 0
67 3 0
68 3 0
69 2 0
70 2 0
71 2 0
72 2 0
73 2 0
74 1 1
##=========================================
##[Voxel Mapper]Iteration 500 keyframe id, used times, remaining times:
0 9 1
1 10 0
2 10 0
3 10 0
4 10 0
5 10 0
7 9 1
8 10 0
9 10 0
10 10 0
11 10 0
12 9 1
13 10 0
14 9 1
15 10 0
16 10 0
17 10 0
18 10 0
19 10 0
20 9 1
21 9 1
22 10 0
23 10 0
24 9 1
25 9 0
26 8 1
27 8 1
28 8 1
29 9 0
30 8 1
31 8 0
32 8 0
33 7 1
34 7 1
35 8 0
36 8 0
37 6 1
38 7 0
39 6 1
40 7 0
41 7 0
42 5 1
43 6 0
44 6 0
45 6 0
46 5 1
47 5 1
48 5 0
49 4 1
50 4 1
51 5 0
52 5 0
53 5 0
54 5 0
55 4 1
56 4 1
57 5 0
58 3 1
59 4 0
60 4 0
61 4 0
62 4 0
63 4 0
64 3 1
65 3 1
66 4 0
67 4 0
68 3 1
69 2 1
70 3 0
71 3 0
72 3 0
73 2 1
74 3 0
75 1 1
76 1 1
77 1 1
##=========================================
##[Voxel Mapper]Iteration 550 keyframe id, used times, remaining times:
0 11 0
1 10 1
2 11 0
3 11 0
4 10 1
5 10 1
7 10 1
8 10 1
9 10 1
10 10 1
11 10 1
12 10 1
13 10 1
14 10 1
15 10 1
16 10 1
17 11 0
18 10 1
19 10 1
20 10 1
21 10 1
22 10 1
23 10 1
24 10 1
25 9 1
26 9 1
27 9 1
28 10 0
29 10 0
30 9 1
31 8 1
32 8 1
33 9 0
34 9 0
35 8 1
36 8 1
37 7 1
38 7 1
39 7 1
40 7 1
41 7 1
42 6 1
43 6 1
44 6 1
45 6 1
46 6 1
47 6 1
48 5 1
49 5 1
50 5 1
51 6 0
52 5 1
53 5 1
54 5 1
55 5 1
56 6 0
57 5 1
58 4 1
59 4 1
60 4 1
61 4 1
62 4 1
63 4 1
64 5 0
65 4 1
66 4 1
67 4 1
68 4 1
69 3 1
70 3 1
71 3 1
72 3 1
73 3 1
74 3 1
75 2 1
76 2 1
77 2 1
78 2 1
79 2 1
80 2 1
81 2 1
##=========================================
##[Voxel Mapper]Iteration 600 keyframe id, used times, remaining times:
0 11 0
1 11 0
2 11 0
3 11 0
4 11 0
5 11 0
7 10 1
8 11 0
9 10 1
10 11 0
11 11 0
12 11 0
13 10 1
14 11 0
15 10 1
16 11 0
17 11 0
18 11 0
19 11 0
20 10 1
21 11 0
22 10 1
23 11 0
24 10 1
25 10 0
26 10 0
27 10 0
28 10 0
29 10 0
30 10 0
31 8 1
32 8 1
33 9 0
34 9 0
35 9 0
36 8 1
37 8 0
38 7 1
39 7 1
40 8 0
41 8 0
42 6 1
43 7 0
44 7 0
45 6 1
46 7 0
47 7 0
48 6 0
49 6 0
50 6 0
51 6 0
52 6 0
53 6 0
54 6 0
55 6 0
56 6 0
57 5 1
58 5 0
59 5 0
60 4 1
61 5 0
62 4 1
63 4 1
64 5 0
65 5 0
66 4 1
67 4 1
68 5 0
69 4 0
70 4 0
71 3 1
72 4 0
73 3 1
74 4 0
75 3 0
76 2 1
77 3 0
78 3 0
79 3 0
80 2 1
81 2 1
82 2 0
83 1 1
84 1 1
85 1 1
##=========================================
##[Voxel Mapper]Iteration 650 keyframe id, used times, remaining times:
0 11 1
1 11 1
2 12 0
3 11 1
4 11 1
5 12 0
7 11 1
8 11 1
9 11 1
10 11 1
11 11 1
12 11 1
13 11 1
14 11 1
15 11 1
16 11 1
17 11 1
18 11 1
19 11 1
20 11 1
21 12 0
22 11 1
23 12 0
24 11 1
25 11 0
26 10 1
27 10 1
28 10 1
29 10 1
30 11 0
31 9 1
32 9 1
33 9 1
34 9 1
35 9 1
36 9 1
37 8 1
38 8 1
39 9 0
40 8 1
41 8 1
42 7 1
43 7 1
44 7 1
45 8 0
46 7 1
47 7 1
48 6 1
49 6 1
50 6 1
51 6 1
52 6 1
53 6 1
54 6 1
55 6 1
56 6 1
57 6 1
58 5 1
59 5 1
60 5 1
61 5 1
62 5 1
63 6 0
64 5 1
65 5 1
66 5 1
67 5 1
68 5 1
69 5 0
70 4 1
71 4 1
72 4 1
73 4 1
74 4 1
75 3 1
76 3 1
77 4 0
78 3 1
79 4 0
80 3 1
81 3 1
82 2 1
83 2 1
84 3 0
85 2 1
86 2 1
87 2 1
88 2 1
89 3 0
##=========================================
##[Voxel Mapper]Iteration 700 keyframe id, used times, remaining times:
0 12 0
1 12 0
2 12 0
3 12 0
4 11 1
5 12 0
7 12 0
8 11 1
9 11 1
10 12 0
11 12 0
12 12 0
13 12 0
14 11 1
15 12 0
16 11 1
17 12 0
18 11 1
19 11 1
20 11 1
21 12 0
22 12 0
23 12 0
24 11 1
25 11 0
26 11 0
27 10 1
28 10 1
29 11 0
30 11 0
31 10 0
32 10 0
33 10 0
34 10 0
35 9 1
36 10 0
37 9 0
38 8 1
39 9 0
40 9 0
41 9 0
42 8 0
43 7 1
44 8 0
45 8 0
46 8 0
47 7 1
48 6 1
49 6 1
50 6 1
51 7 0
52 7 0
53 6 1
54 7 0
55 7 0
56 7 0
57 7 0
58 5 1
59 5 1
60 6 0
61 5 1
62 6 0
63 6 0
64 6 0
65 5 1
66 6 0
67 6 0
68 6 0
69 5 0
70 5 0
71 4 1
72 4 1
73 4 1
74 5 0
75 4 0
76 4 0
77 4 0
78 4 0
79 4 0
80 4 0
81 4 0
82 2 1
83 2 1
84 3 0
85 2 1
86 2 1
87 3 0
88 3 0
89 3 0
90 1 1
91 1 1
92 2 0
93 1 1
##=========================================
##[Voxel Mapper]Iteration 750 keyframe id, used times, remaining times:
0 12 1
1 12 1
2 12 1
3 12 1
4 13 0
5 12 1
7 12 1
8 12 1
9 12 1
10 13 0
11 12 1
12 13 0
13 12 1
14 12 1
15 12 1
16 12 1
17 12 1
18 12 1
19 12 1
20 12 1
21 12 1
22 12 1
23 12 1
24 12 1
25 11 1
26 11 1
27 12 0
28 11 1
29 11 1
30 11 1
31 10 1
32 10 1
33 10 1
34 10 1
35 10 1
36 10 1
37 9 1
38 9 1
39 9 1
40 9 1
41 9 1
42 8 1
43 8 1
44 8 1
45 9 0
46 8 1
47 8 1
48 7 1
49 7 1
50 7 1
51 7 1
52 7 1
53 7 1
54 7 1
55 7 1
56 7 1
57 7 1
58 6 1
59 6 1
60 6 1
61 6 1
62 6 1
63 6 1
64 6 1
65 6 1
66 6 1
67 6 1
68 6 1
69 5 1
70 6 0
71 5 1
72 5 1
73 5 1
74 5 1
75 4 1
76 4 1
77 4 1
78 4 1
79 4 1
80 4 1
81 4 1
82 3 1
83 3 1
84 3 1
85 3 1
86 3 1
87 3 1
88 3 1
89 3 1
90 2 1
91 2 1
92 2 1
93 2 1
94 2 1
95 2 1
96 2 1
97 2 1
98 3 0
##=========================================
##[Voxel Mapper]Iteration 800 keyframe id, used times, remaining times:
0 12 1
1 13 0
2 12 1
3 13 0
4 13 0
5 12 1
7 13 0
8 13 0
9 12 1
10 13 0
11 12 1
12 13 0
13 12 1
14 13 0
15 13 0
16 13 0
17 12 1
18 13 0
19 12 1
20 13 0
21 13 0
22 13 0
23 12 1
24 12 1
25 11 1
26 12 0
27 12 0
28 12 0
29 12 0
30 11 1
31 11 0
32 11 0
33 11 0
34 10 1
35 10 1
36 11 0
37 9 1
38 10 0
39 10 0
40 9 1
41 10 0
42 8 1
43 9 0
44 9 0
45 9 0
46 9 0
47 8 1
48 8 0
49 7 1
50 8 0
51 7 1
52 8 0
53 7 1
54 7 1
55 7 1
56 7 1
57 7 1
58 7 0
59 6 1
60 7 0
61 7 0
62 7 0
63 7 0
64 6 1
65 7 0
66 7 0
67 7 0
68 6 1
69 5 1
70 6 0
71 6 0
72 6 0
73 6 0
74 5 1
75 4 1
76 5 0
77 4 1
78 4 1
79 4 1
80 5 0
81 5 0
82 4 0
83 4 0
84 4 0
85 3 1
86 4 0
87 3 1
88 4 0
89 4 0
90 2 1
91 2 1
92 3 0
93 3 0
94 2 1
95 3 0
96 2 1
97 2 1
98 3 0
##=========================================
##[Voxel Mapper]Iteration 850 keyframe id, used times, remaining times:
0 13 1
1 14 0
2 13 1
3 13 1
4 14 0
5 13 1
7 13 1
8 13 1
9 13 1
10 14 0
11 13 1
12 14 0
13 13 1
14 13 1
15 13 1
16 13 1
17 13 1
18 13 1
19 13 1
20 13 1
21 13 1
22 13 1
23 13 1
24 13 1
25 12 1
26 12 1
27 13 0
28 12 1
29 12 1
30 12 1
31 11 1
32 11 1
33 11 1
34 11 1
35 11 1
36 11 1
37 10 1
38 10 1
39 10 1
40 11 0
41 10 1
42 9 1
43 9 1
44 9 1
45 10 0
46 9 1
47 9 1
48 8 1
49 8 1
50 8 1
51 8 1
52 8 1
53 8 1
54 8 1
55 8 1
56 8 1
57 8 1
58 7 1
59 7 1
60 7 1
61 7 1
62 7 1
63 7 1
64 7 1
65 7 1
66 7 1
67 7 1
68 7 1
69 6 1
70 7 0
71 6 1
72 6 1
73 6 1
74 6 1
75 5 1
76 5 1
77 5 1
78 5 1
79 5 1
80 5 1
81 5 1
82 4 1
83 4 1
84 4 1
85 4 1
86 4 1
87 4 1
88 4 1
89 4 1
90 3 1
91 3 1
92 3 1
93 3 1
94 3 1
95 3 1
96 3 1
97 3 1
98 4 0
##=========================================
##[Voxel Mapper]Iteration 50 keyframe id, used times, remaining times:
0 2 1
1 2 1
2 2 1
3 2 1
4 2 1
6 2 1
7 2 1
8 3 0
9 3 0
10 3 0
11 3 0
12 2 1
13 2 1
14 2 1
15 2 1
16 2 1
17 3 0
18 2 1
19 2 1
20 2 1
21 2 1
22 3 0
##=========================================
##[Voxel Mapper]Iteration 100 keyframe id, used times, remaining times:
0 4 0
1 4 0
2 4 0
3 3 1
4 4 0
6 4 0
7 4 0
8 3 1
9 4 0
10 3 1
11 3 1
12 4 0
13 4 0
14 4 0
15 3 1
16 3 1
17 4 0
18 4 0
19 4 0
20 4 0
21 4 0
22 4 0
23 3 0
24 3 0
25 2 1
26 3 0
27 3 0
28 2 0
29 1 1
30 1 1
##=========================================
##[Voxel Mapper]Iteration 150 keyframe id, used times, remaining times:
0 5 0
1 5 0
2 5 0
3 5 0
4 5 0
6 4 1
7 5 0
8 5 0
9 5 0
10 5 0
11 5 0
12 5 0
13 5 0
14 4 1
15 5 0
16 5 0
17 5 0
18 5 0
19 5 0
20 5 0
21 5 0
22 5 0
23 3 1
24 4 0
25 4 0
26 4 0
27 4 0
28 3 0
29 3 0
30 3 0
31 2 1
32 3 0
33 3 0
34 1 1
35 2 0
36 2 0
37 1 1
##=========================================
##[Voxel Mapper]Iteration 200 keyframe id, used times, remaining times:
0 6 0
1 6 0
2 6 0
3 6 0
4 6 0
6 6 0
7 6 0
8 6 0
9 6 0
10 6 0
11 6 0
12 6 0
13 6 0
14 6 0
15 6 0
16 6 0
17 6 0
18 6 0
19 6 0
20 5 1
21 6 0
22 6 0
23 5 0
24 5 0
25 5 0
26 5 0
27 5 0
28 4 0
29 4 0
30 4 0
31 4 0
32 4 0
33 4 0
34 3 0
35 2 1
36 3 0
37 2 1
38 3 0
39 3 0
40 1 1
41 1 1
43 2 0
##=========================================
##[Voxel Mapper]Iteration 250 keyframe id, used times, remaining times:
0 7 0
1 6 1
2 7 0
3 7 0
4 7 0
6 7 0
7 7 0
8 7 0
9 7 0
10 7 0
11 7 0
12 7 0
13 6 1
14 6 1
15 6 1
16 6 1
17 6 1
18 6 1
19 7 0
20 6 1
21 7 0
22 7 0
23 6 0
24 6 0
25 6 0
26 6 0
27 6 0
28 5 0
29 5 0
30 5 0
31 5 0
32 4 1
33 5 0
34 4 0
35 4 0
36 4 0
37 4 0
38 3 1
39 4 0
40 3 0
41 3 0
42 2 1
43 2 1
44 3 0
45 3 0
46 2 1
47 3 0
50 1 1
##=========================================
##[Voxel Mapper]Iteration 300 keyframe id, used times, remaining times:
0 7 1
1 7 1
2 7 1
3 7 1
4 7 1
6 8 0
7 8 0
8 7 1
9 7 1
10 7 1
11 8 0
12 8 0
13 7 1
14 7 1
15 7 1
16 8 0
17 7 1
18 7 1
19 7 1
20 7 1
21 7 1
22 7 1
23 7 0
24 7 0
25 6 1
26 6 1
27 6 1
28 6 0
29 6 0
30 5 1
31 5 1
32 6 0
33 5 1
34 5 0
35 4 1
36 5 0
37 4 1
38 4 1
39 5 0
40 3 1
41 4 0
42 3 1
43 3 1
44 3 1
45 3 1
46 3 1
47 3 1
48 2 1
49 3 0
50 2 1
51 2 1
52 2 1
53 3 0
54 2 1
55 3 0
56 2 1
57 2 1
58 1 1
##=========================================
##[Voxel Mapper]Iteration 350 keyframe id, used times, remaining times:
0 8 0
1 8 0
2 8 0
3 8 0
4 8 0
6 8 0
7 8 0
8 8 0
9 8 0
10 8 0
11 8 0
12 8 0
13 8 0
14 8 0
15 8 0
16 8 0
17 8 0
18 8 0
19 8 0
20 8 0
21 8 0
22 8 0
23 7 0
24 7 0
25 7 0
26 7 0
27 7 0
28 6 0
29 6 0
30 6 0
31 6 0
32 6 0
33 6 0
34 5 0
35 5 0
36 5 0
37 5 0
38 5 0
39 5 0
40 4 0
41 4 0
42 4 0
43 4 0
44 4 0
45 4 0
46 4 0
47 4 0
48 3 0
49 3 0
50 3 0
51 3 0
52 3 0
53 3 0
54 2 1
55 3 0
56 3 0
57 3 0
58 2 0
59 2 0
60 2 0
61 2 0
62 2 0
64 1 1
65 1 1
##=========================================
##[Voxel Mapper]Iteration 400 keyframe id, used times, remaining times:
0 9 0
1 8 1
2 9 0
3 8 1
4 9 0
6 8 1
7 9 0
8 8 1
9 9 0
10 8 1
11 8 1
12 9 0
13 9 0
14 8 1
15 8 1
16 9 0
17 9 0
18 8 1
19 8 1
20 9 0
21 9 0
22 9 0
23 7 1
24 7 1
25 8 0
26 8 0
27 7 1
28 6 1
29 6 1
30 7 0
31 6 1
32 6 1
33 6 1
34 5 1
35 5 1
36 6 0
37 6 0
38 5 1
39 6 0
40 4 1
41 5 0
42 5 0
43 4 1
44 5 0
45 5 0
46 5 0
47 5 0
48 4 0
49 3 1
50 4 0
51 3 1
52 4 0
53 4 0
54 4 0
55 4 0
56 4 0
57 3 1
58 2 1
59 3 0
60 3 0
61 3 0
62 2 1
63 3 0
64 3 0
65 3 0
66 2 1
67 2 1
68 2 1
69 1 1
71 1 1
##=========================================
##[Voxel Mapper]Iteration 450 keyframe id, used times, remaining times:
0 9 1
1 9 1
2 9 1
3 9 1
4 9 1
6 9 1
7 9 1
8 9 1
9 9 1
10 9 1
11 10 0
12 9 1
13 9 1
14 9 1
15 9 1
16 9 1
17 9 1
18 10 0
19 9 1
20 9 1
21 9 1
22 9 1
23 8 1
24 8 1
25 8 1
26 8 1
27 8 1
28 7 1
29 7 1
30 7 1
31 7 1
32 7 1
33 7 1
34 6 1
35 6 1
36 6 1
37 6 1
38 6 1
39 7 0
40 5 1
41 5 1
42 5 1
43 5 1
44 5 1
45 5 1
46 5 1
47 5 1
48 4 1
49 4 1
50 4 1
51 4 1
52 4 1
53 4 1
54 4 1
55 4 1
56 4 1
57 4 1
58 3 1
59 3 1
60 4 0
61 3 1
62 4 0
63 3 1
64 4 0
65 3 1
66 4 0
67 3 1
68 3 1
69 2 1
70 3 0
71 2 1
72 2 1
73 2 1
74 3 0
##=========================================
##[Voxel Mapper]Iteration 500 keyframe id, used times, remaining times:
0 10 0
1 10 0
2 10 0
3 9 1
4 10 0
6 10 0
7 9 1
8 10 0
9 10 0
10 10 0
11 10 0
12 9 1
13 10 0
14 10 0
15 10 0
16 9 1
17 10 0
18 10 0
19 9 1
20 10 0
21 10 0
22 10 0
23 9 0
24 9 0
25 8 1
26 8 1
27 8 1
28 8 0
29 8 0
30 7 1
31 7 1
32 8 0
33 8 0
34 6 1
35 6 1
36 7 0
37 6 1
38 7 0
39 7 0
40 5 1
41 5 1
42 6 0
43 6 0
44 6 0
45 6 0
46 6 0
47 6 0
48 5 0
49 5 0
50 5 0
51 4 1
52 5 0
53 5 0
54 5 0
55 5 0
56 5 0
57 5 0
58 3 1
59 4 0
60 4 0
61 4 0
62 4 0
63 4 0
64 4 0
65 4 0
66 4 0
67 4 0
68 4 0
69 2 1
70 3 0
71 3 0
72 3 0
73 2 1
74 3 0
75 2 0
76 1 1
78 1 1
##=========================================
##[Voxel Mapper]Iteration 550 keyframe id, used times, remaining times:
0 10 1
1 10 1
2 10 1
3 10 1
4 10 1
6 11 0
7 10 1
8 10 1
9 11 0
10 10 1
11 10 1
12 11 0
13 11 0
14 10 1
15 11 0
16 10 1
17 10 1
18 10 1
19 10 1
20 11 0
21 10 1
22 10 1
23 9 1
24 9 1
25 9 1
26 10 0
27 9 1
28 9 0
29 8 1
30 9 0
31 8 1
32 8 1
33 8 1
34 7 1
35 7 1
36 7 1
37 7 1
38 7 1
39 7 1
40 6 1
41 6 1
42 7 0
43 7 0
44 7 0
45 6 1
46 6 1
47 6 1
48 5 1
49 5 1
50 6 0
51 5 1
52 6 0
53 5 1
54 5 1
55 5 1
56 5 1
57 5 1
58 4 1
59 5 0
60 4 1
61 4 1
62 5 0
63 4 1
64 4 1
65 4 1
66 5 0
67 4 1
68 4 1
69 3 1
70 3 1
71 3 1
72 3 1
73 3 1
74 3 1
75 2 1
76 2 1
77 3 0
78 2 1
79 3 0
80 3 0
81 2 1
82 1 1
##=========================================
##[Voxel Mapper]Iteration 600 keyframe id, used times, remaining times:
0 11 0
1 11 0
2 11 0
3 11 0
4 11 0
6 11 0
7 11 0
8 11 0
9 11 0
10 11 0
11 10 1
12 11 0
13 11 0
14 11 0
15 11 0
16 11 0
17 11 0
18 11 0
19 10 1
20 11 0
21 11 0
22 11 0
23 10 0
24 10 0
25 10 0
26 10 0
27 9 1
28 9 0
29 8 1
30 9 0
31 9 0
32 9 0
33 9 0
34 8 0
35 8 0
36 7 1
37 8 0
38 8 0
39 8 0
40 7 0
41 7 0
42 7 0
43 7 0
44 7 0
45 7 0
46 7 0
47 6 1
48 6 0
49 6 0
50 6 0
51 5 1
52 6 0
53 6 0
54 6 0
55 6 0
56 5 1
57 6 0
58 5 0
59 5 0
60 4 1
61 4 1
62 5 0
63 4 1
64 5 0
65 4 1
66 5 0
67 5 0
68 5 0
69 4 0
70 4 0
71 4 0
72 3 1
73 4 0
74 3 1
75 2 1
76 3 0
77 3 0
78 3 0
79 3 0
80 3 0
81 3 0
82 1 1
83 2 0
84 1 1
86 1 1
##=========================================
##[Voxel Mapper]Iteration 650 keyframe id, used times, remaining times:
0 11 1
1 11 1
2 11 1
3 11 1
4 11 1
6 11 1
7 11 1
8 12 0
9 12 0
10 11 1
11 11 1
12 11 1
13 12 0
14 11 1
15 11 1
16 11 1
17 11 1
18 11 1
19 11 1
20 12 0
21 12 0
22 11 1
23 11 0
24 10 1
25 10 1
26 10 1
27 10 1
28 9 1
29 9 1
30 9 1
31 10 0
32 9 1
33 9 1
34 8 1
35 8 1
36 8 1
37 8 1
38 8 1
39 8 1
40 7 1
41 8 0
42 7 1
43 7 1
44 8 0
45 8 0
46 8 0
47 7 1
48 7 0
49 6 1
50 6 1
51 7 0
52 7 0
53 7 0
54 6 1
55 6 1
56 7 0
57 6 1
58 6 0
59 5 1
60 5 1
61 5 1
62 5 1
63 5 1
64 6 0
65 5 1
66 5 1
67 5 1
68 5 1
69 4 1
70 4 1
71 4 1
72 5 0
73 5 0
74 4 1
75 4 0
76 3 1
77 3 1
78 3 1
79 3 1
80 3 1
81 3 1
82 3 0
83 2 1
84 3 0
85 2 1
86 3 0
87 2 1
88 2 1
89 2 1
##=========================================
##[Voxel Mapper]Iteration 700 keyframe id, used times, remaining times:
0 11 1
1 12 0
2 11 1
3 12 0
4 11 1
6 11 1
7 12 0
8 12 0
9 12 0
10 12 0
11 12 0
12 11 1
13 12 0
14 12 0
15 12 0
16 12 0
17 12 0
18 11 1
19 11 1
20 12 0
21 12 0
22 11 1
23 11 0
24 11 0
25 11 0
26 10 1
27 11 0
28 9 1
29 10 0
30 10 0
31 10 0
32 9 1
33 9 1
34 9 0
35 9 0
36 9 0
37 9 0
38 9 0
39 9 0
40 8 0
41 8 0
42 7 1
43 7 1
44 8 0
45 8 0
46 8 0
47 7 1
48 7 0
49 7 0
50 7 0
51 7 0
52 7 0
53 7 0
54 7 0
55 6 1
56 7 0
57 6 1
58 6 0
59 6 0
60 6 0
61 6 0
62 5 1
63 6 0
64 6 0
65 6 0
66 5 1
67 6 0
68 6 0
69 5 0
70 5 0
71 5 0
72 5 0
73 5 0
74 5 0
75 4 0
76 4 0
77 4 0
78 4 0
79 4 0
80 4 0
81 4 0
82 3 0
83 2 1
84 3 0
85 3 0
86 3 0
87 3 0
88 3 0
89 2 1
90 1 1
91 1 1
92 1 1
93 1 1
94 1 1
95 1 1
##=========================================
##[Voxel Mapper]Iteration 750 keyframe id, used times, remaining times:
0 12 1
1 12 1
2 12 1
3 12 1
4 12 1
6 13 0
7 12 1
8 12 1
9 12 1
10 13 0
11 12 1
12 12 1
13 12 1
14 12 1
15 12 1
16 12 1
17 12 1
18 12 1
19 12 1
20 12 1
21 12 1
22 12 1
23 11 1
24 11 1
25 11 1
26 11 1
27 12 0
28 11 0
29 11 0
30 10 1
31 10 1
32 11 0
33 10 1
34 9 1
35 9 1
36 9 1
37 9 1
38 9 1
39 9 1
40 8 1
41 8 1
42 8 1
43 8 1
44 8 1
45 9 0
46 8 1
47 8 1
48 7 1
49 7 1
50 7 1
51 7 1
52 8 0
53 7 1
54 7 1
55 7 1
56 7 1
57 7 1
58 7 0
59 7 0
60 6 1
61 6 1
62 6 1
63 7 0
64 6 1
65 6 1
66 6 1
67 6 1
68 6 1
69 5 1
70 5 1
71 5 1
72 6 0
73 5 1
74 5 1
75 5 0
76 4 1
77 4 1
78 4 1
79 4 1
80 4 1
81 4 1
82 3 1
83 4 0
84 3 1
85 3 1
86 3 1
87 3 1
88 3 1
89 4 0
90 2 1
91 2 1
92 3 0
93 2 1
94 2 1
95 2 1
96 3 0
97 2 1
98 2 1
##=========================================
##[Voxel Mapper]Iteration 800 keyframe id, used times, remaining times:
0 12 1
1 12 1
2 12 1
3 13 0
4 13 0
6 13 0
7 13 0
8 13 0
9 13 0
10 13 0
11 13 0
12 13 0
13 12 1
14 12 1
15 13 0
16 13 0
17 12 1
18 13 0
19 13 0
20 13 0
21 13 0
22 13 0
23 11 1
24 11 1
25 12 0
26 12 0
27 12 0
28 11 0
29 11 0
30 11 0
31 10 1
32 11 0
33 10 1
34 9 1
35 10 0
36 10 0
37 10 0
38 10 0
39 10 0
40 9 0
41 9 0
42 9 0
43 9 0
44 9 0
45 9 0
46 9 0
47 9 0
48 7 1
49 7 1
50 8 0
51 8 0
52 8 0
53 7 1
54 7 1
55 7 1
56 8 0
57 7 1
58 7 0
59 7 0
60 7 0
61 6 1
62 7 0
63 7 0
64 6 1
65 7 0
66 7 0
67 6 1
68 6 1
69 6 0
70 6 0
71 6 0
72 6 0
73 5 1
74 6 0
75 5 0
76 5 0
77 4 1
78 4 1
79 4 1
80 5 0
81 5 0
82 4 0
83 4 0
84 3 1
85 3 1
86 3 1
87 4 0
88 4 0
89 4 0
90 2 1
91 2 1
92 3 0
93 3 0
94 3 0
95 3 0
96 3 0
97 2 1
98 3 0
##=========================================
##[Voxel Mapper]Iteration 850 keyframe id, used times, remaining times:
0 13 1
1 13 1
2 13 1
3 13 1
4 13 1
6 14 0
7 13 1
8 13 1
9 13 1
10 14 0
11 13 1
12 13 1
13 13 1
14 13 1
15 13 1
16 13 1
17 13 1
18 13 1
19 13 1
20 14 0
21 13 1
22 13 1
23 12 1
24 12 1
25 12 1
26 12 1
27 13 0
28 12 0
29 12 0
30 11 1
31 11 1
32 12 0
33 11 1
34 10 1
35 10 1
36 10 1
37 10 1
38 10 1
39 10 1
40 9 1
41 9 1
42 9 1
43 9 1
44 9 1
45 10 0
46 9 1
47 9 1
48 8 1
49 8 1
50 8 1
51 8 1
52 9 0
53 8 1
54 9 0
55 8 1
56 8 1
57 8 1
58 8 0
59 8 0
60 7 1
61 7 1
62 7 1
63 8 0
64 7 1
65 7 1
66 7 1
67 7 1
68 7 1
69 6 1
70 6 1
71 6 1
72 7 0
73 6 1
74 6 1
75 6 0
76 5 1
77 5 1
78 5 1
79 5 1
80 5 1
81 5 1
82 4 1
83 5 0
84 4 1
85 4 1
86 4 1
87 4 1
88 4 1
89 5 0
90 3 1
91 3 1
92 4 0
93 3 1
94 3 1
95 3 1
96 4 0
97 3 1
98 3 1
##=========================================
##[Voxel Mapper]Iteration 50 keyframe id, used times, remaining times:
0 2 1
1 2 1
2 2 1
3 2 1
4 2 1
6 2 1
7 2 1
8 3 0
9 2 1
10 2 1
11 2 1
12 2 1
13 2 1
14 2 1
15 2 1
16 3 0
17 2 1
18 2 1
19 2 1
20 2 1
21 2 1
22 2 1
23 2 1
24 2 1
##=========================================
##[Voxel Mapper]Iteration 100 keyframe id, used times, remaining times:
0 4 0
1 4 0
2 3 1
3 4 0
4 3 1
6 4 0
7 4 0
8 4 0
9 4 0
10 3 1
11 4 0
12 4 0
13 4 0
14 4 0
15 4 0
16 4 0
17 4 0
18 4 0
19 3 1
20 3 1
21 3 1
22 4 0
23 3 1
24 4 0
25 2 1
26 3 0
27 3 0
28 3 0
##=========================================
##[Voxel Mapper]Iteration 150 keyframe id, used times, remaining times:
0 5 0
1 5 0
2 5 0
3 5 0
4 5 0
6 5 0
7 5 0
8 5 0
9 4 1
10 5 0
11 5 0
12 4 1
13 5 0
14 5 0
15 5 0
16 4 1
17 5 0
18 5 0
19 5 0
20 5 0
21 5 0
22 5 0
23 4 1
24 5 0
25 3 1
26 4 0
27 4 0
28 4 0
29 3 0
30 3 0
31 3 0
32 3 0
33 3 0
34 2 0
35 2 0
##=========================================
##[Voxel Mapper]Iteration 200 keyframe id, used times, remaining times:
0 6 0
1 6 0
2 6 0
3 6 0
4 6 0
6 5 1
7 5 1
8 6 0
9 6 0
10 6 0
11 6 0
12 5 1
13 6 0
14 6 0
15 6 0
16 6 0
17 6 0
18 6 0
19 5 1
20 6 0
21 6 0
22 6 0
23 6 0
24 6 0
25 5 0
26 5 0
27 5 0
28 5 0
29 4 0
30 4 0
31 4 0
32 4 0
33 4 0
34 3 0
35 3 0
36 3 0
37 3 0
38 3 0
39 1 1
40 1 1
41 1 1
42 1 1
43 1 1
##=========================================
##[Voxel Mapper]Iteration 250 keyframe id, used times, remaining times:
0 7 0
1 6 1
2 7 0
3 7 0
4 7 0
6 6 1
7 6 1
8 7 0
9 7 0
10 7 0
11 7 0
12 7 0
13 7 0
14 7 0
15 7 0
16 7 0
17 7 0
18 7 0
19 7 0
20 7 0
21 6 1
22 7 0
23 6 1
24 6 1
25 6 0
26 5 1
27 5 1
28 5 1
29 5 0
30 5 0
31 5 0
32 5 0
33 4 1
34 4 0
35 3 1
36 4 0
37 4 0
38 4 0
39 2 1
40 3 0
41 3 0
42 3 0
43 3 0
44 3 0
45 3 0
46 2 0
47 1 1
49 1 1
##=========================================
##[Voxel Mapper]Iteration 300 keyframe id, used times, remaining times:
0 8 0
1 7 1
2 7 1
3 7 1
4 7 1
6 7 1
7 7 1
8 7 1
9 8 0
10 7 1
11 8 0
12 7 1
13 7 1
14 7 1
15 7 1
16 7 1
17 8 0
18 8 0
19 8 0
20 7 1
21 7 1
22 8 0
23 7 1
24 7 1
25 6 1
26 6 1
27 7 0
28 6 1
29 5 1
30 5 1
31 5 1
32 6 0
33 5 1
34 4 1
35 4 1
36 4 1
37 4 1
38 4 1
39 4 0
40 4 0
41 4 0
42 4 0
43 4 0
44 4 0
45 4 0
46 3 0
47 3 0
48 2 1
49 3 0
50 2 1
51 3 0
52 3 0
53 2 1
54 3 0
55 1 1
56 1 1
##=========================================
##[Voxel Mapper]Iteration 350 keyframe id, used times, remaining times:
0 8 0
1 8 0
2 8 0
3 8 0
4 8 0
6 8 0
7 8 0
8 8 0
9 8 0
10 8 0
11 8 0
12 8 0
13 8 0
14 8 0
15 8 0
16 8 0
17 8 0
18 8 0
19 8 0
20 8 0
21 8 0
22 8 0
23 8 0
24 8 0
25 7 0
26 7 0
27 7 0
28 7 0
29 6 0
30 6 0
31 6 0
32 6 0
33 6 0
34 5 0
35 5 0
36 5 0
37 5 0
38 5 0
39 4 0
40 4 0
41 4 0
42 4 0
43 4 0
44 4 0
45 4 0
46 3 0
47 3 0
48 3 0
49 3 0
50 3 0
51 3 0
52 3 0
53 3 0
54 3 0
55 2 0
56 2 0
57 2 0
58 2 0
59 2 0
60 2 0
61 1 1
62 2 0
63 2 0
64 2 0
65 1 1
##=========================================
##[Voxel Mapper]Iteration 400 keyframe id, used times, remaining times:
0 9 0
1 9 0
2 9 0
3 9 0
4 8 1
6 9 0
7 9 0
8 9 0
9 9 0
10 8 1
11 9 0
12 9 0
13 9 0
14 9 0
15 9 0
16 9 0
17 8 1
18 9 0
19 9 0
20 9 0
21 8 1
22 9 0
23 9 0
24 8 1
25 7 1
26 8 0
27 8 0
28 7 1
29 7 0
30 6 1
31 7 0
32 6 1
33 7 0
34 5 1
35 6 0
36 6 0
37 6 0
38 6 0
39 4 1
40 5 0
41 5 0
42 5 0
43 4 1
44 5 0
45 5 0
46 4 0
47 4 0
48 3 1
49 3 1
50 3 1
51 4 0
52 3 1
53 4 0
54 4 0
55 3 0
56 2 1
57 3 0
58 3 0
59 3 0
60 3 0
61 3 0
62 3 0
63 3 0
64 2 1
65 3 0
67 1 1
##=========================================
##[Voxel Mapper]Iteration 450 keyframe id, used times, remaining times:
0 9 1
1 9 1
2 9 1
3 9 1
4 9 1
6 9 1
7 9 1
8 9 1
9 9 1
10 9 1
11 9 1
12 9 1
13 9 1
14 9 1
15 10 0
16 10 0
17 9 1
18 9 1
19 9 1
20 9 1
21 10 0
22 10 0
23 9 1
24 10 0
25 8 1
26 8 1
27 8 1
28 8 1
29 7 1
30 7 1
31 8 0
32 7 1
33 7 1
34 6 1
35 7 0
36 7 0
37 6 1
38 6 1
39 5 1
40 5 1
41 5 1
42 6 0
43 6 0
44 5 1
45 5 1
46 4 1
47 4 1
48 4 1
49 5 0
50 4 1
51 4 1
52 4 1
53 5 0
54 4 1
55 4 0
56 3 1
57 4 0
58 3 1
59 3 1
60 4 0
61 4 0
62 3 1
63 3 1
64 3 1
65 3 1
66 2 1
67 3 0
68 3 0
69 2 1
70 2 1
71 2 1
72 2 1
73 1 1
##=========================================
##[Voxel Mapper]Iteration 500 keyframe id, used times, remaining times:
0 10 0
1 10 0
2 10 0
3 10 0
4 9 1
6 10 0
7 10 0
8 10 0
9 9 1
10 10 0
11 10 0
12 10 0
13 10 0
14 10 0
15 10 0
16 10 0
17 10 0
18 9 1
19 10 0
20 9 1
21 10 0
22 10 0
23 10 0
24 10 0
25 9 0
26 9 0
27 9 0
28 9 0
29 8 0
30 8 0
31 8 0
32 8 0
33 7 1
34 7 0
35 7 0
36 7 0
37 7 0
38 7 0
39 6 0
40 5 1
41 6 0
42 6 0
43 6 0
44 6 0
45 5 1
46 5 0
47 5 0
48 5 0
49 5 0
50 5 0
51 5 0
52 5 0
53 5 0
54 5 0
55 4 0
56 4 0
57 4 0
58 4 0
59 3 1
60 4 0
61 4 0
62 4 0
63 4 0
64 4 0
65 4 0
66 3 0
67 3 0
68 3 0
69 3 0
70 3 0
71 3 0
72 3 0
73 2 0
74 1 1
75 2 0
##=========================================
##[Voxel Mapper]Iteration 550 keyframe id, used times, remaining times:
0 10 1
1 10 1
2 10 1
3 11 0
4 11 0
6 10 1
7 10 1
8 11 0
9 11 0
10 11 0
11 10 1
12 10 1
13 11 0
14 11 0
15 10 1
16 10 1
17 11 0
18 11 0
19 10 1
20 11 0
21 10 1
22 10 1
23 11 0
24 10 1
25 10 0
26 9 1
27 10 0
28 9 1
29 8 1
30 8 1
31 9 0
32 9 0
33 8 1
34 8 0
35 7 1
36 7 1
37 7 1
38 7 1
39 6 1
40 6 1
41 7 0
42 6 1
43 6 1
44 7 0
45 6 1
46 5 1
47 5 1
48 5 1
49 6 0
50 5 1
51 6 0
52 5 1
53 6 0
54 6 0
55 4 1
56 5 0
57 4 1
58 4 1
59 4 1
60 5 0
61 5 0
62 5 0
63 4 1
64 4 1
65 4 1
66 4 0
67 4 0
68 3 1
69 4 0
70 4 0
71 3 1
72 3 1
73 2 1
74 2 1
75 3 0
76 2 1
77 2 1
78 3 0
79 3 0
##=========================================
##[Voxel Mapper]Iteration 600 keyframe id, used times, remaining times:
0 11 0
1 11 0
2 11 0
3 11 0
4 11 0
6 11 0
7 11 0
8 11 0
9 11 0
10 11 0
11 11 0
12 11 0
13 11 0
14 11 0
15 11 0
16 11 0
17 11 0
18 11 0
19 11 0
20 11 0
21 11 0
22 11 0
23 11 0
24 11 0
25 10 0
26 10 0
27 10 0
28 10 0
29 9 0
30 9 0
31 9 0
32 9 0
33 9 0
34 8 0
35 8 0
36 8 0
37 8 0
38 8 0
39 7 0
40 7 0
41 7 0
42 7 0
43 7 0
44 7 0
45 7 0
46 6 0
47 5 1
48 6 0
49 6 0
50 6 0
51 6 0
52 6 0
53 6 0
54 6 0
55 5 0
56 5 0
57 5 0
58 5 0
59 4 1
60 5 0
61 5 0
62 5 0
63 5 0
64 5 0
65 4 1
66 4 0
67 4 0
68 4 0
69 4 0
70 4 0
71 4 0
72 4 0
73 3 0
74 3 0
75 3 0
76 3 0
77 3 0
78 3 0
79 3 0
81 2 0
82 2 0
83 1 1
84 1 1
85 1 1
##=========================================
##[Voxel Mapper]Iteration 650 keyframe id, used times, remaining times:
0 11 1
1 12 0
2 12 0
3 11 1
4 11 1
6 11 1
7 12 0
8 11 1
9 11 1
10 12 0
11 11 1
12 12 0
13 11 1
14 12 0
15 11 1
16 12 0
17 11 1
18 11 1
19 11 1
20 11 1
21 12 0
22 11 1
23 11 1
24 11 1
25 11 0
26 10 1
27 10 1
28 11 0
29 10 0
30 10 0
31 10 0
32 9 1
33 10 0
34 8 1
35 9 0
36 9 0
37 8 1
38 9 0
39 7 1
40 8 0
41 7 1
42 8 0
43 8 0
44 8 0
45 8 0
46 6 1
47 7 0
48 7 0
49 7 0
50 6 1
51 7 0
52 6 1
53 6 1
54 6 1
55 6 0
56 5 1
57 5 1
58 6 0
59 6 0
60 6 0
61 6 0
62 5 1
63 5 1
64 6 0
65 5 1
66 4 1
67 5 0
68 5 0
69 4 1
70 5 0
71 5 0
72 5 0
73 3 1
74 3 1
75 3 1
76 4 0
77 3 1
78 3 1
79 3 1
80 2 1
81 3 0
82 3 0
83 2 1
84 2 1
85 2 1
86 2 1
##=========================================
##[Voxel Mapper]Iteration 700 keyframe id, used times, remaining times:
0 12 0
1 12 0
2 12 0
3 12 0
4 12 0
6 12 0
7 12 0
8 12 0
9 12 0
10 12 0
11 12 0
12 12 0
13 12 0
14 12 0
15 11 1
16 12 0
17 12 0
18 11 1
19 12 0
20 12 0
21 12 0
22 12 0
23 12 0
24 11 1
25 11 0
26 11 0
27 11 0
28 11 0
29 10 0
30 10 0
31 10 0
32 10 0
33 10 0
34 9 0
35 9 0
36 9 0
37 9 0
38 9 0
39 8 0
40 8 0
41 8 0
42 8 0
43 8 0
44 8 0
45 8 0
46 7 0
47 7 0
48 7 0
49 7 0
50 7 0
51 7 0
52 7 0
53 7 0
54 6 1
55 6 0
56 6 0
57 6 0
58 6 0
59 6 0
60 6 0
61 6 0
62 6 0
63 6 0
64 6 0
65 5 1
66 5 0
67 5 0
68 5 0
69 5 0
70 5 0
71 5 0
72 5 0
73 4 0
74 4 0
75 4 0
76 4 0
77 4 0
78 4 0
79 4 0
80 2 1
81 3 0
82 3 0
83 3 0
84 3 0
85 3 0
86 3 0
87 2 0
88 1 1
89 2 0
90 1 1
91 2 0
92 2 0
##=========================================
##[Voxel Mapper]Iteration 750 keyframe id, used times, remaining times:
0 13 0
1 12 1
2 12 1
3 13 0
4 12 1
6 13 0
7 13 0
8 12 1
9 13 0
10 13 0
11 12 1
12 13 0
13 12 1
14 13 0
15 13 0
16 12 1
17 13 0
18 12 1
19 13 0
20 12 1
21 13 0
22 12 1
23 13 0
24 12 1
25 11 1
26 11 1
27 12 0
28 12 0
29 10 1
30 10 1
31 10 1
32 10 1
33 11 0
34 9 1
35 9 1
36 9 1
37 10 0
38 9 1
39 8 1
40 8 1
41 8 1
42 8 1
43 8 1
44 9 0
45 8 1
46 8 0
47 7 1
48 8 0
49 7 1
50 8 0
51 8 0
52 8 0
53 8 0
54 7 1
55 6 1
56 7 0
57 7 0
58 6 1
59 6 1
60 6 1
61 7 0
62 7 0
63 6 1
64 6 1
65 7 0
66 5 1
67 5 1
68 6 0
69 6 0
70 5 1
71 5 1
72 5 1
73 5 0
74 4 1
75 4 1
76 4 1
77 4 1
78 4 1
79 4 1
80 3 1
81 4 0
82 3 1
83 3 1
84 4 0
85 3 1
86 3 1
87 3 0
88 2 1
89 3 0
90 2 1
91 2 1
92 3 0
93 3 0
94 2 1
##=========================================
##[Voxel Mapper]Iteration 50 keyframe id, used times, remaining times:
0 2 1
1 2 1
2 2 1
3 2 1
4 2 1
6 2 1
8 2 1
9 2 1
10 2 1
11 2 1
12 3 0
13 2 1
14 2 1
15 2 1
16 2 1
17 2 1
18 2 1
19 2 1
20 2 1
21 2 1
22 2 1
23 2 1
24 2 1
25 3 0
##=========================================
##[Voxel Mapper]Iteration 100 keyframe id, used times, remaining times:
0 4 0
1 3 1
2 3 1
3 4 0
4 4 0
6 3 1
8 3 1
9 4 0
10 3 1
11 4 0
12 3 1
13 4 0
14 4 0
15 3 1
16 3 1
17 3 1
18 4 0
19 4 0
20 4 0
21 3 1
22 3 1
23 4 0
24 3 1
25 3 1
26 3 0
27 3 0
28 2 1
29 3 0
30 3 0
31 2 1
33 1 1
##=========================================
##[Voxel Mapper]Iteration 150 keyframe id, used times, remaining times:
0 4 1
1 4 1
2 5 0
3 5 0
4 4 1
6 5 0
8 5 0
9 5 0
10 4 1
11 5 0
12 5 0
13 5 0
14 4 1
15 4 1
16 5 0
17 5 0
18 5 0
19 5 0
20 5 0
21 5 0
22 5 0
23 5 0
24 5 0
25 5 0
26 4 0
27 3 1
28 4 0
29 4 0
30 4 0
31 4 0
32 3 0
33 3 0
34 3 0
35 3 0
38 1 1
##=========================================
##[Voxel Mapper]Iteration 200 keyframe id, used times, remaining times:
0 5 1
1 6 0
2 6 0
3 6 0
4 6 0
6 6 0
8 6 0
9 6 0
10 6 0
11 6 0
12 5 1
13 5 1
14 6 0
15 6 0
16 6 0
17 6 0
18 6 0
19 5 1
20 6 0
21 6 0
22 5 1
23 5 1
24 6 0
25 6 0
26 5 0
27 5 0
28 4 1
29 5 0
30 5 0
31 4 1
32 4 0
33 4 0
34 4 0
35 4 0
36 2 1
37 2 1
38 3 0
39 3 0
40 2 1
41 3 0
42 1 1
43 1 1
44 1 1
##=========================================
##[Voxel Mapper]Iteration 250 keyframe id, used times, remaining times:
0 7 0
1 7 0
2 6 1
3 6 1
4 7 0
6 7 0
8 6 1
9 6 1
10 6 1
11 7 0
12 6 1
13 7 0
14 7 0
15 7 0
16 7 0
17 7 0
18 6 1
19 7 0
20 7 0
21 7 0
22 6 1
23 7 0
24 7 0
25 6 1
26 6 0
27 6 0
28 6 0
29 6 0
30 6 0
31 6 0
32 5 0
33 5 0
34 5 0
35 5 0
36 3 1
37 3 1
38 3 1
39 3 1
40 3 1
41 4 0
42 3 0
43 2 1
44 3 0
45 3 0
46 2 0
48 2 0
49 1 1
##=========================================
##[Voxel Mapper]Iteration 300 keyframe id, used times, remaining times:
0 7 1
1 8 0
2 7 1
3 8 0
4 7 1
6 7 1
8 8 0
9 8 0
10 7 1
11 8 0
12 7 1
13 8 0
14 8 0
15 7 1
16 7 1
17 7 1
18 8 0
19 8 0
20 8 0
21 8 0
22 8 0
23 8 0
24 7 1
25 7 1
26 6 1
27 6 1
28 6 1
29 6 1
30 6 1
31 6 1
32 5 1
33 5 1
34 6 0
35 6 0
36 4 1
37 4 1
38 5 0
39 5 0
40 4 1
41 5 0
42 4 0
43 4 0
44 3 1
45 3 1
46 2 1
47 3 0
48 2 1
49 2 1
50 3 0
51 2 1
52 2 1
53 2 1
54 1 1
56 1 1
##=========================================
##[Voxel Mapper]Iteration 350 keyframe id, used times, remaining times:
0 8 1
1 8 1
2 8 1
3 8 1
4 8 1
6 9 0
8 8 1
9 8 1
10 8 1
11 8 1
12 8 1
13 8 1
14 8 1
15 8 1
16 8 1
17 8 1
18 8 1
19 8 1
20 8 1
21 8 1
22 8 1
23 8 1
24 8 1
25 8 1
26 7 1
27 7 1
28 7 1
29 7 1
30 7 1
31 7 1
32 6 1
33 6 1
34 6 1
35 6 1
36 5 1
37 5 1
38 5 1
39 5 1
40 5 1
41 5 1
42 4 1
43 4 1
44 4 1
45 4 1
46 3 1
47 3 1
48 3 1
49 3 1
50 3 1
51 3 1
52 3 1
53 3 1
54 2 1
55 2 1
56 2 1
57 2 1
58 2 1
59 3 0
60 2 1
61 2 1
62 2 1
63 2 1
##=========================================
##[Voxel Mapper]Iteration 400 keyframe id, used times, remaining times:
0 8 1
1 9 0
2 9 0
3 9 0
4 9 0
6 9 0
8 9 0
9 9 0
10 9 0
11 9 0
12 8 1
13 8 1
14 9 0
15 8 1
16 8 1
17 9 0
18 9 0
19 8 1
20 9 0
21 9 0
22 8 1
23 9 0
24 9 0
25 9 0
26 8 0
27 7 1
28 8 0
29 8 0
30 8 0
31 8 0
32 7 0
33 7 0
34 7 0
35 7 0
36 6 0
37 6 0
38 6 0
39 5 1
40 6 0
41 5 1
42 5 0
43 5 0
44 5 0
45 4 1
46 4 0
47 3 1
48 4 0
49 4 0
50 3 1
51 4 0
52 4 0
53 4 0
54 3 0
55 3 0
56 3 0
57 3 0
58 3 0
59 3 0
60 3 0
61 3 0
62 3 0
63 3 0
65 1 1
66 1 1
67 1 1
##=========================================
##[Voxel Mapper]Iteration 450 keyframe id, used times, remaining times:
0 9 1
1 9 1
2 9 1
3 10 0
4 9 1
6 9 1
8 10 0
9 10 0
10 9 1
11 9 1
12 9 1
13 9 1
14 10 0
15 9 1
16 9 1
17 9 1
18 10 0
19 9 1
20 9 1
21 10 0
22 9 1
23 9 1
24 9 1
25 9 1
26 9 0
27 8 1
28 9 0
29 8 1
30 8 1
31 8 1
32 7 1
33 7 1
34 7 1
35 7 1
36 7 0
37 6 1
38 6 1
39 6 1
40 7 0
41 6 1
42 5 1
43 6 0
44 5 1
45 6 0
46 4 1
47 4 1
48 4 1
49 4 1
50 4 1
51 5 0
52 4 1
53 4 1
54 3 1
55 4 0
56 3 1
57 4 0
58 3 1
59 3 1
60 3 1
61 3 1
62 3 1
63 3 1
64 3 0
65 2 1
66 3 0
67 2 1
68 3 0
69 3 0
70 2 1
71 2 1
72 2 1
73 3 0
##=========================================
##[Voxel Mapper]Iteration 500 keyframe id, used times, remaining times:
0 10 0
1 10 0
2 10 0
3 10 0
4 10 0
6 9 1
8 10 0
9 10 0
10 10 0
11 10 0
12 9 1
13 10 0
14 10 0
15 10 0
16 10 0
17 10 0
18 10 0
19 10 0
20 10 0
21 10 0
22 10 0
23 10 0
24 10 0
25 10 0
26 9 0
27 9 0
28 9 0
29 9 0
30 9 0
31 9 0
32 8 0
33 8 0
34 8 0
35 8 0
36 7 0
37 7 0
38 7 0
39 7 0
40 7 0
41 7 0
42 6 0
43 6 0
44 6 0
45 6 0
46 5 0
47 5 0
48 5 0
49 4 1
50 5 0
51 5 0
52 4 1
53 5 0
54 4 0
55 4 0
56 4 0
57 4 0
58 4 0
59 4 0
60 4 0
61 4 0
62 4 0
63 4 0
64 3 0
65 3 0
66 3 0
67 3 0
68 3 0
69 3 0
70 3 0
71 3 0
72 3 0
73 3 0
75 1 1
76 1 1
##=========================================
##[Voxel Mapper]Iteration 550 keyframe id, used times, remaining times:
0 11 0
1 11 0
2 10 1
3 10 1
4 10 1
6 11 0
8 11 0
9 11 0
10 11 0
11 10 1
12 10 1
13 10 1
14 10 1
15 10 1
16 11 0
17 11 0
18 10 1
19 10 1
20 11 0
21 11 0
22 10 1
23 10 1
24 10 1
25 11 0
26 9 1
27 9 1
28 10 0
29 9 1
30 10 0
31 9 1
32 9 0
33 8 1
34 8 1
35 8 1
36 8 0
37 8 0
38 7 1
39 7 1
40 8 0
41 8 0
42 6 1
43 6 1
44 6 1
45 6 1
46 5 1
47 5 1
48 6 0
49 6 0
50 5 1
51 6 0
52 5 1
53 6 0
54 4 1
55 5 0
56 4 1
57 5 0
58 5 0
59 5 0
60 4 1
61 5 0
62 4 1
63 5 0
64 3 1
65 3 1
66 3 1
67 4 0
68 3 1
69 4 0
70 4 0
71 4 0
72 4 0
73 3 1
74 3 0
75 3 0
76 3 0
77 3 0
78 2 1
79 1 1
##=========================================
##[Voxel Mapper]Iteration 600 keyframe id, used times, remaining times:
0 11 0
1 11 0
2 11 0
3 11 0
4 11 0
6 11 0
8 11 0
9 11 0
10 11 0
11 11 0
12 11 0
13 11 0
14 11 0
15 11 0
16 11 0
17 11 0
18 11 0
19 11 0
20 11 0
21 11 0
22 11 0
23 11 0
24 11 0
25 11 0
26 10 0
27 10 0
28 10 0
29 10 0
30 10 0
31 10 0
32 9 0
33 9 0
34 9 0
35 9 0
36 8 0
37 8 0
38 8 0
39 8 0
40 8 0
41 8 0
42 7 0
43 7 0
44 7 0
45 7 0
46 6 0
47 6 0
48 6 0
49 6 0
50 6 0
51 6 0
52 6 0
53 6 0
54 5 0
55 5 0
56 5 0
57 5 0
58 5 0
59 5 0
60 5 0
61 5 0
62 5 0
63 5 0
64 4 0
65 4 0
66 4 0
67 4 0
68 4 0
69 4 0
70 4 0
71 4 0
72 4 0
73 4 0
74 3 0
75 3 0
76 3 0
77 3 0
78 3 0
79 2 0
80 2 0
81 2 0
82 2 0
83 2 0
84 1 1
##=========================================
##[Voxel Mapper]Iteration 650 keyframe id, used times, remaining times:
0 12 0
1 11 1
2 12 0
3 11 1
4 12 0
6 12 0
8 11 1
9 11 1
10 11 1
11 12 0
12 11 1
13 12 0
14 12 0
15 12 0
16 11 1
17 11 1
18 11 1
19 12 0
20 12 0
21 12 0
22 12 0
23 12 0
24 11 1
25 11 1
26 11 0
27 10 1
28 11 0
29 10 1
30 11 0
31 11 0
32 10 0
33 9 1
34 10 0
35 9 1
36 9 0
37 9 0
38 9 0
39 8 1
40 9 0
41 9 0
42 8 0
43 8 0
44 8 0
45 8 0
46 6 1
47 7 0
48 6 1
49 7 0
50 7 0
51 6 1
52 7 0
53 7 0
54 5 1
55 5 1
56 6 0
57 6 0
58 5 1
59 6 0
60 5 1
61 6 0
62 5 1
63 6 0
64 5 0
65 5 0
66 4 1
67 5 0
68 4 1
69 4 1
70 4 1
71 4 1
72 4 1
73 4 1
74 3 1
75 4 0
76 3 1
77 4 0
78 3 1
79 3 0
80 3 0
81 2 1
82 3 0
83 2 1
84 3 0
85 2 0
##=========================================
##[Voxel Mapper]Iteration 700 keyframe id, used times, remaining times:
0 12 0
1 12 0
2 12 0
3 12 0
4 12 0
6 12 0
8 12 0
9 12 0
10 12 0
11 12 0
12 12 0
13 12 0
14 12 0
15 12 0
16 12 0
17 12 0
18 12 0
19 12 0
20 12 0
21 12 0
22 12 0
23 12 0
24 12 0
25 12 0
26 11 0
27 11 0
28 11 0
29 11 0
30 11 0
31 11 0
32 10 0
33 10 0
34 10 0
35 10 0
36 9 0
37 9 0
38 9 0
39 9 0
40 9 0
41 9 0
42 8 0
43 8 0
44 8 0
45 8 0
46 7 0
47 7 0
48 7 0
49 7 0
50 7 0
51 7 0
52 7 0
53 7 0
54 6 0
55 6 0
56 6 0
57 6 0
58 6 0
59 6 0
60 6 0
61 6 0
62 6 0
63 6 0
64 5 0
65 5 0
66 5 0
67 5 0
68 5 0
69 5 0
70 5 0
71 5 0
72 5 0
73 5 0
74 4 0
75 4 0
76 4 0
77 4 0
78 4 0
79 3 0
80 3 0
81 3 0
82 3 0
83 3 0
84 3 0
85 2 0
86 2 0
87 2 0
88 2 0
89 2 0
90 2 0
91 2 0
92 2 0
##=========================================
##[Voxel Mapper]Iteration 750 keyframe id, used times, remaining times:
0 13 0
1 13 0
2 12 1
3 12 1
4 13 0
6 13 0
8 12 1
9 12 1
10 13 0
11 13 0
12 12 1
13 13 0
14 12 1
15 12 1
16 12 1
17 13 0
18 13 0
19 13 0
20 13 0
21 13 0
22 13 0
23 13 0
24 13 0
25 12 1
26 11 1
27 11 1
28 12 0
29 11 1
30 11 1
31 11 1
32 11 0
33 10 1
34 10 1
35 11 0
36 10 0
37 9 1
38 10 0
39 9 1
40 9 1
41 10 0
42 9 0
43 8 1
44 9 0
45 9 0
46 8 0
47 7 1
48 7 1
49 8 0
50 7 1
51 7 1
52 7 1
53 8 0
54 7 0
55 7 0
56 6 1
57 6 1
58 7 0
59 7 0
60 6 1
61 6 1
62 7 0
63 6 1
64 5 1
65 6 0
66 5 1
67 6 0
68 5 1
69 6 0
70 5 1
71 5 1
72 6 0
73 5 1
74 5 0
75 5 0
76 5 0
77 4 1
78 4 1
79 4 0
80 4 0
81 3 1
82 4 0
83 4 0
84 4 0
85 3 0
86 3 0
87 3 0
88 2 1
89 2 1
90 3 0
91 2 1
92 2 1
93 2 1
##=========================================
##[Voxel Mapper]Iteration 800 keyframe id, used times, remaining times:
0 13 0
1 13 0
2 13 0
3 13 0
4 13 0
6 13 0
8 13 0
9 13 0
10 13 0
11 13 0
12 12 1
13 13 0
14 13 0
15 13 0
16 13 0
17 13 0
18 13 0
19 13 0
20 13 0
21 13 0
22 13 0
23 13 0
24 13 0
25 13 0
26 12 0
27 12 0
28 12 0
29 11 1
30 12 0
31 12 0
32 11 0
33 11 0
34 11 0
35 11 0
36 10 0
37 10 0
38 10 0
39 10 0
40 10 0
41 10 0
42 9 0
43 9 0
44 9 0
45 9 0
46 8 0
47 8 0
48 8 0
49 8 0
50 8 0
51 8 0
52 8 0
53 8 0
54 7 0
55 7 0
56 7 0
57 7 0
58 7 0
59 7 0
60 7 0
61 7 0
62 7 0
63 7 0
64 6 0
65 6 0
66 6 0
67 6 0
68 6 0
69 6 0
70 6 0
71 6 0
72 6 0
73 6 0
74 5 0
75 5 0
76 5 0
77 5 0
78 5 0
79 4 0
80 4 0
81 4 0
82 4 0
83 4 0
84 4 0
85 3 0
86 3 0
87 3 0
88 3 0
89 3 0
90 3 0
91 3 0
92 3 0
93 3 0
94 2 0
95 2 0
96 2 0
97 1 1
98 1 1
##=========================================
##[Voxel Mapper]Iteration 850 keyframe id, used times, remaining times:
0 13 1
1 13 1
2 14 0
3 13 1
4 13 1
6 14 0
8 13 1
9 14 0
10 14 0
11 13 1
12 13 1
13 13 1
14 13 1
15 14 0
16 14 0
17 13 1
18 14 0
19 13 1
20 13 1
21 13 1
22 14 0
23 14 0
24 14 0
25 13 1
26 12 1
27 12 1
28 13 0
29 12 1
30 12 1
31 12 1
32 11 1
33 11 1
34 11 1
35 11 1
36 10 1
37 11 0
38 11 0
39 11 0
40 10 1
41 10 1
42 10 0
43 9 1
44 10 0
45 10 0
46 8 1
47 8 1
48 9 0
49 9 0
50 9 0
51 8 1
52 9 0
53 8 1
54 8 0
55 8 0
56 7 1
57 8 0
58 8 0
59 7 1
60 8 0
61 7 1
62 8 0
63 7 1
64 7 0
65 6 1
66 6 1
67 7 0
68 6 1
69 7 0
70 7 0
71 7 0
72 6 1
73 7 0
74 5 1
75 6 0
76 5 1
77 6 0
78 6 0
79 4 1
80 4 1
81 4 1
82 4 1
83 5 0
84 5 0
85 3 1
86 4 0
87 3 1
88 4 0
89 4 0
90 3 1
91 3 1
92 4 0
93 3 1
94 3 0
95 3 0
96 3 0
97 3 0
98 2 1
##=========================================
##[Voxel Mapper]Iteration 50 keyframe id, used times, remaining times:
0 2 1
1 2 1
2 2 1
3 2 1
4 2 1
5 2 1
7 2 1
8 2 1
9 2 1
10 2 1
11 2 1
12 2 1
13 2 1
14 2 1
15 2 1
16 2 1
17 2 1
18 2 1
19 2 1
20 2 1
21 2 1
22 2 1
23 3 0
24 3 0
##=========================================
##[Voxel Mapper]Iteration 100 keyframe id, used times, remaining times:
0 3 1
1 4 0
2 4 0
3 3 1
4 4 0
5 4 0
7 3 1
8 3 1
9 3 1
10 3 1
11 4 0
12 3 1
13 4 0
14 4 0
15 3 1
16 3 1
17 3 1
18 4 0
19 4 0
20 4 0
21 4 0
22 3 1
23 4 0
24 4 0
25 3 0
26 3 0
27 3 0
28 2 1
29 3 0
31 1 1
##=========================================
##[Voxel Mapper]Iteration 150 keyframe id, used times, remaining times:
0 5 0
1 5 0
2 5 0
3 5 0
4 5 0
5 5 0
7 5 0
8 5 0
9 5 0
10 4 1
11 4 1
12 5 0
13 4 1
14 4 1
15 5 0
16 4 1
17 4 1
18 5 0
19 4 1
20 5 0
21 5 0
22 5 0
23 5 0
24 5 0
25 4 0
26 4 0
27 4 0
28 3 1
29 4 0
30 3 0
31 3 0
32 2 1
33 3 0
34 3 0
35 1 1
36 2 0
37 1 1
##=========================================
##[Voxel Mapper]Iteration 200 keyframe id, used times, remaining times:
0 5 1
1 6 0
2 6 0
3 6 0
4 6 0
5 5 1
7 6 0
8 6 0
9 6 0
10 6 0
11 6 0
12 6 0
13 6 0
14 5 1
15 6 0
16 6 0
17 6 0
18 6 0
19 5 1
20 6 0
21 6 0
22 6 0
23 5 1
24 6 0
25 5 0
26 4 1
27 5 0
28 5 0
29 5 0
30 4 0
31 4 0
32 4 0
33 4 0
34 4 0
35 3 0
36 3 0
37 3 0
38 2 1
39 2 1
40 3 0
41 1 1
##=========================================
##[Voxel Mapper]Iteration 250 keyframe id, used times, remaining times:
0 7 0
1 6 1
2 6 1
3 7 0
4 7 0
5 6 1
7 7 0
8 7 0
9 6 1
10 7 0
11 6 1
12 6 1
13 7 0
14 7 0
15 7 0
16 7 0
17 7 0
18 6 1
19 7 0
20 7 0
21 6 1
22 7 0
23 7 0
24 6 1
25 6 0
26 6 0
27 6 0
28 6 0
29 5 1
30 5 0
31 5 0
32 5 0
33 5 0
34 5 0
35 4 0
36 4 0
37 3 1
38 4 0
39 4 0
40 4 0
41 2 1
42 2 1
43 3 0
44 3 0
45 3 0
46 1 1
##=========================================
##[Voxel Mapper]Iteration 300 keyframe id, used times, remaining times:
0 7 1
1 7 1
2 7 1
3 7 1
4 7 1
5 8 0
7 7 1
8 8 0
9 7 1
10 8 0
11 7 1
12 8 0
13 8 0
14 7 1
15 8 0
16 7 1
17 7 1
18 7 1
19 7 1
20 7 1
21 8 0
22 7 1
23 7 1
24 8 0
25 7 0
26 6 1
27 6 1
28 6 1
29 7 0
30 5 1
31 6 0
32 5 1
33 5 1
34 5 1
35 4 1
36 5 0
37 5 0
38 4 1
39 4 1
40 5 0
41 4 0
42 4 0
43 3 1
44 3 1
45 4 0
46 2 1
47 3 0
48 2 1
49 3 0
50 2 1
51 2 1
52 2 1
53 2 1
54 3 0
##=========================================
##[Voxel Mapper]Iteration 350 keyframe id, used times, remaining times:
0 8 0
1 8 0
2 8 0
3 8 0
4 8 0
5 8 0
7 8 0
8 8 0
9 8 0
10 8 0
11 8 0
12 8 0
13 8 0
14 8 0
15 8 0
16 8 0
17 8 0
18 8 0
19 8 0
20 8 0
21 8 0
22 8 0
23 8 0
24 8 0
25 7 0
26 7 0
27 7 0
28 7 0
29 7 0
30 6 0
31 6 0
32 6 0
33 6 0
34 6 0
35 5 0
36 5 0
37 5 0
38 5 0
39 5 0
40 5 0
41 4 0
42 4 0
43 4 0
44 4 0
45 4 0
46 3 0
47 3 0
48 3 0
49 3 0
50 3 0
51 3 0
52 3 0
53 3 0
54 3 0
55 2 0
56 2 0
57 2 0
58 2 0
59 2 0
60 2 0
61 1 1
62 1 1
63 2 0
##=========================================
##[Voxel Mapper]Iteration 400 keyframe id, used times, remaining times:
0 8 1
1 8 1
2 8 1
3 9 0
4 9 0
5 9 0
7 9 0
8 8 1
9 9 0
10 9 0
11 9 0
12 9 0
13 9 0
14 9 0
15 8 1
16 9 0
17 9 0
18 8 1
19 9 0
20 9 0
21 9 0
22 8 1
23 9 0
24 9 0
25 7 1
26 8 0
27 8 0
28 7 1
29 8 0
30 6 1
31 7 0
32 6 1
33 7 0
34 7 0
35 5 1
36 6 0
37 6 0
38 5 1
39 6 0
40 5 1
41 5 0
42 5 0
43 4 1
44 5 0
45 5 0
46 3 1
47 4 0
48 3 1
49 4 0
50 4 0
51 3 1
52 4 0
53 4 0
54 4 0
55 2 1
56 3 0
57 3 0
58 3 0
59 2 1
60 3 0
61 3 0
62 3 0
63 3 0
64 3 0
66 2 0
##=========================================
##[Voxel Mapper]Iteration 450 keyframe id, used times, remaining times:
0 10 0
1 9 1
2 9 1
3 10 0
4 9 1
5 9 1
7 9 1
8 9 1
9 10 0
10 9 1
11 9 1
12 9 1
13 10 0
14 10 0
15 9 1
16 9 1
17 9 1
18 9 1
19 9 1
20 9 1
21 9 1
22 9 1
23 9 1
24 9 1
25 8 1
26 8 1
27 8 1
28 9 0
29 8 1
30 7 1
31 8 0
32 8 0
33 7 1
34 8 0
35 6 1
36 6 1
37 6 1
38 6 1
39 7 0
40 6 1
41 5 1
42 5 1
43 5 1
44 5 1
45 5 1
46 4 1
47 4 1
48 4 1
49 4 1
50 4 1
51 4 1
52 5 0
53 4 1
54 4 1
55 4 0
56 3 1
57 3 1
58 3 1
59 3 1
60 3 1
61 4 0
62 3 1
63 3 1
64 4 0
65 2 1
66 2 1
67 2 1
68 2 1
69 2 1
70 2 1
71 2 1
72 2 1
73 2 1
##=========================================
##[Voxel Mapper]Iteration 500 keyframe id, used times, remaining times:
0 10 0
1 10 0
2 10 0
3 10 0
4 9 1
5 10 0
7 10 0
8 10 0
9 10 0
10 10 0
11 9 1
12 10 0
13 10 0
14 10 0
15 10 0
16 10 0
17 10 0
18 9 1
19 10 0
20 9 1
21 10 0
22 10 0
23 10 0
24 10 0
25 8 1
26 9 0
27 9 0
28 9 0
29 9 0
30 8 0
31 8 0
32 8 0
33 8 0
34 8 0
35 7 0
36 6 1
37 6 1
38 6 1
39 7 0
40 7 0
41 6 0
42 5 1
43 6 0
44 6 0
45 6 0
46 5 0
47 5 0
48 4 1
49 4 1
50 5 0
51 5 0
52 5 0
53 5 0
54 4 1
55 4 0
56 4 0
57 4 0
58 4 0
59 4 0
60 4 0
61 4 0
62 4 0
63 4 0
64 4 0
65 3 0
66 2 1
67 3 0
68 3 0
69 3 0
70 3 0
71 3 0
72 3 0
73 3 0
74 2 0
75 2 0
##=========================================
##[Voxel Mapper]Iteration 550 keyframe id, used times, remaining times:
0 10 1
1 10 1
2 10 1
3 11 0
4 10 1
5 10 1
7 11 0
8 10 1
9 11 0
10 11 0
11 10 1
12 10 1
13 11 0
14 11 0
15 10 1
16 11 0
17 11 0
18 10 1
19 10 1
20 11 0
21 10 1
22 10 1
23 10 1
24 11 0
25 9 1
26 9 1
27 9 1
28 10 0
29 9 1
30 8 1
31 8 1
32 9 0
33 9 0
34 8 1
35 7 1
36 8 0
37 7 1
38 8 0
39 7 1
40 7 1
41 7 0
42 6 1
43 6 1
44 7 0
45 6 1
46 5 1
47 5 1
48 5 1
49 5 1
50 5 1
51 5 1
52 5 1
53 5 1
54 5 1
55 4 1
56 4 1
57 4 1
58 4 1
59 4 1
60 5 0
61 5 0
62 4 1
63 5 0
64 5 0
65 4 0
66 4 0
67 3 1
68 4 0
69 4 0
70 4 0
71 3 1
72 4 0
73 4 0
74 2 1
75 2 1
76 3 0
77 3 0
78 3 0
##=========================================
##[Voxel Mapper]Iteration 600 keyframe id, used times, remaining times:
0 11 0
1 11 0
2 11 0
3 11 0
4 11 0
5 11 0
7 11 0
8 11 0
9 11 0
10 11 0
11 11 0
12 11 0
13 11 0
14 11 0
15 11 0
16 11 0
17 11 0
18 11 0
19 10 1
20 11 0
21 11 0
22 11 0
23 11 0
24 11 0
25 9 1
26 10 0
27 10 0
28 10 0
29 10 0
30 9 0
31 9 0
32 9 0
33 9 0
34 9 0
35 8 0
36 8 0
37 8 0
38 8 0
39 8 0
40 8 0
41 7 0
42 7 0
43 7 0
44 7 0
45 7 0
46 6 0
47 6 0
48 5 1
49 5 1
50 6 0
51 6 0
52 6 0
53 6 0
54 6 0
55 5 0
56 5 0
57 5 0
58 4 1
59 5 0
60 5 0
61 5 0
62 5 0
63 5 0
64 5 0
65 4 0
66 4 0
67 4 0
68 4 0
69 4 0
70 4 0
71 4 0
72 4 0
73 4 0
74 3 0
75 3 0
76 3 0
77 3 0
78 3 0
79 1 1
80 2 0
81 1 1
82 2 0
83 1 1
84 1 1
##=========================================
##[Voxel Mapper]Iteration 650 keyframe id, used times, remaining times:
0 12 0
1 12 0
2 11 1
3 11 1
4 11 1
5 11 1
7 11 1
8 11 1
9 12 0
10 12 0
11 11 1
12 11 1
13 12 0
14 11 1
15 11 1
16 12 0
17 12 0
18 11 1
19 12 0
20 11 1
21 12 0
22 11 1
23 12 0
24 11 1
25 10 1
26 10 1
27 11 0
28 10 1
29 10 1
30 9 1
31 10 0
32 10 0
33 10 0
34 10 0
35 8 1
36 9 0
37 9 0
38 9 0
39 8 1
40 8 1
41 8 0
42 7 1
43 8 0
44 7 1
45 8 0
46 7 0
47 6 1
48 7 0
49 7 0
50 7 0
51 6 1
52 6 1
53 6 1
54 7 0
55 6 0
56 5 1
57 6 0
58 5 1
59 6 0
60 6 0
61 5 1
62 5 1
63 5 1
64 6 0
65 4 1
66 4 1
67 4 1
68 4 1
69 4 1
70 4 1
71 4 1
72 4 1
73 5 0
74 4 0
75 4 0
76 3 1
77 4 0
78 3 1
79 2 1
80 3 0
81 2 1
82 2 1
83 3 0
84 3 0
85 3 0
##=========================================
##[Voxel Mapper]Iteration 700 keyframe id, used times, remaining times:
0 12 0
1 12 0
2 12 0
3 12 0
4 12 0
5 12 0
7 12 0
8 11 1
9 12 0
10 12 0
11 11 1
12 12 0
13 12 0
14 11 1
15 12 0
16 12 0
17 12 0
18 12 0
19 12 0
20 12 0
21 12 0
22 12 0
23 12 0
24 12 0
25 11 0
26 11 0
27 11 0
28 11 0
29 11 0
30 10 0
31 10 0
32 10 0
33 10 0
34 10 0
35 9 0
36 9 0
37 9 0
38 9 0
39 9 0
40 9 0
41 8 0
42 8 0
43 8 0
44 8 0
45 8 0
46 7 0
47 6 1
48 7 0
49 7 0
50 7 0
51 7 0
52 7 0
53 7 0
54 7 0
55 6 0
56 6 0
57 6 0
58 6 0
59 6 0
60 6 0
61 6 0
62 6 0
63 6 0
64 6 0
65 4 1
66 5 0
67 5 0
68 5 0
69 5 0
70 5 0
71 5 0
72 5 0
73 5 0
74 4 0
75 4 0
76 4 0
77 4 0
78 4 0
79 3 0
80 3 0
81 2 1
82 3 0
83 3 0
84 3 0
85 3 0
86 2 0
87 1 1
88 1 1
89 2 0
90 1 1
91 2 0
92 1 1
##=========================================
##[Voxel Mapper]Iteration 750 keyframe id, used times, remaining times:
0 12 1
1 12 1
2 13 0
3 13 0
4 13 0
5 12 1
7 12 1
8 13 0
9 12 1
10 13 0
11 12 1
12 13 0
13 13 0
14 12 1
15 12 1
16 13 0
17 12 1
18 13 0
19 13 0
20 12 1
21 13 0
22 12 1
23 12 1
24 13 0
25 12 0
26 11 1
27 11 1
28 11 1
29 11 1
30 10 1
31 10 1
32 10 1
33 11 0
34 11 0
35 9 1
36 9 1
37 9 1
38 9 1
39 9 1
40 10 0
41 8 1
42 9 0
43 8 1
44 8 1
45 9 0
46 7 1
47 7 1
48 7 1
49 7 1
50 7 1
51 7 1
52 7 1
53 8 0
54 7 1
55 7 0
56 7 0
57 6 1
58 6 1
59 6 1
60 7 0
61 6 1
62 7 0
63 6 1
64 7 0
65 5 1
66 5 1
67 6 0
68 5 1
69 6 0
70 5 1
71 6 0
72 5 1
73 5 1
74 5 0
75 4 1
76 4 1
77 5 0
78 4 1
79 3 1
80 4 0
81 3 1
82 3 1
83 4 0
84 3 1
85 3 1
86 2 1
87 3 0
88 3 0
89 3 0
90 3 0
91 2 1
92 3 0
93 2 1
94 2 1
##=========================================
##[Voxel Mapper]Iteration 800 keyframe id, used times, remaining times:
0 13 0
1 13 0
2 13 0
3 13 0
4 13 0
5 13 0
7 13 0
8 13 0
9 12 1
10 13 0
11 12 1
12 13 0
13 13 0
14 13 0
15 13 0
16 13 0
17 13 0
18 13 0
19 13 0
20 13 0
21 13 0
22 13 0
23 13 0
24 13 0
25 12 0
26 12 0
27 12 0
28 12 0
29 12 0
30 11 0
31 11 0
32 10 1
33 11 0
34 11 0
35 10 0
36 10 0
37 10 0
38 10 0
39 10 0
40 10 0
41 9 0
42 9 0
43 9 0
44 9 0
45 9 0
46 8 0
47 7 1
48 8 0
49 8 0
50 8 0
51 8 0
52 8 0
53 8 0
54 8 0
55 7 0
56 7 0
57 7 0
58 7 0
59 7 0
60 7 0
61 7 0
62 7 0
63 7 0
64 7 0
65 6 0
66 5 1
67 6 0
68 5 1
69 6 0
70 5 1
71 6 0
72 5 1
73 6 0
74 5 0
75 5 0
76 5 0
77 5 0
78 5 0
79 4 0
80 4 0
81 4 0
82 4 0
83 4 0
84 4 0
85 4 0
86 2 1
87 3 0
88 3 0
89 3 0
90 3 0
91 3 0
92 3 0
93 3 0
94 2 1
95 1 1
97 1 1
##=========================================
##[Voxel Mapper]Iteration 850 keyframe id, used times, remaining times:
0 14 0
1 14 0
2 13 1
3 14 0
4 13 1
5 14 0
7 13 1
8 13 1
9 14 0
10 14 0
11 13 1
12 13 1
13 14 0
14 14 0
15 13 1
16 14 0
17 13 1
18 13 1
19 13 1
20 13 1
21 13 1
22 13 1
23 13 1
24 13 1
25 12 1
26 13 0
27 13 0
28 12 1
29 12 1
30 11 1
31 11 1
32 11 1
33 11 1
34 12 0
35 10 1
36 11 0
37 11 0
38 11 0
39 10 1
40 11 0
41 9 1
42 9 1
43 9 1
44 9 1
45 9 1
46 8 1
47 8 1
48 8 1
49 9 0
50 9 0
51 9 0
52 8 1
53 8 1
54 8 1
55 7 1
56 7 1
57 8 0
58 7 1
59 8 0
60 7 1
61 8 0
62 7 1
63 7 1
64 8 0
65 6 1
66 6 1
67 6 1
68 6 1
69 6 1
70 6 1
71 6 1
72 6 1
73 7 0
74 6 0
75 5 1
76 5 1
77 5 1
78 6 0
79 5 0
80 5 0
81 4 1
82 4 1
83 4 1
84 5 0
85 4 1
86 3 1
87 4 0
88 3 1
89 4 0
90 4 0
91 4 0
92 3 1
93 4 0
94 3 1
95 3 0
96 3 0
97 2 1
##=========================================
##[Voxel Mapper]Iteration 50 keyframe id, used times, remaining times:
0 2 1
1 3 0
2 3 0
3 3 0
4 2 1
6 3 0
7 2 1
8 3 0
9 3 0
10 2 1
11 3 0
12 3 0
13 2 1
14 2 1
15 3 0
16 3 0
17 2 1
18 2 1
19 3 0
20 1 1
##=========================================
##[Voxel Mapper]Iteration 100 keyframe id, used times, remaining times:
0 4 1
1 5 0
2 5 0
3 5 0
4 5 0
6 5 0
7 4 1
8 5 0
9 5 0
10 5 0
11 5 0
12 4 1
13 4 1
14 5 0
15 5 0
16 5 0
17 4 1
18 5 0
19 5 0
20 4 0
21 2 1
22 3 0
23 1 1
##=========================================
##[Voxel Mapper]Iteration 150 keyframe id, used times, remaining times:
0 6 1
1 7 0
2 6 1
3 6 1
4 7 0
6 7 0
7 7 0
8 6 1
9 7 0
10 6 1
11 6 1
12 7 0
13 6 1
14 7 0
15 7 0
16 7 0
17 7 0
18 6 1
19 7 0
20 5 1
21 4 1
22 4 1
23 3 1
24 3 1
25 3 0
26 3 0
##=========================================
##[Voxel Mapper]Iteration 200 keyframe id, used times, remaining times:
0 8 1
1 8 1
2 8 1
3 8 1
4 8 1
6 8 1
7 8 1
8 8 1
9 8 1
10 8 1
11 8 1
12 8 1
13 8 1
14 8 1
15 8 1
16 8 1
17 8 1
18 8 1
19 8 1
20 7 1
21 6 1
22 6 1
23 5 1
24 5 1
25 4 1
26 4 1
27 3 1
28 3 1
29 2 1
30 3 0
##=========================================
##[Voxel Mapper]Iteration 250 keyframe id, used times, remaining times:
0 10 0
1 9 1
2 9 1
3 9 1
4 10 0
6 10 0
7 10 0
8 9 1
9 9 1
10 9 1
11 10 0
12 9 1
13 9 1
14 10 0
15 10 0
16 10 0
17 9 1
18 9 1
19 10 0
20 8 1
21 7 1
22 8 0
23 7 0
24 7 0
25 6 0
26 5 1
27 5 0
28 5 0
29 4 0
30 4 0
31 3 0
32 1 1
##=========================================
##[Voxel Mapper]Iteration 300 keyframe id, used times, remaining times:
0 11 0
1 11 0
2 11 0
3 11 0
4 11 0
6 11 0
7 11 0
8 11 0
9 10 1
10 11 0
11 11 0
12 11 0
13 11 0
14 11 0
15 11 0
16 11 0
17 11 0
18 10 1
19 11 0
20 10 0
21 9 0
22 9 0
23 8 0
24 8 0
25 7 0
26 7 0
27 6 0
28 6 0
29 5 0
30 5 0
31 4 0
32 3 0
33 3 0
34 3 0
##=========================================
##[Voxel Mapper]Iteration 350 keyframe id, used times, remaining times:
0 13 0
1 12 1
2 12 1
3 12 1
4 12 1
6 12 1
7 12 1
8 12 1
9 12 1
10 12 1
11 12 1
12 13 0
13 12 1
14 12 1
15 12 1
16 12 1
17 12 1
18 12 1
19 12 1
20 11 1
21 10 1
22 11 0
23 9 1
24 9 1
25 8 1
26 8 1
27 7 1
28 8 0
29 7 0
30 6 1
31 5 1
32 4 1
33 4 1
34 4 1
35 3 1
36 3 1
37 3 0
##=========================================
##[Voxel Mapper]Iteration 400 keyframe id, used times, remaining times:
0 13 1
1 14 0
2 14 0
3 14 0
4 13 1
6 13 1
7 13 1
8 13 1
9 14 0
10 14 0
11 14 0
12 13 1
13 13 1
14 13 1
15 14 0
16 13 1
17 13 1
18 13 1
19 13 1
20 12 1
21 12 0
22 11 1
23 10 1
24 10 1
25 10 0
26 9 1
27 9 0
28 8 1
29 7 1
30 8 0
31 6 1
32 5 1
33 5 1
34 5 1
35 5 0
36 5 0
37 3 1
38 2 1
39 3 0
40 1 1
##=========================================
##[Voxel Mapper]Iteration 450 keyframe id, used times, remaining times:
0 15 0
1 15 0
2 15 0
3 14 1
4 14 1
6 15 0
7 15 0
8 14 1
9 14 1
10 14 1
11 15 0
12 15 0
13 15 0
14 15 0
15 14 1
16 15 0
17 14 1
18 15 0
19 15 0
20 13 1
21 12 1
22 12 1
23 12 0
24 11 1
25 10 1
26 11 0
27 10 0
28 10 0
29 8 1
30 8 1
31 7 1
32 6 1
33 7 0
34 6 1
35 6 0
36 5 1
37 4 1
38 4 0
39 3 1
40 3 0
41 3 0
42 1 1
##=========================================
##[Voxel Mapper]Iteration 500 keyframe id, used times, remaining times:
0 16 0
1 15 1
2 16 0
3 16 0
4 16 0
6 15 1
7 15 1
8 16 0
9 16 0
10 16 0
11 16 0
12 16 0
13 16 0
14 15 1
15 15 1
16 15 1
17 15 1
18 15 1
19 15 1
20 15 0
21 14 0
22 13 1
23 12 1
24 13 0
25 11 1
26 12 0
27 10 1
28 11 0
29 9 1
30 10 0
31 8 1
32 8 0
33 8 0
34 7 1
35 7 0
36 7 0
37 5 1
38 4 1
39 5 0
40 4 0
41 4 0
42 2 1
43 2 1
44 3 0
45 1 1
##=========================================
##[Voxel Mapper]Iteration 550 keyframe id, used times, remaining times:
0 17 0
1 16 1
2 17 0
3 16 1
4 16 1
6 17 0
7 16 1
8 17 0
9 17 0
10 16 1
11 16 1
12 16 1
13 16 1
14 16 1
15 16 1
16 16 1
17 17 0
18 17 0
19 17 0
20 15 1
21 15 0
22 14 1
23 14 0
24 14 0
25 13 0
26 12 1
27 12 0
28 11 1
29 10 1
30 10 1
31 10 0
32 8 1
33 9 0
34 8 1
35 8 0
36 8 0
37 7 0
38 6 0
39 6 0
40 5 0
41 4 1
42 4 0
43 4 0
44 3 1
45 2 1
46 2 1
47 3 0
48 1 1
##=========================================
##[Voxel Mapper]Iteration 600 keyframe id, used times, remaining times:
0 17 1
1 18 0
2 17 1
3 18 0
4 17 1
6 17 1
7 17 1
8 17 1
9 18 0
10 17 1
11 17 1
12 17 1
13 18 0
14 17 1
15 18 0
16 17 1
17 17 1
18 18 0
19 18 0
20 17 0
21 16 0
22 15 1
23 14 1
24 14 1
25 13 1
26 13 1
27 12 1
28 12 1
29 11 1
30 11 1
31 10 1
32 9 1
33 10 0
34 10 0
35 8 1
36 8 1
37 8 0
38 7 0
39 6 1
40 6 0
41 5 1
42 5 0
43 5 0
44 4 1
45 3 1
46 3 1
47 3 1
48 3 0
49 2 1
50 3 0
51 2 1
52 2 1
##=========================================
##[Voxel Mapper]Iteration 650 keyframe id, used times, remaining times:
0 18 1
1 18 1
2 18 1
3 18 1
4 18 1
6 18 1
7 19 0
8 18 1
9 18 1
10 18 1
11 18 1
12 18 1
13 18 1
14 19 0
15 18 1
16 18 1
17 19 0
18 18 1
19 18 1
20 17 1
21 16 1
22 16 1
23 15 1
24 15 1
25 14 1
26 14 1
27 13 1
28 13 1
29 12 1
30 12 1
31 12 0
32 11 0
33 10 1
34 10 1
35 9 1
36 9 1
37 8 1
38 7 1
39 8 0
40 6 1
41 6 1
42 5 1
43 5 1
44 5 1
45 4 1
46 5 0
47 4 1
48 3 1
49 3 1
50 3 1
51 3 1
52 3 1
53 2 1
54 2 1
55 3 0
56 2 1
##=========================================
##[Voxel Mapper]Iteration 700 keyframe id, used times, remaining times:
0 19 0
1 19 0
2 19 0
3 19 0
4 19 0
6 19 0
7 19 0
8 19 0
9 19 0
10 19 0
11 19 0
12 19 0
13 19 0
14 19 0
15 18 1
16 19 0
17 19 0
18 19 0
19 19 0
20 18 0
21 17 0
22 17 0
23 16 0
24 16 0
25 14 1
26 15 0
27 14 0
28 14 0
29 13 0
30 13 0
31 12 0
32 11 0
33 11 0
34 11 0
35 10 0
36 10 0
37 9 0
38 8 0
39 8 0
40 7 0
41 7 0
42 6 0
43 6 0
44 6 0
45 5 0
46 5 0
47 5 0
48 4 0
49 4 0
50 4 0
51 4 0
52 4 0
53 3 0
54 3 0
55 3 0
56 3 0
57 1 1
58 2 0
60 1 1
##=========================================
##[Voxel Mapper]Iteration 750 keyframe id, used times, remaining times:
0 20 0
1 19 1
2 20 0
3 20 0
4 20 0
6 20 0
7 20 0
8 19 1
9 20 0
10 19 1
11 19 1
12 20 0
13 19 1
14 20 0
15 20 0
16 20 0
17 19 1
18 19 1
19 20 0
20 19 0
21 18 0
22 18 0
23 17 0
24 17 0
25 16 0
26 16 0
27 14 1
28 15 0
29 13 1
30 14 0
31 13 0
32 11 1
33 11 1
34 12 0
35 10 1
36 11 0
37 10 0
38 9 0
39 9 0
40 8 0
41 8 0
42 6 1
43 7 0
44 6 1
45 5 1
46 6 0
47 6 0
48 5 0
49 5 0
50 5 0
51 5 0
52 4 1
53 4 0
54 4 0
55 3 1
56 4 0
57 3 0
58 2 1
59 3 0
60 2 1
61 2 0
63 1 1
##=========================================
##[Voxel Mapper]Iteration 800 keyframe id, used times, remaining times:
0 20 1
1 20 1
2 20 1
3 20 1
4 20 1
6 20 1
7 21 0
8 21 0
9 20 1
10 21 0
11 20 1
12 21 0
13 20 1
14 20 1
15 21 0
16 21 0
17 20 1
18 21 0
19 20 1
20 19 1
21 19 0
22 18 1
23 17 1
24 18 0
25 16 1
26 16 1
27 16 0
28 16 0
29 14 1
30 15 0
31 14 0
32 12 1
33 13 0
34 12 1
35 11 1
36 12 0
37 10 1
38 10 0
39 10 0
40 8 1
41 9 0
42 8 0
43 8 0
44 7 1
45 6 1
46 7 0
47 7 0
48 5 1
49 5 1
50 6 0
51 5 1
52 5 1
53 4 1
54 4 1
55 4 1
56 4 1
57 3 1
58 3 1
59 4 0
60 4 0
61 2 1
62 2 1
63 2 1
64 3 0
##=========================================
##[Voxel Mapper]Iteration 850 keyframe id, used times, remaining times:
0 21 1
1 21 1
2 21 1
3 21 1
4 21 1
6 21 1
7 21 1
8 21 1
9 21 1
10 21 1
11 21 1
12 22 0
13 21 1
14 21 1
15 21 1
16 21 1
17 21 1
18 21 1
19 22 0
20 20 1
21 19 1
22 19 1
23 18 1
24 18 1
25 17 1
26 17 1
27 16 1
28 16 1
29 15 1
30 16 0
31 14 1
32 14 0
33 13 1
34 13 1
35 12 1
36 12 1
37 11 1
38 10 1
39 11 0
40 9 1
41 9 1
42 8 1
43 8 1
44 8 1
45 7 1
46 7 1
47 7 1
48 6 1
49 6 1
50 6 1
51 6 1
52 6 1
53 5 1
54 5 1
55 5 1
56 5 1
57 4 1
58 4 1
59 4 1
60 4 1
61 3 1
62 3 1
63 3 1
64 3 1
65 2 1
66 2 1
67 3 0
##=========================================
##[Voxel Mapper]Iteration 900 keyframe id, used times, remaining times:
0 22 0
1 21 1
2 22 0
3 22 0
4 22 0
6 22 0
7 22 0
8 21 1
9 22 0
10 22 0
11 21 1
12 22 0
13 21 1
14 21 1
15 22 0
16 22 0
17 21 1
18 22 0
19 22 0
20 21 0
21 20 0
22 20 0
23 18 1
24 19 0
25 17 1
26 17 1
27 17 0
28 17 0
29 16 0
30 16 0
31 15 0
32 14 0
33 13 1
34 14 0
35 13 0
36 12 1
37 12 0
38 10 1
39 11 0
40 10 0
41 10 0
42 9 0
43 9 0
44 9 0
45 8 0
46 8 0
47 8 0
48 7 0
49 7 0
50 7 0
51 7 0
52 7 0
53 6 0
54 6 0
55 6 0
56 6 0
57 5 0
58 5 0
59 5 0
60 4 1
61 4 0
62 4 0
63 4 0
64 4 0
65 3 0
66 3 0
67 3 0
68 2 0
##=========================================
##[Voxel Mapper]Iteration 950 keyframe id, used times, remaining times:
0 22 1
1 22 1
2 22 1
3 22 1
4 23 0
6 23 0
7 22 1
8 23 0
9 22 1
10 22 1
11 23 0
12 23 0
13 23 0
14 23 0
15 23 0
16 22 1
17 22 1
18 22 1
19 22 1
20 22 0
21 20 1
22 20 1
23 20 0
24 20 0
25 19 0
26 19 0
27 17 1
28 18 0
29 16 1
30 17 0
31 16 0
32 14 1
33 14 1
34 14 1
35 13 1
36 14 0
37 12 1
38 11 1
39 12 0
40 10 1
41 11 0
42 9 1
43 10 0
44 10 0
45 8 1
46 8 1
47 9 0
48 7 1
49 7 1
50 7 1
51 7 1
52 8 0
53 6 1
54 6 1
55 7 0
56 7 0
57 6 0
58 5 1
59 6 0
60 5 1
61 5 0
62 4 1
63 5 0
64 4 1
65 4 0
66 4 0
67 3 1
68 3 0
69 2 1
70 3 0
##=========================================
##[Voxel Mapper]Iteration 1000 keyframe id, used times, remaining times:
0 23 1
1 23 1
2 23 1
3 23 1
4 23 1
6 23 1
7 23 1
8 23 1
9 23 1
10 23 1
11 23 1
12 24 0
13 23 1
14 23 1
15 23 1
16 23 1
17 23 1
18 23 1
19 23 1
20 22 1
21 22 0
22 21 1
23 20 1
24 20 1
25 19 1
26 19 1
27 19 0
28 18 1
29 17 1
30 17 1
31 16 1
32 15 1
33 15 1
34 15 1
35 14 1
36 14 1
37 13 1
38 12 1
39 12 1
40 11 1
41 11 1
42 11 0
43 10 1
44 10 1
45 9 1
46 9 1
47 9 1
48 8 1
49 8 1
50 8 1
51 8 1
52 8 1
53 7 1
54 7 1
55 7 1
56 7 1
57 6 1
58 7 0
59 7 0
60 7 0
61 5 1
62 5 1
63 6 0
64 5 1
65 4 1
66 4 1
67 4 1
68 3 1
69 3 1
70 3 1
71 2 1
72 3 0
##=========================================
##[Voxel Mapper]Iteration 1050 keyframe id, used times, remaining times:
0 24 0
1 24 0
2 24 0
3 24 0
4 24 0
6 23 1
7 24 0
8 24 0
9 24 0
10 24 0
11 24 0
12 24 0
13 24 0
14 24 0
15 24 0
16 23 1
17 24 0
18 23 1
19 24 0
20 22 1
21 22 0
22 21 1
23 20 1
24 21 0
25 20 0
26 19 1
27 19 0
28 19 0
29 18 0
30 18 0
31 17 0
32 16 0
33 16 0
34 15 1
35 15 0
36 15 0
37 14 0
38 13 0
39 13 0
40 11 1
41 12 0
42 11 0
43 11 0
44 11 0
45 10 0
46 10 0
47 9 1
48 9 0
49 9 0
50 8 1
51 9 0
52 9 0
53 8 0
54 8 0
55 7 1
56 7 1
57 7 0
58 7 0
59 7 0
60 7 0
61 6 0
62 6 0
63 6 0
64 6 0
65 5 0
66 5 0
67 5 0
68 4 0
69 4 0
70 4 0
71 3 0
72 3 0
##=========================================
##[Voxel Mapper]Iteration 1100 keyframe id, used times, remaining times:
0 24 1
1 24 1
2 24 1
3 24 1
4 24 1
6 25 0
7 24 1
8 25 0
9 24 1
10 24 1
11 24 1
12 25 0
13 25 0
14 25 0
15 25 0
16 24 1
17 24 1
18 24 1
19 24 1
20 24 0
21 23 0
22 23 0
23 21 1
24 21 1
25 21 0
26 21 0
27 20 0
28 20 0
29 18 1
30 19 0
31 17 1
32 16 1
33 16 1
34 16 1
35 15 1
36 16 0
37 14 1
38 13 1
39 13 1
40 13 0
41 13 0
42 11 1
43 12 0
44 11 1
45 10 1
46 11 0
47 10 1
48 10 0
49 10 0
50 9 1
51 10 0
52 9 1
53 8 1
54 8 1
55 9 0
56 9 0
57 8 0
58 7 1
59 7 1
60 7 1
61 6 1
62 7 0
63 7 0
64 7 0
65 5 1
66 6 0
67 5 1
68 4 1
69 5 0
70 4 1
71 4 0
72 3 1
73 3 0
74 3 0
##=========================================
##[Voxel Mapper]Iteration 1150 keyframe id, used times, remaining times:
0 25 1
1 25 1
2 25 1
3 25 1
4 25 1
6 25 1
7 25 1
8 26 0
9 25 1
10 25 1
11 25 1
12 25 1
13 25 1
14 25 1
15 25 1
16 25 1
17 25 1
18 25 1
19 25 1
20 24 1
21 23 1
22 23 1
23 22 1
24 22 1
25 21 1
26 21 1
27 20 1
28 20 1
29 19 1
30 19 1
31 18 1
32 17 1
33 17 1
34 17 1
35 17 0
36 16 1
37 15 1
38 14 1
39 15 0
40 13 1
41 13 1
42 13 0
43 12 1
44 12 1
45 11 1
46 11 1
47 11 1
48 10 1
49 10 1
50 10 1
51 10 1
52 10 1
53 9 1
54 9 1
55 9 1
56 9 1
57 8 1
58 8 1
59 8 1
60 8 1
61 7 1
62 7 1
63 7 1
64 7 1
65 6 1
66 6 1
67 6 1
68 5 1
69 5 1
70 5 1
71 4 1
72 4 1
73 3 1
74 3 1
75 2 1
76 3 0
##=========================================
##[Voxel Mapper]Iteration 1200 keyframe id, used times, remaining times:
0 26 0
1 26 0
2 26 0
3 26 0
4 26 0
6 26 0
7 26 0
8 26 0
9 26 0
10 26 0
11 25 1
12 25 1
13 26 0
14 25 1
15 26 0
16 26 0
17 26 0
18 26 0
19 26 0
20 24 1
21 24 0
22 23 1
23 23 0
24 23 0
25 22 0
26 21 1
27 20 1
28 21 0
29 19 1
30 20 0
31 18 1
32 17 1
33 17 1
34 18 0
35 17 0
36 17 0
37 15 1
38 14 1
39 15 0
40 14 0
41 14 0
42 13 0
43 13 0
44 13 0
45 12 0
46 11 1
47 12 0
48 10 1
49 11 0
50 11 0
51 11 0
52 11 0
53 10 0
54 9 1
55 10 0
56 10 0
57 8 1
58 9 0
59 9 0
60 9 0
61 8 0
62 8 0
63 7 1
64 8 0
65 6 1
66 7 0
67 7 0
68 6 0
69 6 0
70 5 1
71 5 0
72 4 1
73 4 0
74 4 0
75 3 0
76 3 0
##=========================================
##[Voxel Mapper]Iteration 1250 keyframe id, used times, remaining times:
0 26 1
1 26 1
2 26 1
3 26 1
4 26 1
6 26 1
7 26 1
8 26 1
9 27 0
10 26 1
11 26 1
12 26 1
13 26 1
14 26 1
15 27 0
16 27 0
17 27 0
18 27 0
19 27 0
20 26 0
21 25 0
22 24 1
23 23 1
24 23 1
25 22 1
26 23 0
27 21 1
28 22 0
29 20 1
30 20 1
31 19 1
32 18 1
33 18 1
34 18 1
35 18 0
36 17 1
37 16 1
38 16 0
39 15 1
40 14 1
41 15 0
42 13 1
43 13 1
44 13 1
45 12 1
46 12 1
47 12 1
48 12 0
49 11 1
50 12 0
51 12 0
52 11 1
53 10 1
54 10 1
55 10 1
56 10 1
57 9 1
58 10 0
59 9 1
60 9 1
61 8 1
62 8 1
63 9 0
64 8 1
65 7 1
66 7 1
67 7 1
68 7 0
69 7 0
70 7 0
71 5 1
72 5 1
73 4 1
74 5 0
75 3 1
76 3 1
77 3 0
78 2 1
79 2 1
##=========================================
##[Voxel Mapper]Iteration 1300 keyframe id, used times, remaining times:
0 27 0
1 27 0
2 27 0
3 27 0
4 26 1
6 27 0
7 27 0
8 27 0
9 27 0
10 27 0
11 27 0
12 27 0
13 27 0
14 27 0
15 27 0
16 27 0
17 27 0
18 27 0
19 27 0
20 26 0
21 25 0
22 25 0
23 24 0
24 24 0
25 23 0
26 23 0
27 22 0
28 22 0
29 21 0
30 20 1
31 20 0
32 19 0
33 19 0
34 19 0
35 18 0
36 18 0
37 17 0
38 16 0
39 15 1
40 15 0
41 15 0
42 14 0
43 13 1
44 14 0
45 13 0
46 13 0
47 13 0
48 12 0
49 11 1
50 12 0
51 12 0
52 12 0
53 11 0
54 11 0
55 10 1
56 11 0
57 10 0
58 10 0
59 10 0
60 10 0
61 9 0
62 9 0
63 9 0
64 9 0
65 8 0
66 8 0
67 8 0
68 7 0
69 7 0
70 7 0
71 5 1
72 5 1
73 5 0
74 5 0
75 4 0
76 4 0
77 3 0
78 3 0
79 3 0
80 1 1
81 1 1
##=========================================
##[Voxel Mapper]Iteration 1350 keyframe id, used times, remaining times:
0 27 1
1 27 1
2 28 0
3 27 1
4 27 1
6 28 0
7 28 0
8 28 0
9 27 1
10 27 1
11 28 0
12 28 0
13 27 1
14 27 1
15 27 1
16 28 0
17 28 0
18 28 0
19 27 1
20 26 1
21 26 0
22 25 1
23 25 0
24 25 0
25 24 0
26 24 0
27 22 1
28 22 1
29 22 0
30 21 1
31 20 1
32 20 0
33 20 0
34 19 1
35 19 0
36 18 1
37 17 1
38 16 1
39 16 1
40 15 1
41 15 1
42 14 1
43 14 1
44 15 0
45 14 0
46 14 0
47 14 0
48 13 0
49 13 0
50 12 1
51 13 0
52 12 1
53 12 0
54 12 0
55 11 1
56 12 0
57 10 1
58 11 0
59 10 1
60 10 1
61 10 0
62 9 1
63 9 1
64 9 1
65 8 1
66 9 0
67 9 0
68 8 0
69 8 0
70 7 1
71 6 1
72 6 1
73 6 0
74 5 1
75 4 1
76 4 1
77 3 1
78 3 1
79 3 1
80 3 0
81 3 0
82 3 0
##=========================================
##[Voxel Mapper]Iteration 1400 keyframe id, used times, remaining times:
0 28 1
1 28 1
2 28 1
3 28 1
4 28 1
6 28 1
7 28 1
8 28 1
9 28 1
10 28 1
11 28 1
12 28 1
13 29 0
14 28 1
15 28 1
16 28 1
17 28 1
18 28 1
19 28 1
20 27 1
21 26 1
22 26 1
23 25 1
24 25 1
25 24 1
26 24 1
27 23 1
28 23 1
29 22 1
30 22 1
31 21 1
32 20 1
33 20 1
34 20 1
35 19 1
36 19 1
37 18 1
38 17 1
39 17 1
40 16 1
41 16 1
42 15 1
43 15 1
44 15 1
45 14 1
46 14 1
47 14 1
48 13 1
49 13 1
50 13 1
51 13 1
52 13 1
53 12 1
54 12 1
55 12 1
56 12 1
57 11 1
58 11 1
59 11 1
60 11 1
61 10 1
62 10 1
63 10 1
64 10 1
65 9 1
66 9 1
67 9 1
68 8 1
69 8 1
70 8 1
71 7 1
72 7 1
73 6 1
74 6 1
75 5 1
76 5 1
77 4 1
78 4 1
79 4 1
80 3 1
81 3 1
82 3 1
83 2 1
84 3 0
##=========================================
##[Voxel Mapper]Iteration 1450 keyframe id, used times, remaining times:
0 28 1
1 28 1
2 28 1
3 28 1
4 29 0
6 29 0
7 28 1
8 29 0
9 28 1
10 29 0
11 29 0
12 29 0
13 29 0
14 29 0
15 29 0
16 29 0
17 29 0
18 28 1
19 28 1
20 27 1
21 26 1
22 26 1
23 25 1
24 26 0
25 25 0
26 25 0
27 23 1
28 23 1
29 22 1
30 23 0
31 22 0
32 20 1
33 21 0
34 20 1
35 20 0
36 20 0
37 19 0
38 18 0
39 17 1
40 17 0
41 17 0
42 15 1
43 16 0
44 16 0
45 14 1
46 15 0
47 14 1
48 13 1
49 14 0
50 14 0
51 14 0
52 13 1
53 13 0
54 13 0
55 13 0
56 13 0
57 12 0
58 12 0
59 11 1
60 12 0
61 11 0
62 10 1
63 11 0
64 11 0
65 10 0
66 10 0
67 9 1
68 8 1
69 9 0
70 9 0
71 8 0
72 7 1
73 6 1
74 6 1
75 5 1
76 6 0
77 4 1
78 5 0
79 4 1
80 4 0
81 3 1
82 4 0
83 3 0
84 3 0
85 1 1
86 1 1
##=========================================
##[Voxel Mapper]Iteration 1500 keyframe id, used times, remaining times:
0 29 1
1 29 1
2 29 1
3 29 1
4 29 1
6 29 1
7 29 1
8 29 1
9 29 1
10 29 1
11 29 1
12 29 1
13 29 1
14 29 1
15 29 1
16 29 1
17 29 1
18 29 1
19 29 1
20 28 1
21 27 1
22 27 1
23 26 1
24 26 1
25 25 1
26 25 1
27 24 1
28 24 1
29 23 1
30 23 1
31 22 1
32 21 1
33 21 1
34 21 1
35 20 1
36 20 1
37 19 1
38 18 1
39 18 1
40 17 1
41 18 0
42 17 0
43 16 1
44 16 1
45 15 1
46 16 0
47 16 0
48 15 0
49 14 1
50 14 1
51 14 1
52 14 1
53 13 1
54 13 1
55 13 1
56 13 1
57 12 1
58 12 1
59 13 0
60 12 1
61 12 0
62 11 1
63 11 1
64 11 1
65 10 1
66 10 1
67 10 1
68 9 1
69 9 1
70 9 1
71 8 1
72 8 1
73 7 1
74 7 1
75 6 1
76 6 1
77 5 1
78 5 1
79 5 1
80 4 1
81 4 1
82 4 1
83 3 1
84 4 0
85 2 1
86 2 1
87 3 0
88 3 0
##=========================================
##[Voxel Mapper]Iteration 1550 keyframe id, used times, remaining times:
0 30 0
1 29 1
2 29 1
3 29 1
4 29 1
6 30 0
7 30 0
8 30 0
9 29 1
10 29 1
11 30 0
12 30 0
13 30 0
14 30 0
15 29 1
16 30 0
17 30 0
18 30 0
19 30 0
20 29 0
21 28 0
22 28 0
23 27 0
24 27 0
25 25 1
26 25 1
27 25 0
28 25 0
29 24 0
30 23 1
31 23 0
32 21 1
33 21 1
34 22 0
35 21 0
36 20 1
37 20 0
38 18 1
39 19 0
40 18 0
41 18 0
42 17 0
43 16 1
44 16 1
45 16 0
46 16 0
47 16 0
48 15 0
49 14 1
50 15 0
51 15 0
52 14 1
53 14 0
54 13 1
55 13 1
56 14 0
57 13 0
58 13 0
59 13 0
60 13 0
61 12 0
62 12 0
63 12 0
64 12 0
65 10 1
66 11 0
67 11 0
68 10 0
69 10 0
70 9 1
71 8 1
72 8 1
73 7 1
74 8 0
75 7 0
76 7 0
77 5 1
78 6 0
79 5 1
80 4 1
81 5 0
82 5 0
83 3 1
84 4 0
85 3 0
86 2 1
87 3 0
88 3 0
89 1 1
90 1 1
##=========================================
##[Voxel Mapper]Iteration 1600 keyframe id, used times, remaining times:
0 30 1
1 30 1
2 31 0
3 30 1
4 31 0
6 30 1
7 31 0
8 30 1
9 31 0
10 30 1
11 30 1
12 30 1
13 30 1
14 30 1
15 30 1
16 31 0
17 31 0
18 30 1
19 31 0
20 29 1
21 29 0
22 28 1
23 27 1
24 27 1
25 26 1
26 26 1
27 25 1
28 25 1
29 25 0
30 24 1
31 23 1
32 23 0
33 22 1
34 23 0
35 21 1
36 22 0
37 20 1
38 19 1
39 19 1
40 18 1
41 18 1
42 17 1
43 17 1
44 17 1
45 16 1
46 16 1
47 17 0
48 15 1
49 15 1
50 15 1
51 16 0
52 15 1
53 14 1
54 14 1
55 14 1
56 14 1
57 13 1
58 13 1
59 13 1
60 13 1
61 12 1
62 12 1
63 13 0
64 12 1
65 11 1
66 11 1
67 11 1
68 10 1
69 10 1
70 10 1
71 9 1
72 9 1
73 8 1
74 8 1
75 7 1
76 7 1
77 6 1
78 6 1
79 6 1
80 5 1
81 5 1
82 5 1
83 4 1
84 4 1
85 3 1
86 3 1
87 3 1
88 3 1
89 2 1
90 2 1
91 3 0
##=========================================
##[Voxel Mapper]Iteration 1650 keyframe id, used times, remaining times:
0 30 1
1 31 0
2 31 0
3 31 0
4 31 0
6 31 0
7 31 0
8 31 0
9 31 0
10 30 1
11 30 1
12 31 0
13 30 1
14 30 1
15 31 0
16 31 0
17 31 0
18 31 0
19 31 0
20 30 0
21 29 0
22 28 1
23 27 1
24 28 0
25 27 0
26 26 1
27 26 0
28 25 1
29 25 0
30 25 0
31 24 0
32 23 0
33 22 1
34 23 0
35 22 0
36 22 0
37 20 1
38 20 0
39 20 0
40 19 0
41 19 0
42 18 0
43 17 1
44 18 0
45 17 0
46 16 1
47 17 0
48 15 1
49 16 0
50 16 0
51 16 0
52 16 0
53 15 0
54 15 0
55 15 0
56 15 0
57 13 1
58 14 0
59 14 0
60 13 1
61 12 1
62 12 1
63 13 0
64 13 0
65 12 0
66 12 0
67 12 0
68 11 0
69 10 1
70 10 1
71 10 0
72 10 0
73 9 0
74 9 0
75 8 0
76 8 0
77 7 0
78 7 0
79 6 1
80 5 1
81 6 0
82 6 0
83 4 1
84 5 0
85 4 0
86 3 1
87 3 1
88 4 0
89 3 0
90 2 1
91 3 0
93 1 1
##=========================================
##[Voxel Mapper]Iteration 1700 keyframe id, used times, remaining times:
0 31 1
1 31 1
2 31 1
3 31 1
4 31 1
6 31 1
7 31 1
8 31 1
9 31 1
10 31 1
11 31 1
12 31 1
13 31 1
14 31 1
15 31 1
16 32 0
17 31 1
18 31 1
19 31 1
20 30 1
21 29 1
22 29 1
23 28 1
24 28 1
25 27 1
26 27 1
27 26 1
28 26 1
29 26 0
30 26 0
31 24 1
32 24 0
33 23 1
34 24 0
35 23 0
36 22 1
37 21 1
38 20 1
39 20 1
40 19 1
41 19 1
42 18 1
43 18 1
44 18 1
45 18 0
46 17 1
47 17 1
48 16 1
49 16 1
50 16 1
51 16 1
52 17 0
53 15 1
54 15 1
55 15 1
56 15 1
57 14 1
58 14 1
59 14 1
60 14 1
61 13 1
62 13 1
63 14 0
64 13 1
65 12 1
66 13 0
67 12 1
68 11 1
69 11 1
70 11 1
71 11 0
72 10 1
73 9 1
74 10 0
75 9 0
76 8 1
77 8 0
78 8 0
79 7 1
80 7 0
81 6 1
82 6 1
83 5 1
84 5 1
85 4 1
86 4 1
87 5 0
88 5 0
89 3 1
90 3 1
91 3 1
92 3 0
93 2 1
94 2 1
##=========================================
##[Voxel Mapper]Iteration 1750 keyframe id, used times, remaining times:
0 31 1
1 31 1
2 31 1
3 31 1
4 32 0
6 32 0
7 31 1
8 31 1
9 32 0
10 32 0
11 32 0
12 32 0
13 32 0
14 32 0
15 31 1
16 32 0
17 31 1
18 32 0
19 32 0
20 31 0
21 30 0
22 30 0
23 29 0
24 29 0
25 28 0
26 27 1
27 27 0
28 27 0
29 26 0
30 26 0
31 24 1
32 24 0
33 24 0
34 24 0
35 23 0
36 22 1
37 22 0
38 21 0
39 20 1
40 20 0
41 19 1
42 19 0
43 18 1
44 19 0
45 18 0
46 17 1
47 18 0
48 17 0
49 16 1
50 17 0
51 17 0
52 17 0
53 16 0
54 15 1
55 16 0
56 16 0
57 15 0
58 15 0
59 15 0
60 14 1
61 14 0
62 14 0
63 14 0
64 13 1
65 13 0
66 13 0
67 12 1
68 11 1
69 12 0
70 12 0
71 11 0
72 10 1
73 9 1
74 10 0
75 9 0
76 8 1
77 8 0
78 8 0
79 8 0
80 7 0
81 7 0
82 7 0
83 6 0
84 6 0
85 4 1
86 5 0
87 5 0
88 5 0
89 4 0
90 4 0
91 4 0
92 3 0
93 2 1
94 3 0
95 1 1
##=========================================
##[Voxel Mapper]Iteration 50 keyframe id, used times, remaining times:
0 3 0
1 3 0
2 3 0
3 3 0
4 2 1
6 2 1
7 3 0
8 3 0
10 2 1
11 2 1
12 3 0
13 3 0
14 2 1
15 2 1
16 2 1
17 2 1
18 3 0
19 3 0
20 2 1
21 2 1
##=========================================
##[Voxel Mapper]Iteration 100 keyframe id, used times, remaining times:
0 5 0
1 4 1
2 4 1
3 5 0
4 4 1
6 5 0
7 5 0
8 5 0
10 4 1
11 4 1
12 4 1
13 4 1
14 5 0
15 4 1
16 4 1
17 4 1
18 4 1
19 4 1
20 4 1
21 5 0
22 3 1
23 4 0
24 3 1
25 3 0
##=========================================
##[Voxel Mapper]Iteration 150 keyframe id, used times, remaining times:
0 6 0
1 6 0
2 6 0
3 6 0
4 6 0
6 6 0
7 6 0
8 6 0
10 6 0
11 6 0
12 6 0
13 6 0
14 6 0
15 6 0
16 6 0
17 6 0
18 6 0
19 6 0
20 6 0
21 6 0
22 5 0
23 5 0
24 5 0
25 4 0
26 3 0
27 3 0
28 2 1
29 2 0
30 1 1
##=========================================
##[Voxel Mapper]Iteration 200 keyframe id, used times, remaining times:
0 7 1
1 7 1
2 7 1
3 7 1
4 7 1
6 8 0
7 7 1
8 7 1
10 7 1
11 7 1
12 7 1
13 7 1
14 7 1
15 8 0
16 7 1
17 7 1
18 7 1
19 8 0
20 7 1
21 7 1
22 7 0
23 7 0
24 6 1
25 5 1
26 5 0
27 5 0
28 4 1
29 4 0
30 4 0
31 3 1
32 2 1
33 3 0
34 2 1
##=========================================
##[Voxel Mapper]Iteration 250 keyframe id, used times, remaining times:
0 9 0
1 9 0
2 9 0
3 9 0
4 9 0
6 8 1
7 9 0
8 8 1
10 9 0
11 8 1
12 9 0
13 9 0
14 8 1
15 8 1
16 8 1
17 8 1
18 8 1
19 8 1
20 8 1
21 9 0
22 8 0
23 8 0
24 7 1
25 6 1
26 6 0
27 6 0
28 6 0
29 4 1
30 5 0
31 5 0
32 3 1
33 4 0
34 4 0
35 2 1
36 3 0
37 3 0
##=========================================
##[Voxel Mapper]Iteration 300 keyframe id, used times, remaining times:
0 9 1
1 9 1
2 9 1
3 10 0
4 10 0
6 9 1
7 10 0
8 10 0
10 10 0
11 10 0
12 10 0
13 10 0
14 10 0
15 10 0
16 10 0
17 9 1
18 9 1
19 9 1
20 10 0
21 10 0
22 8 1
23 9 0
24 8 1
25 8 0
26 7 0
27 7 0
28 7 0
29 5 1
30 6 0
31 6 0
32 5 0
33 5 0
34 5 0
35 3 1
36 3 1
37 4 0
38 3 0
39 3 0
40 3 0
41 2 0
##=========================================
##[Voxel Mapper]Iteration 350 keyframe id, used times, remaining times:
0 11 0
1 11 0
2 10 1
3 10 1
4 11 0
6 11 0
7 10 1
8 11 0
10 11 0
11 11 0
12 11 0
13 10 1
14 11 0
15 11 0
16 11 0
17 11 0
18 11 0
19 11 0
20 11 0
21 11 0
22 10 0
23 10 0
24 10 0
25 8 1
26 8 0
27 8 0
28 7 1
29 6 1
30 7 0
31 6 1
32 6 0
33 6 0
34 6 0
35 5 0
36 5 0
37 5 0
38 4 0
39 4 0
40 4 0
41 2 1
42 3 0
43 3 0
44 1 1
##=========================================
##[Voxel Mapper]Iteration 400 keyframe id, used times, remaining times:
0 12 0
1 12 0
2 12 0
3 12 0
4 12 0
6 12 0
7 12 0
8 11 1
10 11 1
11 12 0
12 11 1
13 12 0
14 12 0
15 12 0
16 12 0
17 12 0
18 12 0
19 12 0
20 12 0
21 12 0
22 11 0
23 11 0
24 11 0
25 10 0
26 9 0
27 9 0
28 8 1
29 8 0
30 8 0
31 8 0
32 7 0
33 6 1
34 7 0
35 6 0
36 6 0
37 6 0
38 5 0
39 4 1
40 4 1
41 4 0
42 3 1
43 4 0
44 2 1
45 3 0
46 2 0
47 1 1
##=========================================
##[Voxel Mapper]Iteration 450 keyframe id, used times, remaining times:
0 13 0
1 13 0
2 13 0
3 12 1
4 12 1
6 12 1
7 13 0
8 13 0
10 13 0
11 12 1
12 13 0
13 13 0
14 12 1
15 13 0
16 13 0
17 13 0
18 13 0
19 13 0
20 13 0
21 13 0
22 12 0
23 11 1
24 11 1
25 11 0
26 9 1
27 10 0
28 10 0
29 9 0
30 8 1
31 8 1
32 7 1
33 8 0
34 8 0
35 7 0
36 7 0
37 7 0
38 5 1
39 6 0
40 6 0
41 4 1
42 5 0
43 5 0
44 4 0
45 4 0
46 2 1
47 3 0
48 2 1
49 3 0
50 2 0
51 1 1
##=========================================
##[Voxel Mapper]Iteration 500 keyframe id, used times, remaining times:
0 13 1
1 14 0
2 14 0
3 13 1
4 14 0
6 14 0
7 14 0
8 13 1
10 14 0
11 13 1
12 14 0
13 13 1
14 14 0
15 13 1
16 14 0
17 14 0
18 14 0
19 14 0
20 14 0
21 13 1
22 13 0
23 12 1
24 12 1
25 11 1
26 10 1
27 10 1
28 11 0
29 9 1
30 10 0
31 9 1
32 9 0
33 8 1
34 9 0
35 8 0
36 8 0
37 8 0
38 6 1
39 7 0
40 7 0
41 6 0
42 6 0
43 5 1
44 4 1
45 4 1
46 3 1
47 3 1
48 4 0
49 4 0
50 3 0
51 3 0
52 2 1
53 3 0
##=========================================
##[Voxel Mapper]Iteration 550 keyframe id, used times, remaining times:
0 14 1
1 15 0
2 14 1
3 14 1
4 14 1
6 15 0
7 14 1
8 15 0
10 14 1
11 14 1
12 14 1
13 15 0
14 14 1
15 15 0
16 14 1
17 14 1
18 14 1
19 14 1
20 14 1
21 15 0
22 13 1
23 14 0
24 13 1
25 12 1
26 11 1
27 11 1
28 12 0
29 11 0
30 11 0
31 10 1
32 10 0
33 9 1
34 10 0
35 8 1
36 8 1
37 8 1
38 8 0
39 7 1
40 7 1
41 7 0
42 7 0
43 6 1
44 6 0
45 5 1
46 4 1
47 4 1
48 4 1
49 4 1
50 3 1
51 3 1
52 3 1
53 3 1
54 2 1
55 2 1
56 3 0
57 2 1
58 2 1
59 1 1
##=========================================
##[Voxel Mapper]Iteration 600 keyframe id, used times, remaining times:
0 15 0
1 15 0
2 15 0
3 15 0
4 15 0
6 15 0
7 15 0
8 15 0
10 15 0
11 15 0
12 15 0
13 15 0
14 15 0
15 15 0
16 15 0
17 15 0
18 15 0
19 15 0
20 15 0
21 15 0
22 14 0
23 14 0
24 14 0
25 13 0
26 12 0
27 12 0
28 12 0
29 11 0
30 11 0
31 11 0
32 10 0
33 10 0
34 10 0
35 9 0
36 9 0
37 9 0
38 8 0
39 8 0
40 8 0
41 7 0
42 7 0
43 7 0
44 6 0
45 6 0
46 5 0
47 5 0
48 5 0
49 5 0
50 4 0
51 4 0
52 4 0
53 4 0
54 3 0
55 3 0
56 3 0
57 3 0
58 3 0
59 2 0
60 2 0
61 2 0
62 2 0
63 2 0
64 1 1
##=========================================
##[Voxel Mapper]Iteration 650 keyframe id, used times, remaining times:
0 16 0
1 16 0
2 16 0
3 16 0
4 16 0
6 16 0
7 15 1
8 16 0
10 16 0
11 15 1
12 16 0
13 16 0
14 16 0
15 16 0
16 16 0
17 16 0
18 15 1
19 16 0
20 15 1
21 16 0
22 14 1
23 15 0
24 15 0
25 13 1
26 13 0
27 13 0
28 13 0
29 11 1
30 12 0
31 12 0
32 11 0
33 11 0
34 10 1
35 9 1
36 10 0
37 10 0
38 9 0
39 9 0
40 9 0
41 8 0
42 7 1
43 7 1
44 6 1
45 6 1
46 6 0
47 6 0
48 5 1
49 5 1
50 5 0
51 4 1
52 5 0
53 5 0
54 3 1
55 3 1
56 4 0
57 4 0
58 4 0
59 3 0
60 3 0
61 3 0
62 2 1
63 3 0
64 3 0
65 3 0
66 1 1
68 1 1
##=========================================
##[Voxel Mapper]Iteration 700 keyframe id, used times, remaining times:
0 16 1
1 16 1
2 16 1
3 17 0
4 17 0
6 16 1
7 17 0
8 17 0
10 16 1
11 16 1
12 16 1
13 17 0
14 17 0
15 16 1
16 16 1
17 17 0
18 16 1
19 16 1
20 16 1
21 17 0
22 15 1
23 16 0
24 16 0
25 14 1
26 14 0
27 13 1
28 14 0
29 13 0
30 12 1
31 12 1
32 12 0
33 12 0
34 11 1
35 11 0
36 11 0
37 10 1
38 9 1
39 9 1
40 10 0
41 8 1
42 8 1
43 8 1
44 7 1
45 7 1
46 6 1
47 6 1
48 6 1
49 6 1
50 5 1
51 5 1
52 6 0
53 5 1
54 4 1
55 5 0
56 5 0
57 4 1
58 4 1
59 3 1
60 3 1
61 4 0
62 3 1
63 3 1
64 3 1
65 3 1
66 2 1
67 2 1
68 2 1
69 2 1
70 3 0
##=========================================
##[Voxel Mapper]Iteration 750 keyframe id, used times, remaining times:
0 17 0
1 17 0
2 17 0
3 17 0
4 17 0
6 17 0
7 17 0
8 17 0
10 17 0
11 17 0
12 17 0
13 17 0
14 17 0
15 16 1
16 17 0
17 17 0
18 17 0
19 16 1
20 17 0
21 17 0
22 16 0
23 16 0
24 16 0
25 15 0
26 14 0
27 14 0
28 14 0
29 13 0
30 13 0
31 13 0
32 12 0
33 12 0
34 12 0
35 11 0
36 11 0
37 11 0
38 9 1
39 10 0
40 10 0
41 9 0
42 9 0
43 9 0
44 7 1
45 8 0
46 7 0
47 7 0
48 7 0
49 7 0
50 6 0
51 6 0
52 6 0
53 6 0
54 5 0
55 5 0
56 5 0
57 5 0
58 5 0
59 4 0
60 4 0
61 4 0
62 3 1
63 4 0
64 4 0
65 4 0
66 3 0
67 3 0
68 3 0
69 3 0
70 3 0
71 2 0
72 2 0
73 2 0
74 2 0
75 1 1
##=========================================
##[Voxel Mapper]Iteration 800 keyframe id, used times, remaining times:
0 18 0
1 17 1
2 18 0
3 18 0
4 18 0
6 18 0
7 18 0
8 17 1
10 17 1
11 17 1
12 18 0
13 18 0
14 18 0
15 17 1
16 17 1
17 18 0
18 18 0
19 18 0
20 18 0
21 18 0
22 17 0
23 16 1
24 17 0
25 15 1
26 14 1
27 15 0
28 14 1
29 14 0
30 14 0
31 13 1
32 13 0
33 12 1
34 13 0
35 11 1
36 12 0
37 12 0
38 11 0
39 10 1
40 10 1
41 9 1
42 10 0
43 9 1
44 9 0
45 9 0
46 8 0
47 7 1
48 7 1
49 7 1
50 7 0
51 6 1
52 6 1
53 6 1
54 6 0
55 5 1
56 5 1
57 5 1
58 6 0
59 5 0
60 5 0
61 5 0
62 5 0
63 4 1
64 5 0
65 5 0
66 4 0
67 4 0
68 3 1
69 4 0
70 3 1
71 2 1
72 2 1
73 2 1
74 2 1
75 3 0
76 3 0
##=========================================
##[Voxel Mapper]Iteration 850 keyframe id, used times, remaining times:
0 18 1
1 18 1
2 18 1
3 18 1
4 18 1
6 18 1
7 18 1
8 18 1
10 18 1
11 18 1
12 18 1
13 18 1
14 19 0
15 18 1
16 19 0
17 18 1
18 18 1
19 18 1
20 18 1
21 18 1
22 17 1
23 17 1
24 17 1
25 16 1
26 15 1
27 15 1
28 15 1
29 14 1
30 14 1
31 15 0
32 13 1
33 13 1
34 13 1
35 12 1
36 12 1
37 12 1
38 12 0
39 11 1
40 12 0
41 10 1
42 10 1
43 11 0
44 9 1
45 10 0
46 8 1
47 8 1
48 8 1
49 8 1
50 8 0
51 8 0
52 7 1
53 7 1
54 6 1
55 6 1
56 6 1
57 6 1
58 6 1
59 5 1
60 5 1
61 5 1
62 5 1
63 5 1
64 5 1
65 5 1
66 4 1
67 4 1
68 4 1
69 4 1
70 4 1
71 4 0
72 3 1
73 3 1
74 3 1
75 3 1
76 3 1
77 2 1
78 3 0
79 2 1
##=========================================
##[Voxel Mapper]Iteration 900 keyframe id, used times, remaining times:
0 19 0
1 19 0
2 18 1
3 18 1
4 19 0
6 19 0
7 19 0
8 19 0
10 18 1
11 19 0
12 18 1
13 19 0
14 19 0
15 19 0
16 19 0
17 18 1
18 18 1
19 19 0
20 18 1
21 19 0
22 17 1
23 18 0
24 18 0
25 16 1
26 16 0
27 15 1
28 16 0
29 15 0
30 15 0
31 15 0
32 14 0
33 14 0
34 13 1
35 13 0
36 12 1
37 13 0
38 12 0
39 12 0
40 12 0
41 11 0
42 11 0
43 11 0
44 10 0
45 10 0
46 9 0
47 8 1
48 9 0
49 9 0
50 8 0
51 8 0
52 8 0
53 8 0
54 6 1
55 7 0
56 7 0
57 7 0
58 7 0
59 6 0
60 6 0
61 6 0
62 6 0
63 6 0
64 5 1
65 6 0
66 4 1
67 4 1
68 5 0
69 4 1
70 5 0
71 4 0
72 4 0
73 3 1
74 4 0
75 3 1
76 4 0
77 3 0
78 3 0
79 2 1
80 2 0
81 2 0
##=========================================
##[Voxel Mapper]Iteration 950 keyframe id, used times, remaining times:
0 19 1
1 19 1
2 19 1
3 20 0
4 19 1
6 19 1
7 19 1
8 20 0
10 19 1
11 19 1
12 19 1
13 19 1
14 19 1
15 20 0
16 20 0
17 19 1
18 20 0
19 19 1
20 20 0
21 19 1
22 18 1
23 19 0
24 19 0
25 17 1
26 17 0
27 17 0
28 17 0
29 16 0
30 16 0
31 15 1
32 14 1
33 14 1
34 14 1
35 13 1
36 13 1
37 14 0
38 12 1
39 12 1
40 12 1
41 12 0
42 11 1
43 11 1
44 10 1
45 10 1
46 9 1
47 9 1
48 9 1
49 9 1
50 8 1
51 8 1
52 8 1
53 8 1
54 8 0
55 7 1
56 8 0
57 7 1
58 7 1
59 6 1
60 6 1
61 7 0
62 7 0
63 6 1
64 6 1
65 6 1
66 6 0
67 5 1
68 5 1
69 5 1
70 5 1
71 4 1
72 5 0
73 5 0
74 5 0
75 4 1
76 4 1
77 3 1
78 3 1
79 3 1
80 3 0
81 2 1
82 2 1
83 3 0
##=========================================
##[Voxel Mapper]Iteration 1000 keyframe id, used times, remaining times:
0 20 0
1 20 0
2 20 0
3 20 0
4 20 0
6 19 1
7 20 0
8 20 0
10 20 0
11 20 0
12 20 0
13 20 0
14 20 0
15 20 0
16 20 0
17 19 1
18 20 0
19 20 0
20 20 0
21 20 0
22 19 0
23 19 0
24 19 0
25 18 0
26 17 0
27 17 0
28 17 0
29 16 0
30 16 0
31 15 1
32 15 0
33 15 0
34 15 0
35 14 0
36 13 1
37 14 0
38 13 0
39 13 0
40 13 0
41 12 0
42 11 1
43 11 1
44 11 0
45 11 0
46 10 0
47 10 0
48 10 0
49 10 0
50 9 0
51 9 0
52 9 0
53 9 0
54 8 0
55 7 1
56 8 0
57 8 0
58 8 0
59 7 0
60 7 0
61 7 0
62 7 0
63 7 0
64 7 0
65 6 1
66 6 0
67 6 0
68 6 0
69 6 0
70 6 0
71 5 0
72 5 0
73 5 0
74 5 0
75 5 0
76 5 0
77 4 0
78 3 1
79 4 0
80 3 0
81 3 0
82 3 0
83 3 0
84 1 1
85 1 1
##=========================================
##[Voxel Mapper]Iteration 1050 keyframe id, used times, remaining times:
0 20 1
1 21 0
2 21 0
3 20 1
4 21 0
6 20 1
7 20 1
8 20 1
10 20 1
11 20 1
12 20 1
13 20 1
14 20 1
15 21 0
16 20 1
17 21 0
18 20 1
19 20 1
20 20 1
21 21 0
22 19 1
23 19 1
24 19 1
25 19 0
26 18 0
27 17 1
28 17 1
29 16 1
30 16 1
31 17 0
32 15 1
33 16 0
34 16 0
35 15 0
36 14 1
37 15 0
38 13 1
39 13 1
40 14 0
41 13 0
42 13 0
43 12 1
44 11 1
45 11 1
46 10 1
47 11 0
48 10 1
49 11 0
50 9 1
51 10 0
52 9 1
53 10 0
54 9 0
55 9 0
56 8 1
57 9 0
58 8 1
59 8 0
60 8 0
61 8 0
62 7 1
63 7 1
64 7 1
65 7 1
66 6 1
67 6 1
68 6 1
69 6 1
70 7 0
71 5 1
72 6 0
73 6 0
74 5 1
75 5 1
76 6 0
77 4 1
78 5 0
79 5 0
80 4 0
81 3 1
82 3 1
83 4 0
84 2 1
85 3 0
86 3 0
87 1 1
##=========================================
##[Voxel Mapper]Iteration 1100 keyframe id, used times, remaining times:
0 21 0
1 21 0
2 21 0
3 21 0
4 21 0
6 20 1
7 21 0
8 21 0
10 21 0
11 21 0
12 21 0
13 21 0
14 21 0
15 21 0
16 21 0
17 21 0
18 21 0
19 21 0
20 21 0
21 21 0
22 20 0
23 20 0
24 20 0
25 19 0
26 18 0
27 18 0
28 18 0
29 17 0
30 17 0
31 17 0
32 15 1
33 16 0
34 16 0
35 15 0
36 15 0
37 15 0
38 14 0
39 14 0
40 14 0
41 13 0
42 13 0
43 13 0
44 11 1
45 12 0
46 11 0
47 11 0
48 11 0
49 11 0
50 10 0
51 10 0
52 10 0
53 10 0
54 9 0
55 9 0
56 9 0
57 9 0
58 9 0
59 8 0
60 8 0
61 8 0
62 8 0
63 8 0
64 8 0
65 8 0
66 7 0
67 7 0
68 7 0
69 7 0
70 7 0
71 6 0
72 6 0
73 6 0
74 6 0
75 6 0
76 6 0
77 5 0
78 5 0
79 5 0
80 4 0
81 4 0
82 4 0
83 4 0
84 3 0
85 3 0
86 3 0
87 2 0
88 2 0
89 1 1
##=========================================
##[Voxel Mapper]Iteration 1150 keyframe id, used times, remaining times:
0 21 1
1 21 1
2 22 0
3 22 0
4 21 1
6 22 0
7 22 0
8 21 1
10 21 1
11 22 0
12 21 1
13 22 0
14 21 1
15 22 0
16 21 1
17 22 0
18 21 1
19 22 0
20 21 1
21 21 1
22 21 0
23 21 0
24 21 0
25 19 1
26 19 0
27 18 1
28 18 1
29 18 0
30 17 1
31 17 1
32 16 1
33 16 1
34 16 1
35 16 0
36 16 0
37 16 0
38 15 0
39 14 1
40 15 0
41 13 1
42 13 1
43 14 0
44 12 1
45 13 0
46 12 0
47 12 0
48 11 1
49 11 1
50 11 0
51 11 0
52 10 1
53 10 1
54 9 1
55 9 1
56 10 0
57 9 1
58 9 1
59 8 1
60 9 0
61 9 0
62 8 1
63 9 0
64 9 0
65 8 1
66 7 1
67 7 1
68 8 0
69 8 0
70 8 0
71 7 0
72 6 1
73 7 0
74 7 0
75 6 1
76 7 0
77 5 1
78 6 0
79 6 0
80 5 0
81 4 1
82 4 1
83 4 1
84 3 1
85 3 1
86 4 0
87 3 0
88 3 0
89 2 1
90 3 0
##=========================================
##[Voxel Mapper]Iteration 1200 keyframe id, used times, remaining times:
0 22 0
1 22 0
2 22 0
3 22 0
4 22 0
6 22 0
7 22 0
8 22 0
10 22 0
11 22 0
12 22 0
13 22 0
14 22 0
15 22 0
16 22 0
17 22 0
18 22 0
19 22 0
20 22 0
21 22 0
22 21 0
23 21 0
24 21 0
25 20 0
26 19 0
27 19 0
28 19 0
29 18 0
30 18 0
31 18 0
32 17 0
33 17 0
34 17 0
35 16 0
36 16 0
37 16 0
38 15 0
39 15 0
40 15 0
41 14 0
42 14 0
43 14 0
44 13 0
45 13 0
46 12 0
47 12 0
48 12 0
49 12 0
50 11 0
51 11 0
52 11 0
53 11 0
54 10 0
55 10 0
56 10 0
57 10 0
58 10 0
59 9 0
60 9 0
61 9 0
62 9 0
63 9 0
64 9 0
65 9 0
66 8 0
67 8 0
68 8 0
69 8 0
70 8 0
71 7 0
72 7 0
73 7 0
74 7 0
75 7 0
76 7 0
77 6 0
78 6 0
79 6 0
80 5 0
81 5 0
82 5 0
83 5 0
84 4 0
85 4 0
86 4 0
87 3 0
88 3 0
89 3 0
90 3 0
91 1 1
92 2 0
93 1 1
94 1 1
##=========================================
##[Voxel Mapper]Iteration 1250 keyframe id, used times, remaining times:
0 22 1
1 23 0
2 23 0
3 22 1
4 23 0
6 23 0
7 22 1
8 23 0
10 22 1
11 23 0
12 22 1
13 23 0
14 23 0
15 23 0
16 22 1
17 22 1
18 22 1
19 22 1
20 23 0
21 22 1
22 22 0
23 22 0
24 22 0
25 20 1
26 19 1
27 19 1
28 20 0
29 18 1
30 18 1
31 19 0
32 17 1
33 17 1
34 18 0
35 16 1
36 16 1
37 16 1
38 16 0
39 15 1
40 15 1
41 15 0
42 15 0
43 15 0
44 13 1
45 13 1
46 12 1
47 12 1
48 13 0
49 13 0
50 11 1
51 11 1
52 12 0
53 12 0
54 10 1
55 11 0
56 11 0
57 11 0
58 10 1
59 10 0
60 9 1
61 10 0
62 10 0
63 9 1
64 9 1
65 10 0
66 9 0
67 9 0
68 8 1
69 9 0
70 9 0
71 7 1
72 7 1
73 8 0
74 8 0
75 7 1
76 7 1
77 6 1
78 7 0
79 6 1
80 5 1
81 6 0
82 6 0
83 5 1
84 5 0
85 4 1
86 5 0
87 4 0
88 4 0
89 4 0
90 3 1
91 2 1
92 3 0
93 3 0
94 2 1
##=========================================
##[Voxel Mapper]Iteration 1300 keyframe id, used times, remaining times:
0 23 0
1 23 0
2 23 0
3 23 0
4 23 0
6 23 0
7 22 1
8 23 0
10 23 0
11 23 0
12 23 0
13 23 0
14 23 0
15 23 0
16 22 1
17 23 0
18 23 0
19 23 0
20 23 0
21 23 0
22 22 0
23 22 0
24 22 0
25 21 0
26 20 0
27 20 0
28 20 0
29 19 0
30 19 0
31 19 0
32 18 0
33 18 0
34 18 0
35 17 0
36 17 0
37 17 0
38 16 0
39 16 0
40 16 0
41 15 0
42 15 0
43 15 0
44 14 0
45 14 0
46 13 0
47 12 1
48 13 0
49 13 0
50 12 0
51 12 0
52 12 0
53 12 0
54 11 0
55 11 0
56 11 0
57 11 0
58 11 0
59 10 0
60 10 0
61 10 0
62 10 0
63 10 0
64 10 0
65 10 0
66 9 0
67 9 0
68 9 0
69 9 0
70 9 0
71 8 0
72 8 0
73 8 0
74 8 0
75 8 0
76 8 0
77 7 0
78 7 0
79 7 0
80 6 0
81 6 0
82 6 0
83 6 0
84 5 0
85 5 0
86 5 0
87 4 0
88 4 0
89 4 0
90 4 0
91 3 0
92 3 0
93 3 0
94 3 0
95 2 0
96 2 0
97 2 0
99 1 1
##=========================================
##[Voxel Mapper]Iteration 1350 keyframe id, used times, remaining times:
0 24 0
1 24 0
2 23 1
3 24 0
4 24 0
6 24 0
7 24 0
8 23 1
10 24 0
11 23 1
12 23 1
13 23 1
14 23 1
15 24 0
16 23 1
17 23 1
18 24 0
19 23 1
20 23 1
21 24 0
22 23 0
23 23 0
24 22 1
25 21 1
26 21 0
27 20 1
28 21 0
29 19 1
30 19 1
31 20 0
32 19 0
33 18 1
34 19 0
35 18 0
36 18 0
37 17 1
38 17 0
39 17 0
40 16 1
41 15 1
42 15 1
43 15 1
44 14 1
45 14 1
46 13 1
47 13 1
48 14 0
49 13 1
50 12 1
51 12 1
52 13 0
53 13 0
54 11 1
55 12 0
56 11 1
57 12 0
58 11 1
59 10 1
60 10 1
61 10 1
62 11 0
63 10 1
64 11 0
65 10 1
66 10 0
67 9 1
68 10 0
69 10 0
70 9 1
71 8 1
72 8 1
73 9 0
74 9 0
75 9 0
76 9 0
77 7 1
78 7 1
79 7 1
80 7 0
81 6 1
82 6 1
83 6 1
84 5 1
85 6 0
86 6 0
87 4 1
88 4 1
89 5 0
90 4 1
91 4 0
92 3 1
93 3 1
94 3 1
95 3 0
96 3 0
97 2 1
98 3 0
99 2 1
101 1 1
##=========================================
##[Voxel Mapper]Iteration 1400 keyframe id, used times, remaining times:
0 24 0
1 24 0
2 24 0
3 24 0
4 24 0
6 24 0
7 24 0
8 24 0
10 24 0
11 24 0
12 24 0
13 24 0
14 24 0
15 24 0
16 23 1
17 23 1
18 24 0
19 24 0
20 24 0
21 24 0
22 23 0
23 23 0
24 23 0
25 22 0
26 21 0
27 21 0
28 21 0
29 20 0
30 20 0
31 20 0
32 19 0
33 19 0
34 19 0
35 18 0
36 18 0
37 18 0
38 17 0
39 17 0
40 17 0
41 15 1
42 16 0
43 16 0
44 15 0
45 15 0
46 14 0
47 14 0
48 14 0
49 14 0
50 13 0
51 13 0
52 13 0
53 13 0
54 11 1
55 12 0
56 12 0
57 12 0
58 12 0
59 11 0
60 11 0
61 10 1
62 11 0
63 11 0
64 11 0
65 11 0
66 10 0
67 9 1
68 10 0
69 10 0
70 10 0
71 9 0
72 9 0
73 9 0
74 9 0
75 9 0
76 9 0
77 7 1
78 8 0
79 8 0
80 7 0
81 6 1
82 6 1
83 7 0
84 6 0
85 6 0
86 6 0
87 5 0
88 5 0
89 5 0
90 5 0
91 4 0
92 4 0
93 3 1
94 3 1
95 3 0
96 3 0
97 3 0
98 3 0
99 3 0
100 2 0
101 2 0
102 1 1
103 1 1
104 1 1
##=========================================
##[Voxel Mapper]Iteration 1450 keyframe id, used times, remaining times:
0 24 1
1 25 0
2 24 1
3 24 1
4 25 0
6 24 1
7 25 0
8 24 1
10 24 1
11 24 1
12 25 0
13 24 1
14 24 1
15 25 0
16 25 0
17 25 0
18 24 1
19 24 1
20 24 1
21 24 1
22 23 1
23 23 1
24 23 1
25 23 0
26 21 1
27 22 0
28 21 1
29 21 0
30 21 0
31 20 1
32 20 0
33 20 0
34 20 0
35 18 1
36 18 1
37 18 1
38 17 1
39 18 0
40 18 0
41 16 1
42 16 1
43 16 1
44 15 1
45 16 0
46 14 1
47 15 0
48 14 1
49 14 1
50 14 0
51 13 1
52 13 1
53 13 1
54 12 1
55 12 1
56 12 1
57 12 1
58 13 0
59 11 1
60 11 1
61 11 1
62 11 1
63 11 1
64 11 1
65 11 1
66 10 1
67 10 1
68 10 1
69 10 1
70 10 1
71 10 0
72 9 1
73 9 1
74 10 0
75 9 1
76 9 1
77 9 0
78 8 1
79 8 1
80 8 0
81 7 1
82 8 0
83 7 1
84 6 1
85 6 1
86 7 0
87 6 0
88 5 1
89 5 1
90 5 1
91 5 0
92 5 0
93 5 0
94 5 0
95 3 1
96 3 1
97 3 1
98 3 1
99 4 0
100 3 0
101 2 1
102 3 0
103 2 1
104 3 0
106 1 1
##=========================================
##[Voxel Mapper]Iteration 1500 keyframe id, used times, remaining times:
0 25 0
1 25 0
2 24 1
3 25 0
4 25 0
6 25 0
7 25 0
8 25 0
10 24 1
11 25 0
12 25 0
13 25 0
14 24 1
15 25 0
16 25 0
17 25 0
18 24 1
19 25 0
20 25 0
21 25 0
22 23 1
23 24 0
24 24 0
25 23 0
26 21 1
27 22 0
28 22 0
29 21 0
30 21 0
31 21 0
32 20 0
33 20 0
34 20 0
35 19 0
36 19 0
37 19 0
38 17 1
39 18 0
40 18 0
41 16 1
42 16 1
43 16 1
44 16 0
45 16 0
46 15 0
47 15 0
48 15 0
49 15 0
50 14 0
51 14 0
52 14 0
53 14 0
54 13 0
55 13 0
56 13 0
57 13 0
58 13 0
59 11 1
60 12 0
61 12 0
62 11 1
63 12 0
64 11 1
65 11 1
66 11 0
67 11 0
68 11 0
69 11 0
70 10 1
71 10 0
72 9 1
73 10 0
74 10 0
75 9 1
76 10 0
77 9 0
78 9 0
79 9 0
80 8 0
81 8 0
82 8 0
83 8 0
84 7 0
85 7 0
86 7 0
87 6 0
88 6 0
89 5 1
90 6 0
91 5 0
92 5 0
93 5 0
94 5 0
95 4 0
96 3 1
97 4 0
98 4 0
99 4 0
100 3 0
101 3 0
102 3 0
103 2 1
104 3 0
105 1 1
106 1 1
107 1 1
##=========================================
##[Voxel Mapper]Iteration 1550 keyframe id, used times, remaining times:
0 25 1
1 25 1
2 25 1
3 25 1
4 25 1
6 25 1
7 26 0
8 25 1
10 26 0
11 25 1
12 26 0
13 25 1
14 25 1
15 25 1
16 25 1
17 25 1
18 25 1
19 25 1
20 26 0
21 25 1
22 24 1
23 24 1
24 24 1
25 23 1
26 22 1
27 22 1
28 22 1
29 21 1
30 21 1
31 21 1
32 20 1
33 20 1
34 20 1
35 19 1
36 19 1
37 19 1
38 18 1
39 18 1
40 18 1
41 18 0
42 17 1
43 18 0
44 16 1
45 16 1
46 15 1
47 15 1
48 15 1
49 15 1
50 14 1
51 14 1
52 15 0
53 14 1
54 13 1
55 14 0
56 13 1
57 13 1
58 13 1
59 12 1
60 12 1
61 12 1
62 12 1
63 12 1
64 12 1
65 12 1
66 12 0
67 11 1
68 11 1
69 11 1
70 11 1
71 10 1
72 11 0
73 10 1
74 10 1
75 11 0
76 10 1
77 9 1
78 9 1
79 9 1
80 8 1
81 9 0
82 9 0
83 9 0
84 7 1
85 8 0
86 7 1
87 7 0
88 7 0
89 7 0
90 6 1
91 6 0
92 6 0
93 5 1
94 5 1
95 4 1
96 4 1
97 5 0
98 4 1
99 4 1
100 3 1
101 3 1
102 3 1
103 3 1
104 4 0
105 3 0
106 3 0
107 2 1
108 3 0
##=========================================
##[Voxel Mapper]Iteration 50 keyframe id, used times, remaining times:
0 2 1
1 2 1
2 2 1
3 2 1
4 2 1
6 2 1
8 2 1
9 2 1
10 3 0
11 2 1
12 2 1
13 2 1
14 3 0
15 2 1
16 2 1
17 2 1
18 3 0
19 2 1
20 3 0
21 3 0
22 2 1
23 3 0
##=========================================
##[Voxel Mapper]Iteration 100 keyframe id, used times, remaining times:
0 4 0
1 4 0
2 4 0
3 4 0
4 4 0
6 4 0
8 4 0
9 4 0
10 4 0
11 4 0
12 4 0
13 3 1
14 3 1
15 3 1
16 4 0
17 4 0
18 4 0
19 4 0
20 3 1
21 4 0
22 4 0
23 4 0
24 3 0
25 3 0
26 3 0
27 2 1
28 3 0
29 1 1
30 1 1
##=========================================
##[Voxel Mapper]Iteration 150 keyframe id, used times, remaining times:
0 5 0
1 5 0
2 4 1
3 5 0
4 5 0
6 5 0
8 5 0
9 5 0
10 5 0
11 5 0
12 5 0
13 5 0
14 5 0
15 5 0
16 5 0
17 5 0
18 5 0
19 5 0
20 5 0
21 5 0
22 5 0
23 4 1
24 4 0
25 4 0
26 4 0
27 4 0
28 4 0
29 3 0
30 2 1
31 3 0
32 3 0
33 3 0
34 3 0
35 2 0
36 2 0
37 1 1
##=========================================
##[Voxel Mapper]Iteration 200 keyframe id, used times, remaining times:
0 6 0
1 6 0
2 6 0
3 6 0
4 6 0
6 5 1
8 6 0
9 6 0
10 6 0
11 6 0
12 6 0
13 6 0
14 6 0
15 6 0
16 6 0
17 6 0
18 6 0
19 6 0
20 6 0
21 6 0
22 6 0
23 6 0
24 5 0
25 5 0
26 5 0
27 5 0
28 5 0
29 4 0
30 4 0
31 4 0
32 4 0
33 4 0
34 4 0
35 3 0
36 3 0
37 3 0
38 3 0
39 2 0
40 1 1
41 2 0
42 1 1
43 1 1
44 1 1
##=========================================
##[Voxel Mapper]Iteration 250 keyframe id, used times, remaining times:
0 7 0
1 7 0
2 7 0
3 7 0
4 7 0
6 7 0
8 6 1
9 7 0
10 6 1
11 7 0
12 7 0
13 7 0
14 7 0
15 7 0
16 7 0
17 7 0
18 7 0
19 7 0
20 7 0
21 7 0
22 7 0
23 7 0
24 6 0
25 5 1
26 6 0
27 5 1
28 6 0
29 5 0
30 4 1
31 5 0
32 5 0
33 5 0
34 5 0
35 3 1
36 4 0
37 4 0
38 4 0
39 2 1
40 3 0
41 3 0
42 3 0
43 3 0
44 3 0
45 2 0
46 2 0
48 1 1
49 1 1
50 1 1
51 2 0
##=========================================
##[Voxel Mapper]Iteration 300 keyframe id, used times, remaining times:
0 8 0
1 7 1
2 8 0
3 7 1
4 8 0
6 8 0
8 8 0
9 8 0
10 7 1
11 8 0
12 8 0
13 8 0
14 7 1
15 7 1
16 8 0
17 7 1
18 8 0
19 7 1
20 7 1
21 8 0
22 7 1
23 7 1
24 6 1
25 7 0
26 6 1
27 7 0
28 6 1
29 5 1
30 5 1
31 6 0
32 5 1
33 5 1
34 6 0
35 5 0
36 5 0
37 4 1
38 5 0
39 3 1
40 4 0
41 3 1
42 4 0
43 4 0
44 3 1
45 3 0
46 3 0
47 2 1
48 2 1
49 3 0
50 2 1
51 2 1
52 3 0
53 3 0
54 3 0
55 3 0
57 1 1
##=========================================
##[Voxel Mapper]Iteration 350 keyframe id, used times, remaining times:
0 8 1
1 8 1
2 8 1
3 9 0
4 8 1
6 9 0
8 8 1
9 8 1
10 9 0
11 8 1
12 8 1
13 8 1
14 8 1
15 8 1
16 8 1
17 8 1
18 8 1
19 8 1
20 9 0
21 8 1
22 8 1
23 8 1
24 7 1
25 7 1
26 7 1
27 7 1
28 7 1
29 6 1
30 6 1
31 6 1
32 6 1
33 6 1
34 7 0
35 5 1
36 5 1
37 5 1
38 5 1
39 4 1
40 4 1
41 4 1
42 4 1
43 4 1
44 4 1
45 3 1
46 3 1
47 4 0
48 3 1
49 3 1
50 3 1
51 4 0
52 3 1
53 3 1
54 3 1
55 3 1
56 3 0
57 2 1
58 2 1
59 2 1
60 2 1
61 2 1
62 2 1
63 2 1
64 2 1
##=========================================
##[Voxel Mapper]Iteration 400 keyframe id, used times, remaining times:
0 9 0
1 9 0
2 9 0
3 9 0
4 9 0
6 9 0
8 9 0
9 9 0
10 9 0
11 9 0
12 9 0
13 9 0
14 8 1
15 9 0
16 9 0
17 9 0
18 8 1
19 9 0
20 9 0
21 9 0
22 9 0
23 8 1
24 8 0
25 8 0
26 8 0
27 8 0
28 7 1
29 6 1
30 7 0
31 7 0
32 7 0
33 7 0
34 7 0
35 6 0
36 6 0
37 6 0
38 6 0
39 5 0
40 5 0
41 5 0
42 4 1
43 5 0
44 4 1
45 4 0
46 4 0
47 4 0
48 4 0
49 4 0
50 4 0
51 4 0
52 4 0
53 3 1
54 4 0
55 4 0
56 3 0
57 3 0
58 3 0
59 3 0
60 3 0
61 3 0
62 2 1
63 3 0
64 3 0
65 2 0
66 1 1
68 1 1
##=========================================
##[Voxel Mapper]Iteration 450 keyframe id, used times, remaining times:
0 10 0
1 10 0
2 10 0
3 10 0
4 10 0
6 10 0
8 9 1
9 9 1
10 10 0
11 10 0
12 10 0
13 9 1
14 9 1
15 10 0
16 9 1
17 10 0
18 10 0
19 9 1
20 10 0
21 9 1
22 9 1
23 9 1
24 8 1
25 8 1
26 8 1
27 8 1
28 8 1
29 7 1
30 7 1
31 8 0
32 8 0
33 8 0
34 7 1
35 6 1
36 6 1
37 6 1
38 6 1
39 6 0
40 5 1
41 6 0
42 5 1
43 5 1
44 5 1
45 4 1
46 4 1
47 5 0
48 4 1
49 5 0
50 5 0
51 4 1
52 5 0
53 4 1
54 4 1
55 4 1
56 3 1
57 4 0
58 3 1
59 4 0
60 4 0
61 4 0
62 4 0
63 4 0
64 3 1
65 2 1
66 3 0
67 3 0
68 2 1
69 3 0
70 3 0
71 1 1
##=========================================
##[Voxel Mapper]Iteration 500 keyframe id, used times, remaining times:
0 10 1
1 10 1
2 10 1
3 10 1
4 10 1
6 10 1
8 10 1
9 10 1
10 10 1
11 10 1
12 10 1
13 10 1
14 10 1
15 10 1
16 10 1
17 10 1
18 10 1
19 10 1
20 10 1
21 10 1
22 10 1
23 10 1
24 9 1
25 9 1
26 9 1
27 9 1
28 9 1
29 8 1
30 8 1
31 8 1
32 8 1
33 8 1
34 8 1
35 7 1
36 7 1
37 7 1
38 7 1
39 6 1
40 6 1
41 6 1
42 6 1
43 6 1
44 6 1
45 5 1
46 5 1
47 5 1
48 5 1
49 6 0
50 5 1
51 5 1
52 5 1
53 5 1
54 5 1
55 5 1
56 4 1
57 4 1
58 4 1
59 4 1
60 4 1
61 4 1
62 4 1
63 4 1
64 4 1
65 3 1
66 3 1
67 3 1
68 3 1
69 3 1
70 3 1
71 2 1
72 2 1
73 2 1
74 2 1
75 2 1
76 3 0
##=========================================
##[Voxel Mapper]Iteration 550 keyframe id, used times, remaining times:
0 11 0
1 11 0
2 11 0
3 10 1
4 11 0
6 10 1
8 10 1
9 11 0
10 11 0
11 10 1
12 10 1
13 10 1
14 10 1
15 11 0
16 10 1
17 11 0
18 10 1
19 10 1
20 10 1
21 10 1
22 11 0
23 11 0
24 9 1
25 10 0
26 10 0
27 10 0
28 9 1
29 8 1
30 9 0
31 9 0
32 9 0
33 9 0
34 8 1
35 8 0
36 8 0
37 8 0
38 8 0
39 7 0
40 6 1
41 7 0
42 7 0
43 7 0
44 7 0
45 6 0
46 6 0
47 6 0
48 6 0
49 6 0
50 6 0
51 5 1
52 5 1
53 6 0
54 5 1
55 6 0
56 5 0
57 5 0
58 5 0
59 5 0
60 5 0
61 5 0
62 5 0
63 5 0
64 5 0
65 4 0
66 4 0
67 4 0
68 3 1
69 3 1
70 3 1
71 3 0
72 2 1
73 2 1
74 3 0
75 3 0
76 3 0
77 1 1
80 1 1
##=========================================
##[Voxel Mapper]Iteration 600 keyframe id, used times, remaining times:
0 11 1
1 12 0
2 12 0
3 11 1
4 11 1
6 11 1
8 11 1
9 11 1
10 12 0
11 12 0
12 11 1
13 11 1
14 11 1
15 11 1
16 11 1
17 11 1
18 11 1
19 11 1
20 11 1
21 11 1
22 12 0
23 11 1
24 10 1
25 10 1
26 10 1
27 10 1
28 10 1
29 9 1
30 9 1
31 9 1
32 9 1
33 9 1
34 9 1
35 8 1
36 8 1
37 9 0
38 8 1
39 7 1
40 7 1
41 7 1
42 8 0
43 7 1
44 7 1
45 6 1
46 6 1
47 6 1
48 6 1
49 6 1
50 6 1
51 6 1
52 6 1
53 6 1
54 7 0
55 6 1
56 5 1
57 5 1
58 5 1
59 5 1
60 5 1
61 5 1
62 5 1
63 5 1
64 6 0
65 4 1
66 4 1
67 4 1
68 4 1
69 4 1
70 4 1
71 3 1
72 4 0
73 3 1
74 3 1
75 3 1
76 3 1
77 2 1
78 2 1
79 2 1
80 2 1
81 3 0
82 2 1
83 3 0
84 1 1
##=========================================
##[Voxel Mapper]Iteration 650 keyframe id, used times, remaining times:
0 11 1
1 12 0
2 12 0
3 12 0
4 12 0
6 11 1
8 12 0
9 11 1
10 12 0
11 12 0
12 11 1
13 12 0
14 12 0
15 12 0
16 12 0
17 11 1
18 12 0
19 12 0
20 12 0
21 11 1
22 12 0
23 12 0
24 11 0
25 11 0
26 11 0
27 11 0
28 11 0
29 10 0
30 9 1
31 10 0
32 9 1
33 10 0
34 10 0
35 8 1
36 8 1
37 9 0
38 9 0
39 7 1
40 8 0
41 7 1
42 8 0
43 7 1
44 7 1
45 7 0
46 7 0
47 7 0
48 7 0
49 6 1
50 7 0
51 7 0
52 7 0
53 7 0
54 7 0
55 7 0
56 6 0
57 6 0
58 5 1
59 6 0
60 6 0
61 6 0
62 6 0
63 6 0
64 6 0
65 5 0
66 4 1
67 5 0
68 5 0
69 5 0
70 4 1
71 3 1
72 4 0
73 3 1
74 4 0
75 4 0
76 3 1
77 3 0
78 3 0
79 3 0
80 2 1
81 3 0
82 3 0
83 3 0
84 2 0
86 1 1
##=========================================
##[Voxel Mapper]Iteration 700 keyframe id, used times, remaining times:
0 12 1
1 12 1
2 12 1
3 12 1
4 12 1
6 12 1
8 12 1
9 13 0
10 12 1
11 12 1
12 13 0
13 12 1
14 12 1
15 12 1
16 13 0
17 12 1
18 13 0
19 12 1
20 12 1
21 12 1
22 12 1
23 13 0
24 11 1
25 12 0
26 12 0
27 11 1
28 11 1
29 10 1
30 11 0
31 10 1
32 10 1
33 11 0
34 10 1
35 9 1
36 9 1
37 9 1
38 9 1
39 8 1
40 8 1
41 8 1
42 8 1
43 8 1
44 9 0
45 7 1
46 7 1
47 8 0
48 7 1
49 8 0
50 7 1
51 7 1
52 7 1
53 7 1
54 7 1
55 7 1
56 6 1
57 7 0
58 6 1
59 6 1
60 7 0
61 7 0
62 6 1
63 6 1
64 6 1
65 5 1
66 6 0
67 5 1
68 5 1
69 5 1
70 5 1
71 4 1
72 5 0
73 5 0
74 4 1
75 4 1
76 4 1
77 3 1
78 3 1
79 3 1
80 3 1
81 3 1
82 3 1
83 3 1
84 2 1
85 2 1
86 2 1
87 2 1
88 2 1
89 3 0
##=========================================
##[Voxel Mapper]Iteration 750 keyframe id, used times, remaining times:
0 13 0
1 13 0
2 13 0
3 13 0
4 13 0
6 13 0
8 13 0
9 13 0
10 13 0
11 13 0
12 13 0
13 13 0
14 13 0
15 13 0
16 13 0
17 12 1
18 13 0
19 12 1
20 13 0
21 13 0
22 13 0
23 13 0
24 12 0
25 12 0
26 12 0
27 12 0
28 12 0
29 11 0
30 11 0
31 10 1
32 11 0
33 11 0
34 11 0
35 10 0
36 10 0
37 9 1
38 10 0
39 8 1
40 8 1
41 8 1
42 9 0
43 9 0
44 9 0
45 8 0
46 7 1
47 8 0
48 8 0
49 8 0
50 7 1
51 8 0
52 7 1
53 8 0
54 8 0
55 8 0
56 7 0
57 7 0
58 6 1
59 7 0
60 7 0
61 7 0
62 7 0
63 6 1
64 7 0
65 6 0
66 6 0
67 5 1
68 6 0
69 5 1
70 6 0
71 5 0
72 5 0
73 5 0
74 5 0
75 5 0
76 5 0
77 3 1
78 3 1
79 4 0
80 3 1
81 4 0
82 4 0
83 4 0
84 3 0
85 2 1
86 3 0
87 2 1
88 3 0
89 3 0
##=========================================
##[Voxel Mapper]Iteration 50 keyframe id, used times, remaining times:
0 2 1
1 2 1
2 2 1
3 2 1
4 2 1
7 2 1
8 2 1
9 2 1
10 2 1
11 3 0
12 2 1
13 2 1
14 2 1
15 2 1
16 2 1
17 2 1
18 2 1
19 2 1
20 2 1
21 2 1
22 2 1
23 3 0
24 2 1
25 2 1
##=========================================
##[Voxel Mapper]Iteration 100 keyframe id, used times, remaining times:
0 4 0
1 4 0
2 4 0
3 3 1
4 3 1
7 3 1
8 3 1
9 4 0
10 3 1
11 4 0
12 4 0
13 3 1
14 3 1
15 3 1
16 4 0
17 3 1
18 3 1
19 4 0
20 3 1
21 4 0
22 4 0
23 3 1
24 4 0
25 4 0
26 2 1
27 3 0
28 2 1
29 2 1
30 3 0
31 3 0
33 1 1
##=========================================
##[Voxel Mapper]Iteration 150 keyframe id, used times, remaining times:
0 5 0
1 5 0
2 5 0
3 4 1
4 5 0
7 4 1
8 5 0
9 4 1
10 5 0
11 5 0
12 4 1
13 4 1
14 5 0
15 4 1
16 5 0
17 5 0
18 4 1
19 4 1
20 5 0
21 5 0
22 5 0
23 5 0
24 4 1
25 5 0
26 3 1
27 4 0
28 4 0
29 3 1
30 4 0
31 3 1
32 3 0
33 3 0
34 3 0
35 3 0
36 3 0
37 2 0
38 1 1
##=========================================
##[Voxel Mapper]Iteration 200 keyframe id, used times, remaining times:
0 6 0
1 6 0
2 6 0
3 6 0
4 6 0
7 6 0
8 6 0
9 6 0
10 6 0
11 5 1
12 6 0
13 5 1
14 5 1
15 5 1
16 6 0
17 5 1
18 6 0
19 6 0
20 6 0
21 6 0
22 5 1
23 6 0
24 6 0
25 6 0
26 5 0
27 5 0
28 5 0
29 5 0
30 5 0
31 5 0
32 3 1
33 3 1
34 3 1
35 4 0
36 4 0
37 3 0
38 2 1
39 3 0
40 3 0
41 1 1
42 2 0
45 1 1
##=========================================
##[Voxel Mapper]Iteration 250 keyframe id, used times, remaining times:
0 6 1
1 6 1
2 7 0
3 7 0
4 7 0
7 7 0
8 6 1
9 7 0
10 7 0
11 7 0
12 7 0
13 7 0
14 6 1
15 7 0
16 6 1
17 6 1
18 6 1
19 7 0
20 7 0
21 7 0
22 7 0
23 6 1
24 6 1
25 7 0
26 6 0
27 6 0
28 6 0
29 5 1
30 6 0
31 6 0
32 4 1
33 5 0
34 4 1
35 4 1
36 4 1
37 4 0
38 4 0
39 4 0
40 3 1
41 3 0
42 2 1
43 3 0
44 2 1
45 3 0
46 3 0
47 3 0
49 1 1
##=========================================
##[Voxel Mapper]Iteration 300 keyframe id, used times, remaining times:
0 7 1
1 7 1
2 7 1
3 7 1
4 7 1
7 7 1
8 7 1
9 8 0
10 8 0
11 7 1
12 7 1
13 7 1
14 7 1
15 7 1
16 7 1
17 7 1
18 7 1
19 8 0
20 7 1
21 7 1
22 8 0
23 7 1
24 8 0
25 8 0
26 7 0
27 6 1
28 6 1
29 7 0
30 6 1
31 6 1
32 5 1
33 6 0
34 5 1
35 6 0
36 5 1
37 4 1
38 4 1
39 5 0
40 4 1
41 4 0
42 3 1
43 3 1
44 3 1
45 3 1
46 3 1
47 3 1
48 2 1
49 2 1
50 3 0
51 2 1
52 2 1
53 2 1
54 2 1
55 2 1
56 2 1
57 3 0
##=========================================
##[Voxel Mapper]Iteration 350 keyframe id, used times, remaining times:
0 8 0
1 8 0
2 8 0
3 8 0
4 8 0
7 8 0
8 8 0
9 8 0
10 8 0
11 8 0
12 8 0
13 8 0
14 8 0
15 8 0
16 8 0
17 8 0
18 8 0
19 8 0
20 8 0
21 8 0
22 8 0
23 8 0
24 8 0
25 8 0
26 7 0
27 7 0
28 7 0
29 7 0
30 7 0
31 7 0
32 6 0
33 6 0
34 6 0
35 6 0
36 6 0
37 5 0
38 5 0
39 5 0
40 5 0
41 4 0
42 3 1
43 4 0
44 4 0
45 4 0
46 4 0
47 4 0
48 3 0
49 3 0
50 3 0
51 3 0
52 3 0
53 2 1
54 3 0
55 3 0
56 3 0
57 3 0
58 2 0
59 2 0
60 2 0
61 2 0
63 1 1
64 1 1
##=========================================
##[Voxel Mapper]Iteration 400 keyframe id, used times, remaining times:
0 9 0
1 9 0
2 8 1
3 8 1
4 8 1
7 8 1
8 8 1
9 9 0
10 8 1
11 8 1
12 9 0
13 9 0
14 8 1
15 9 0
16 9 0
17 9 0
18 9 0
19 9 0
20 9 0
21 8 1
22 8 1
23 8 1
24 8 1
25 9 0
26 8 0
27 7 1
28 8 0
29 8 0
30 8 0
31 8 0
32 6 1
33 6 1
34 7 0
35 6 1
36 7 0
37 6 0
38 5 1
39 6 0
40 6 0
41 5 0
42 5 0
43 4 1
44 5 0
45 5 0
46 4 1
47 4 1
48 3 1
49 4 0
50 3 1
51 3 1
52 4 0
53 4 0
54 4 0
55 4 0
56 3 1
57 4 0
58 3 0
59 3 0
60 2 1
61 3 0
62 2 1
63 2 1
64 3 0
65 3 0
66 3 0
67 1 1
69 1 1
##=========================================
##[Voxel Mapper]Iteration 450 keyframe id, used times, remaining times:
0 9 1
1 10 0
2 9 1
3 9 1
4 10 0
7 10 0
8 9 1
9 9 1
10 9 1
11 9 1
12 9 1
13 9 1
14 9 1
15 9 1
16 9 1
17 10 0
18 9 1
19 9 1
20 9 1
21 9 1
22 9 1
23 9 1
24 9 1
25 9 1
26 8 1
27 9 0
28 8 1
29 8 1
30 9 0
31 8 1
32 7 1
33 7 1
34 7 1
35 7 1
36 7 1
37 6 1
38 7 0
39 6 1
40 6 1
41 5 1
42 5 1
43 5 1
44 5 1
45 6 0
46 5 1
47 5 1
48 4 1
49 4 1
50 4 1
51 4 1
52 5 0
53 4 1
54 5 0
55 4 1
56 4 1
57 4 1
58 3 1
59 3 1
60 4 0
61 4 0
62 3 1
63 3 1
64 3 1
65 3 1
66 3 1
67 2 1
68 2 1
69 2 1
70 2 1
71 2 1
72 3 0
##=========================================
##[Voxel Mapper]Iteration 500 keyframe id, used times, remaining times:
0 10 0
1 10 0
2 10 0
3 10 0
4 10 0
7 10 0
8 10 0
9 10 0
10 10 0
11 10 0
12 10 0
13 10 0
14 9 1
15 10 0
16 9 1
17 10 0
18 10 0
19 9 1
20 10 0
21 10 0
22 9 1
23 10 0
24 10 0
25 10 0
26 9 0
27 9 0
28 9 0
29 9 0
30 9 0
31 9 0
32 8 0
33 8 0
34 8 0
35 8 0
36 8 0
37 7 0
38 7 0
39 7 0
40 7 0
41 6 0
42 6 0
43 5 1
44 6 0
45 6 0
46 5 1
47 6 0
48 4 1
49 5 0
50 5 0
51 5 0
52 5 0
53 5 0
54 5 0
55 5 0
56 4 1
57 5 0
58 4 0
59 4 0
60 4 0
61 4 0
62 4 0
63 3 1
64 4 0
65 4 0
66 3 1
67 2 1
68 2 1
69 3 0
70 3 0
71 3 0
72 3 0
73 2 0
74 2 0
##=========================================
##[Voxel Mapper]Iteration 550 keyframe id, used times, remaining times:
0 11 0
1 11 0
2 11 0
3 10 1
4 10 1
7 10 1
8 10 1
9 11 0
10 11 0
11 11 0
12 10 1
13 10 1
14 10 1
15 10 1
16 10 1
17 10 1
18 10 1
19 11 0
20 10 1
21 10 1
22 10 1
23 11 0
24 11 0
25 10 1
26 10 0
27 9 1
28 9 1
29 9 1
30 10 0
31 10 0
32 8 1
33 9 0
34 9 0
35 8 1
36 8 1
37 8 0
38 8 0
39 8 0
40 7 1
41 6 1
42 7 0
43 6 1
44 7 0
45 6 1
46 6 1
47 7 0
48 5 1
49 5 1
50 5 1
51 6 0
52 5 1
53 5 1
54 6 0
55 5 1
56 5 1
57 5 1
58 5 0
59 4 1
60 4 1
61 4 1
62 4 1
63 5 0
64 4 1
65 4 1
66 5 0
67 3 1
68 3 1
69 3 1
70 3 1
71 3 1
72 4 0
73 3 0
74 2 1
75 2 1
76 2 1
77 2 1
78 2 1
79 3 0
##=========================================
##[Voxel Mapper]Iteration 600 keyframe id, used times, remaining times:
0 11 0
1 11 0
2 11 0
3 10 1
4 11 0
7 11 0
8 11 0
9 11 0
10 11 0
11 11 0
12 11 0
13 11 0
14 11 0
15 11 0
16 11 0
17 11 0
18 10 1
19 11 0
20 11 0
21 11 0
22 11 0
23 11 0
24 11 0
25 11 0
26 10 0
27 9 1
28 9 1
29 10 0
30 10 0
31 10 0
32 9 0
33 9 0
34 9 0
35 9 0
36 9 0
37 8 0
38 8 0
39 8 0
40 8 0
41 7 0
42 7 0
43 7 0
44 7 0
45 7 0
46 7 0
47 7 0
48 6 0
49 6 0
50 6 0
51 6 0
52 6 0
53 5 1
54 6 0
55 6 0
56 6 0
57 6 0
58 5 0
59 4 1
60 5 0
61 5 0
62 5 0
63 5 0
64 5 0
65 5 0
66 5 0
67 4 0
68 4 0
69 4 0
70 4 0
71 4 0
72 4 0
73 3 0
74 3 0
75 3 0
76 3 0
77 3 0
78 3 0
79 3 0
80 1 1
81 1 1
82 2 0
84 1 1
85 1 1
##=========================================
##[Voxel Mapper]Iteration 650 keyframe id, used times, remaining times:
0 12 0
1 12 0
2 12 0
3 11 1
4 11 1
7 11 1
8 12 0
9 12 0
10 11 1
11 12 0
12 12 0
13 12 0
14 12 0
15 12 0
16 11 1
17 11 1
18 11 1
19 12 0
20 12 0
21 11 1
22 11 1
23 11 1
24 12 0
25 11 1
26 10 1
27 11 0
28 11 0
29 10 1
30 10 1
31 10 1
32 9 1
33 9 1
34 9 1
35 9 1
36 9 1
37 8 1
38 8 1
39 9 0
40 8 1
41 8 0
42 7 1
43 7 1
44 7 1
45 7 1
46 7 1
47 7 1
48 7 0
49 6 1
50 6 1
51 7 0
52 6 1
53 7 0
54 6 1
55 6 1
56 6 1
57 7 0
58 5 1
59 5 1
60 6 0
61 6 0
62 5 1
63 6 0
64 5 1
65 5 1
66 6 0
67 5 0
68 5 0
69 4 1
70 4 1
71 5 0
72 5 0
73 3 1
74 3 1
75 3 1
76 3 1
77 3 1
78 3 1
79 4 0
80 2 1
81 3 0
82 2 1
83 3 0
84 3 0
85 3 0
86 3 0
87 1 1
##=========================================
##[Voxel Mapper]Iteration 700 keyframe id, used times, remaining times:
0 12 0
1 12 0
2 12 0
3 12 0
4 12 0
7 12 0
8 12 0
9 12 0
10 12 0
11 12 0
12 12 0
13 12 0
14 12 0
15 12 0
16 12 0
17 12 0
18 12 0
19 12 0
20 12 0
21 12 0
22 12 0
23 12 0
24 12 0
25 12 0
26 11 0
27 11 0
28 11 0
29 11 0
30 11 0
31 11 0
32 10 0
33 10 0
34 10 0
35 10 0
36 10 0
37 9 0
38 9 0
39 9 0
40 9 0
41 8 0
42 8 0
43 8 0
44 8 0
45 8 0
46 8 0
47 8 0
48 7 0
49 7 0
50 7 0
51 7 0
52 7 0
53 7 0
54 7 0
55 7 0
56 7 0
57 7 0
58 6 0
59 6 0
60 6 0
61 6 0
62 6 0
63 6 0
64 6 0
65 6 0
66 6 0
67 5 0
68 5 0
69 5 0
70 5 0
71 5 0
72 5 0
73 4 0
74 4 0
75 4 0
76 4 0
77 4 0
78 4 0
79 4 0
80 3 0
81 3 0
82 3 0
83 3 0
84 3 0
85 3 0
86 3 0
87 1 1
##=========================================
##[Voxel Mapper]Iteration 750 keyframe id, used times, remaining times:
0 13 0
1 12 1
2 13 0
3 13 0
4 13 0
7 12 1
8 13 0
9 13 0
10 12 1
11 12 1
12 13 0
13 13 0
14 13 0
15 12 1
16 13 0
17 12 1
18 12 1
19 13 0
20 12 1
21 13 0
22 13 0
23 12 1
24 13 0
25 12 1
26 11 1
27 12 0
28 11 1
29 12 0
30 12 0
31 12 0
32 11 0
33 10 1
34 11 0
35 11 0
36 10 1
37 10 0
38 9 1
39 10 0
40 10 0
41 9 0
42 8 1
43 9 0
44 8 1
45 9 0
46 8 1
47 9 0
48 8 0
49 8 0
50 7 1
51 8 0
52 7 1
53 8 0
54 8 0
55 8 0
56 7 1
57 7 1
58 7 0
59 7 0
60 7 0
61 6 1
62 6 1
63 7 0
64 7 0
65 6 1
66 7 0
67 5 1
68 5 1
69 6 0
70 5 1
71 5 1
72 5 1
73 4 1
74 4 1
75 4 1
76 5 0
77 5 0
78 4 1
79 4 1
80 3 1
81 4 0
82 3 1
83 4 0
84 4 0
85 4 0
86 4 0
87 3 0
##=========================================
##[Voxel Mapper]Iteration 50 keyframe id, used times, remaining times:
0 2 1
1 2 1
2 2 1
3 2 1
4 2 1
5 2 1
7 2 1
9 2 1
10 2 1
11 2 1
12 2 1
13 2 1
14 2 1
15 2 1
16 3 0
17 2 1
18 2 1
19 2 1
20 2 1
21 2 1
22 2 1
23 2 1
24 2 1
25 3 0
##=========================================
##[Voxel Mapper]Iteration 100 keyframe id, used times, remaining times:
0 4 0
1 4 0
2 3 1
3 3 1
4 4 0
5 4 0
7 3 1
9 3 1
10 4 0
11 4 0
12 3 1
13 4 0
14 4 0
15 4 0
16 4 0
17 3 1
18 4 0
19 4 0
20 3 1
21 3 1
22 4 0
23 4 0
24 4 0
25 4 0
26 2 1
27 3 0
28 2 1
29 3 0
30 1 1
31 1 1
##=========================================
##[Voxel Mapper]Iteration 150 keyframe id, used times, remaining times:
0 5 0
1 5 0
2 5 0
3 5 0
4 4 1
5 5 0
7 4 1
9 5 0
10 5 0
11 5 0
12 5 0
13 5 0
14 5 0
15 5 0
16 5 0
17 5 0
18 5 0
19 5 0
20 5 0
21 5 0
22 5 0
23 4 1
24 5 0
25 5 0
26 4 0
27 4 0
28 4 0
29 3 1
30 3 0
31 3 0
32 2 1
33 3 0
34 3 0
35 1 1
36 1 1
37 1 1
38 1 1
##=========================================
##[Voxel Mapper]Iteration 200 keyframe id, used times, remaining times:
0 6 0
1 6 0
2 6 0
3 6 0
4 6 0
5 6 0
7 6 0
9 6 0
10 6 0
11 6 0
12 6 0
13 6 0
14 6 0
15 6 0
16 6 0
17 6 0
18 5 1
19 6 0
20 6 0
21 6 0
22 5 1
23 6 0
24 6 0
25 6 0
26 5 0
27 5 0
28 4 1
29 5 0
30 4 0
31 4 0
32 4 0
33 4 0
34 4 0
35 3 0
36 2 1
37 3 0
38 2 1
39 3 0
40 2 0
41 1 1
42 2 0
43 1 1
##=========================================
##[Voxel Mapper]Iteration 250 keyframe id, used times, remaining times:
0 6 1
1 7 0
2 7 0
3 7 0
4 7 0
5 7 0
7 7 0
9 7 0
10 6 1
11 7 0
12 7 0
13 7 0
14 7 0
15 7 0
16 7 0
17 7 0
18 7 0
19 7 0
20 7 0
21 7 0
22 7 0
23 7 0
24 6 1
25 6 1
26 6 0
27 5 1
28 5 1
29 6 0
30 5 0
31 5 0
32 5 0
33 4 1
34 5 0
35 4 0
36 4 0
37 4 0
38 3 1
39 4 0
40 2 1
41 3 0
42 2 1
43 2 1
44 3 0
45 2 1
46 3 0
47 2 0
49 1 1
51 1 1
##=========================================
##[Voxel Mapper]Iteration 300 keyframe id, used times, remaining times:
0 8 0
1 8 0
2 8 0
3 8 0
4 7 1
5 7 1
7 8 0
9 8 0
10 8 0
11 7 1
12 7 1
13 7 1
14 7 1
15 8 0
16 7 1
17 8 0
18 7 1
19 8 0
20 8 0
21 7 1
22 7 1
23 7 1
24 8 0
25 7 1
26 6 1
27 6 1
28 6 1
29 6 1
30 5 1
31 5 1
32 6 0
33 6 0
34 6 0
35 4 1
36 5 0
37 5 0
38 4 1
39 4 1
40 4 0
41 3 1
42 3 1
43 3 1
44 3 1
45 3 1
46 3 1
47 2 1
48 3 0
49 2 1
50 2 1
51 2 1
52 2 1
53 2 1
54 2 1
55 3 0
56 3 0
59 1 1
##=========================================
##[Voxel Mapper]Iteration 350 keyframe id, used times, remaining times:
0 8 0
1 8 0
2 8 0
3 8 0
4 8 0
5 8 0
7 8 0
9 8 0
10 8 0
11 8 0
12 8 0
13 8 0
14 8 0
15 8 0
16 8 0
17 8 0
18 8 0
19 8 0
20 8 0
21 8 0
22 8 0
23 8 0
24 8 0
25 8 0
26 7 0
27 7 0
28 7 0
29 7 0
30 6 0
31 6 0
32 6 0
33 6 0
34 6 0
35 5 0
36 5 0
37 5 0
38 5 0
39 5 0
40 4 0
41 4 0
42 4 0
43 4 0
44 4 0
45 4 0
46 4 0
47 3 0
48 3 0
49 3 0
50 3 0
51 3 0
52 3 0
53 3 0
54 3 0
55 3 0
56 3 0
57 2 0
58 2 0
59 2 0
60 2 0
61 1 1
62 2 0
63 2 0
64 2 0
65 2 0
##=========================================
##[Voxel Mapper]Iteration 400 keyframe id, used times, remaining times:
0 9 0
1 8 1
2 9 0
3 9 0
4 8 1
5 9 0
7 9 0
9 9 0
10 9 0
11 9 0
12 8 1
13 8 1
14 8 1
15 9 0
16 9 0
17 9 0
18 8 1
19 9 0
20 8 1
21 9 0
22 8 1
23 9 0
24 9 0
25 9 0
26 8 0
27 8 0
28 8 0
29 7 1
30 7 0
31 7 0
32 6 1
33 7 0
34 7 0
35 5 1
36 5 1
37 5 1
38 6 0
39 6 0
40 5 0
41 4 1
42 5 0
43 5 0
44 5 0
45 5 0
46 5 0
47 4 0
48 4 0
49 4 0
50 4 0
51 4 0
52 4 0
53 3 1
54 4 0
55 4 0
56 3 1
57 2 1
58 2 1
59 3 0
60 3 0
61 3 0
62 3 0
63 3 0
64 3 0
65 2 1
66 3 0
68 1 1
##=========================================
##[Voxel Mapper]Iteration 450 keyframe id, used times, remaining times:
0 9 1
1 9 1
2 10 0
3 9 1
4 10 0
5 9 1
7 9 1
9 9 1
10 9 1
11 9 1
12 9 1
13 9 1
14 10 0
15 9 1
16 10 0
17 9 1
18 9 1
19 10 0
20 9 1
21 9 1
22 10 0
23 9 1
24 9 1
25 9 1
26 9 0
27 8 1
28 8 1
29 8 1
30 7 1
31 7 1
32 8 0
33 8 0
34 7 1
35 6 1
36 6 1
37 6 1
38 6 1
39 6 1
40 5 1
41 6 0
42 5 1
43 5 1
44 5 1
45 6 0
46 5 1
47 5 0
48 4 1
49 4 1
50 5 0
51 5 0
52 4 1
53 4 1
54 4 1
55 4 1
56 4 1
57 4 0
58 3 1
59 4 0
60 3 1
61 4 0
62 3 1
63 3 1
64 4 0
65 4 0
66 3 1
67 3 0
68 2 1
69 2 1
70 2 1
71 2 1
72 2 1
##=========================================
##[Voxel Mapper]Iteration 500 keyframe id, used times, remaining times:
0 10 0
1 10 0
2 10 0
3 10 0
4 10 0
5 10 0
7 10 0
9 10 0
10 10 0
11 10 0
12 10 0
13 10 0
14 10 0
15 10 0
16 10 0
17 10 0
18 10 0
19 10 0
20 9 1
21 10 0
22 10 0
23 9 1
24 10 0
25 10 0
26 9 0
27 9 0
28 9 0
29 9 0
30 8 0
31 7 1
32 8 0
33 8 0
34 8 0
35 7 0
36 7 0
37 7 0
38 7 0
39 7 0
40 6 0
41 6 0
42 6 0
43 6 0
44 6 0
45 6 0
46 6 0
47 5 0
48 5 0
49 5 0
50 5 0
51 5 0
52 5 0
53 5 0
54 5 0
55 5 0
56 5 0
57 4 0
58 3 1
59 4 0
60 4 0
61 4 0
62 4 0
63 4 0
64 4 0
65 4 0
66 4 0
67 3 0
68 3 0
69 3 0
70 3 0
71 3 0
72 3 0
73 2 0
74 1 1
##=========================================
##[Voxel Mapper]Iteration 550 keyframe id, used times, remaining times:
0 11 0
1 10 1
2 10 1
3 11 0
4 11 0
5 11 0
7 10 1
9 11 0
10 10 1
11 10 1
12 10 1
13 10 1
14 10 1
15 10 1
16 10 1
17 11 0
18 11 0
19 11 0
20 10 1
21 11 0
22 10 1
23 10 1
24 10 1
25 11 0
26 10 0
27 9 1
28 10 0
29 9 1
30 9 0
31 8 1
32 9 0
33 8 1
34 9 0
35 7 1
36 7 1
37 7 1
38 7 1
39 8 0
40 7 0
41 7 0
42 7 0
43 7 0
44 7 0
45 7 0
46 7 0
47 5 1
48 5 1
49 6 0
50 5 1
51 6 0
52 6 0
53 5 1
54 5 1
55 6 0
56 5 1
57 5 0
58 4 1
59 4 1
60 5 0
61 5 0
62 4 1
63 5 0
64 4 1
65 4 1
66 4 1
67 3 1
68 4 0
69 3 1
70 4 0
71 3 1
72 3 1
73 3 0
74 2 1
75 2 1
76 3 0
77 3 0
78 3 0
##=========================================
##[Voxel Mapper]Iteration 600 keyframe id, used times, remaining times:
0 11 0
1 11 0
2 11 0
3 11 0
4 11 0
5 11 0
7 11 0
9 11 0
10 11 0
11 11 0
12 11 0
13 11 0
14 11 0
15 11 0
16 10 1
17 11 0
18 11 0
19 11 0
20 11 0
21 11 0
22 11 0
23 11 0
24 11 0
25 11 0
26 10 0
27 10 0
28 10 0
29 10 0
30 9 0
31 9 0
32 9 0
33 9 0
34 9 0
35 7 1
36 8 0
37 8 0
38 8 0
39 8 0
40 7 0
41 7 0
42 7 0
43 7 0
44 7 0
45 7 0
46 7 0
47 6 0
48 6 0
49 6 0
50 6 0
51 6 0
52 6 0
53 6 0
54 6 0
55 6 0
56 6 0
57 5 0
58 5 0
59 5 0
60 5 0
61 5 0
62 5 0
63 5 0
64 5 0
65 5 0
66 5 0
67 3 1
68 4 0
69 4 0
70 4 0
71 4 0
72 4 0
73 3 0
74 3 0
75 3 0
76 3 0
77 3 0
78 3 0
79 2 0
80 2 0
81 2 0
82 2 0
83 2 0
84 2 0
85 1 1
##=========================================
##[Voxel Mapper]Iteration 650 keyframe id, used times, remaining times:
0 12 0
1 11 1
2 11 1
3 11 1
4 12 0
5 12 0
7 11 1
9 12 0
10 11 1
11 12 0
12 12 0
13 11 1
14 11 1
15 11 1
16 11 1
17 12 0
18 12 0
19 11 1
20 12 0
21 12 0
22 11 1
23 11 1
24 11 1
25 12 0
26 11 0
27 11 0
28 10 1
29 10 1
30 9 1
31 10 0
32 10 0
33 10 0
34 9 1
35 8 1
36 9 0
37 9 0
38 9 0
39 9 0
40 8 0
41 7 1
42 7 1
43 7 1
44 7 1
45 8 0
46 7 1
47 7 0
48 6 1
49 6 1
50 6 1
51 7 0
52 7 0
53 6 1
54 7 0
55 7 0
56 6 1
57 5 1
58 6 0
59 5 1
60 6 0
61 5 1
62 5 1
63 5 1
64 6 0
65 6 0
66 5 1
67 4 1
68 4 1
69 5 0
70 5 0
71 5 0
72 4 1
73 4 0
74 4 0
75 3 1
76 4 0
77 4 0
78 4 0
79 3 0
80 2 1
81 3 0
82 2 1
83 3 0
84 2 1
85 3 0
86 3 0
##=========================================
##[Voxel Mapper]Iteration 700 keyframe id, used times, remaining times:
0 12 0
1 12 0
2 12 0
3 12 0
4 12 0
5 12 0
7 12 0
9 12 0
10 12 0
11 12 0
12 12 0
13 12 0
14 12 0
15 12 0
16 12 0
17 12 0
18 12 0
19 12 0
20 12 0
21 12 0
22 12 0
23 12 0
24 12 0
25 12 0
26 11 0
27 11 0
28 11 0
29 11 0
30 10 0
31 10 0
32 10 0
33 10 0
34 10 0
35 9 0
36 9 0
37 9 0
38 9 0
39 9 0
40 8 0
41 8 0
42 8 0
43 8 0
44 8 0
45 8 0
46 8 0
47 7 0
48 7 0
49 7 0
50 7 0
51 7 0
52 7 0
53 7 0
54 7 0
55 7 0
56 7 0
57 6 0
58 6 0
59 6 0
60 6 0
61 6 0
62 6 0
63 6 0
64 6 0
65 6 0
66 6 0
67 5 0
68 5 0
69 5 0
70 5 0
71 5 0
72 5 0
73 4 0
74 4 0
75 4 0
76 4 0
77 4 0
78 4 0
79 3 0
80 3 0
81 3 0
82 3 0
83 3 0
84 3 0
85 3 0
86 3 0
87 2 0
88 2 0
89 2 0
90 2 0
91 1 1
##=========================================
##[Voxel Mapper]Iteration 750 keyframe id, used times, remaining times:
0 13 0
1 13 0
2 13 0
3 13 0
4 13 0
5 13 0
7 12 1
9 13 0
10 12 1
11 12 1
12 12 1
13 12 1
14 13 0
15 12 1
16 12 1
17 12 1
18 13 0
19 13 0
20 12 1
21 12 1
22 12 1
23 12 1
24 13 0
25 12 1
26 11 1
27 12 0
28 11 1
29 12 0
30 11 0
31 11 0
32 11 0
33 10 1
34 11 0
35 10 0
36 10 0
37 10 0
38 10 0
39 9 1
40 9 0
41 8 1
42 9 0
43 9 0
44 8 1
45 8 1
46 8 1
47 7 1
48 7 1
49 7 1
50 8 0
51 7 1
52 8 0
53 8 0
54 7 1
55 7 1
56 8 0
57 7 0
58 6 1
59 7 0
60 6 1
61 6 1
62 6 1
63 6 1
64 7 0
65 7 0
66 6 1
67 5 1
68 6 0
69 6 0
70 6 0
71 6 0
72 6 0
73 5 0
74 4 1
75 5 0
76 5 0
77 5 0
78 5 0
79 3 1
80 4 0
81 3 1
82 4 0
83 4 0
84 3 1
85 3 1
86 4 0
87 3 0
88 2 1
89 3 0
90 2 1
91 3 0
##=========================================
##[Voxel Mapper]Iteration 50 keyframe id, used times, remaining times:
0 2 1
1 2 1
2 2 1
3 3 0
4 3 0
7 2 1
8 3 0
9 2 1
10 2 1
11 2 1
12 2 1
13 2 1
14 3 0
15 2 1
16 2 1
17 2 1
18 2 1
19 3 0
20 2 1
21 2 1
22 2 1
23 3 0
##=========================================
##[Voxel Mapper]Iteration 100 keyframe id, used times, remaining times:
0 4 0
1 3 1
2 3 1
3 4 0
4 4 0
7 4 0
8 4 0
9 4 0
10 4 0
11 3 1
12 4 0
13 3 1
14 4 0
15 4 0
16 4 0
17 4 0
18 4 0
19 4 0
20 4 0
21 4 0
22 4 0
23 4 0
24 3 0
25 3 0
26 3 0
27 3 0
28 1 1
29 2 0
30 1 1
##=========================================
##[Voxel Mapper]Iteration 150 keyframe id, used times, remaining times:
0 5 1
1 5 1
2 5 1
3 5 1
4 5 1
7 6 0
8 5 1
9 5 1
10 5 1
11 5 1
12 5 1
13 5 1
14 5 1
15 6 0
16 5 1
17 5 1
18 5 1
19 5 1
20 5 1
21 5 1
22 5 1
23 5 1
24 4 1
25 4 1
26 4 1
27 4 1
28 3 1
29 3 1
30 3 1
31 3 1
32 2 1
33 2 1
34 2 1
35 2 1
36 2 1
##=========================================
##[Voxel Mapper]Iteration 200 keyframe id, used times, remaining times:
0 7 0
1 6 1
2 6 1
3 6 1
4 6 1
7 6 1
8 6 1
9 6 1
10 6 1
11 6 1
12 7 0
13 7 0
14 6 1
15 6 1
16 6 1
17 6 1
18 6 1
19 7 0
20 7 0
21 6 1
22 6 1
23 6 1
24 5 1
25 5 1
26 5 1
27 5 1
28 5 0
29 5 0
30 4 1
31 4 1
32 3 1
33 3 1
34 3 1
35 4 0
36 4 0
37 3 0
38 3 0
39 2 1
##=========================================
##[Voxel Mapper]Iteration 250 keyframe id, used times, remaining times:
0 7 1
1 8 0
2 7 1
3 8 0
4 7 1
7 8 0
8 7 1
9 7 1
10 7 1
11 7 1
12 7 1
13 7 1
14 7 1
15 7 1
16 7 1
17 8 0
18 7 1
19 8 0
20 7 1
21 8 0
22 8 0
23 7 1
24 6 1
25 7 0
26 6 1
27 6 1
28 6 0
29 5 1
30 5 1
31 5 1
32 4 1
33 5 0
34 4 1
35 5 0
36 4 1
37 4 0
38 3 1
39 3 1
40 2 1
41 2 1
42 2 1
43 2 1
44 3 0
##=========================================
##[Voxel Mapper]Iteration 300 keyframe id, used times, remaining times:
0 8 1
1 8 1
2 8 1
3 8 1
4 8 1
7 8 1
8 8 1
9 8 1
10 8 1
11 8 1
12 8 1
13 8 1
14 8 1
15 9 0
16 8 1
17 8 1
18 8 1
19 9 0
20 8 1
21 8 1
22 8 1
23 8 1
24 7 1
25 7 1
26 7 1
27 7 1
28 6 1
29 6 1
30 6 1
31 7 0
32 5 1
33 5 1
34 5 1
35 5 1
36 5 1
37 4 1
38 4 1
39 4 1
40 3 1
41 4 0
42 3 1
43 3 1
44 3 1
45 2 1
46 3 0
47 2 1
48 2 1
49 2 1
50 2 1
51 3 0
##=========================================
##[Voxel Mapper]Iteration 350 keyframe id, used times, remaining times:
0 9 0
1 9 0
2 9 0
3 9 0
4 8 1
7 9 0
8 9 0
9 9 0
10 9 0
11 9 0
12 9 0
13 9 0
14 9 0
15 9 0
16 9 0
17 8 1
18 9 0
19 9 0
20 9 0
21 9 0
22 9 0
23 9 0
24 8 0
25 8 0
26 8 0
27 8 0
28 6 1
29 7 0
30 7 0
31 7 0
32 6 0
33 6 0
34 6 0
35 5 1
36 6 0
37 5 0
38 5 0
39 5 0
40 4 0
41 4 0
42 4 0
43 4 0
44 4 0
45 2 1
46 3 0
47 3 0
48 3 0
49 3 0
50 3 0
51 3 0
52 2 0
53 2 0
54 2 0
55 1 1
56 2 0
57 2 0
##=========================================
##[Voxel Mapper]Iteration 400 keyframe id, used times, remaining times:
0 10 0
1 9 1
2 10 0
3 10 0
4 10 0
7 10 0
8 10 0
9 9 1
10 10 0
11 9 1
12 10 0
13 9 1
14 10 0
15 10 0
16 9 1
17 10 0
18 9 1
19 10 0
20 9 1
21 10 0
22 10 0
23 10 0
24 9 0
25 8 1
26 9 0
27 8 1
28 8 0
29 7 1
30 7 1
31 8 0
32 6 1
33 7 0
34 7 0
35 7 0
36 7 0
37 5 1
38 6 0
39 5 1
40 4 1
41 4 1
42 4 1
43 4 1
44 4 1
45 4 0
46 4 0
47 4 0
48 4 0
49 4 0
50 3 1
51 3 1
52 3 0
53 3 0
54 3 0
55 3 0
56 2 1
57 2 1
58 2 1
59 3 0
60 1 1
61 1 1
62 2 0
63 1 1
64 1 1
##=========================================
##[Voxel Mapper]Iteration 450 keyframe id, used times, remaining times:
0 10 1
1 10 1
2 10 1
3 10 1
4 10 1
7 11 0
8 10 1
9 10 1
10 10 1
11 10 1
12 10 1
13 10 1
14 11 0
15 10 1
16 11 0
17 10 1
18 10 1
19 10 1
20 10 1
21 10 1
22 10 1
23 11 0
24 9 1
25 9 1
26 9 1
27 9 1
28 8 1
29 8 1
30 8 1
31 8 1
32 8 0
33 7 1
34 8 0
35 7 1
36 7 1
37 7 0
38 6 1
39 7 0
40 5 1
41 5 1
42 6 0
43 5 1
44 6 0
45 4 1
46 5 0
47 4 1
48 4 1
49 4 1
50 5 0
51 5 0
52 3 1
53 3 1
54 4 0
55 3 1
56 3 1
57 3 1
58 3 1
59 3 1
60 2 1
61 3 0
62 2 1
63 3 0
64 2 1
65 2 1
66 2 1
67 2 1
##=========================================
##[Voxel Mapper]Iteration 500 keyframe id, used times, remaining times:
0 11 0
1 11 0
2 11 0
3 11 0
4 11 0
7 11 0
8 11 0
9 11 0
10 11 0
11 11 0
12 11 0
13 11 0
14 11 0
15 10 1
16 11 0
17 11 0
18 11 0
19 10 1
20 11 0
21 11 0
22 11 0
23 11 0
24 10 0
25 10 0
26 10 0
27 10 0
28 8 1
29 9 0
30 9 0
31 9 0
32 8 0
33 8 0
34 8 0
35 8 0
36 8 0
37 7 0
38 7 0
39 7 0
40 6 0
41 6 0
42 6 0
43 6 0
44 6 0
45 5 0
46 5 0
47 4 1
48 5 0
49 5 0
50 5 0
51 5 0
52 4 0
53 4 0
54 4 0
55 4 0
56 4 0
57 4 0
58 4 0
59 4 0
60 3 0
61 3 0
62 3 0
63 3 0
64 3 0
65 3 0
66 3 0
67 3 0
68 1 1
69 2 0
70 1 1
##=========================================
##[Voxel Mapper]Iteration 550 keyframe id, used times, remaining times:
0 12 0
1 12 0
2 11 1
3 11 1
4 12 0
7 11 1
8 11 1
9 12 0
10 11 1
11 11 1
12 11 1
13 12 0
14 12 0
15 12 0
16 12 0
17 11 1
18 12 0
19 12 0
20 11 1
21 11 1
22 12 0
23 12 0
24 11 0
25 11 0
26 11 0
27 10 1
28 10 0
29 9 1
30 10 0
31 10 0
32 8 1
33 8 1
34 9 0
35 9 0
36 9 0
37 8 0
38 7 1
39 8 0
40 6 1
41 7 0
42 6 1
43 7 0
44 7 0
45 6 0
46 6 0
47 5 1
48 6 0
49 5 1
50 5 1
51 5 1
52 4 1
53 4 1
54 4 1
55 5 0
56 5 0
57 4 1
58 5 0
59 5 0
60 3 1
61 3 1
62 3 1
63 4 0
64 3 1
65 4 0
66 3 1
67 4 0
68 3 0
69 3 0
70 3 0
71 3 0
72 1 1
73 1 1
##=========================================
##[Voxel Mapper]Iteration 600 keyframe id, used times, remaining times:
0 12 1
1 12 1
2 13 0
3 12 1
4 12 1
7 12 1
8 13 0
9 12 1
10 13 0
11 12 1
12 12 1
13 12 1
14 12 1
15 12 1
16 12 1
17 12 1
18 12 1
19 13 0
20 13 0
21 12 1
22 12 1
23 12 1
24 11 1
25 11 1
26 11 1
27 11 1
28 10 1
29 10 1
30 10 1
31 10 1
32 9 1
33 9 1
34 9 1
35 9 1
36 9 1
37 8 1
38 8 1
39 8 1
40 8 0
41 7 1
42 7 1
43 7 1
44 7 1
45 6 1
46 6 1
47 6 1
48 7 0
49 6 1
50 6 1
51 7 0
52 5 1
53 5 1
54 5 1
55 5 1
56 5 1
57 5 1
58 5 1
59 6 0
60 4 1
61 4 1
62 5 0
63 4 1
64 4 1
65 5 0
66 4 1
67 4 1
68 3 1
69 3 1
70 3 1
71 3 1
72 2 1
73 2 1
74 2 1
75 2 1
76 3 0
##=========================================
##[Voxel Mapper]Iteration 650 keyframe id, used times, remaining times:
0 13 0
1 12 1
2 13 0
3 13 0
4 13 0
7 13 0
8 13 0
9 13 0
10 13 0
11 12 1
12 13 0
13 13 0
14 13 0
15 13 0
16 13 0
17 13 0
18 13 0
19 13 0
20 13 0
21 13 0
22 13 0
23 13 0
24 12 0
25 11 1
26 12 0
27 12 0
28 11 0
29 10 1
30 11 0
31 11 0
32 10 0
33 10 0
34 9 1
35 10 0
36 10 0
37 9 0
38 9 0
39 9 0
40 8 0
41 7 1
42 7 1
43 8 0
44 8 0
45 7 0
46 7 0
47 7 0
48 7 0
49 7 0
50 6 1
51 7 0
52 6 0
53 5 1
54 6 0
55 6 0
56 5 1
57 6 0
58 6 0
59 6 0
60 5 0
61 5 0
62 5 0
63 5 0
64 5 0
65 5 0
66 5 0
67 5 0
68 3 1
69 4 0
70 3 1
71 4 0
72 2 1
73 3 0
74 3 0
75 3 0
76 3 0
##=========================================
##[Voxel Mapper]Iteration 700 keyframe id, used times, remaining times:
0 13 1
1 13 1
2 14 0
3 13 1
4 14 0
7 13 1
8 13 1
9 14 0
10 14 0
11 13 1
12 13 1
13 14 0
14 14 0
15 14 0
16 13 1
17 14 0
18 13 1
19 13 1
20 13 1
21 13 1
22 14 0
23 13 1
24 12 1
25 12 1
26 12 1
27 13 0
28 11 1
29 11 1
30 12 0
31 11 1
32 10 1
33 10 1
34 10 1
35 11 0
36 10 1
37 9 1
38 9 1
39 9 1
40 9 0
41 9 0
42 8 1
43 8 1
44 8 1
45 7 1
46 8 0
47 7 1
48 7 1
49 7 1
50 7 1
51 8 0
52 6 1
53 6 1
54 7 0
55 6 1
56 7 0
57 7 0
58 6 1
59 6 1
60 6 0
61 6 0
62 5 1
63 5 1
64 5 1
65 5 1
66 5 1
67 5 1
68 4 1
69 4 1
70 4 1
71 4 1
72 3 1
73 3 1
74 4 0
75 4 0
76 3 1
77 2 1
78 2 1
79 2 1
80 2 1
81 2 1
82 3 0
83 1 1
##=========================================
##[Voxel Mapper]Iteration 750 keyframe id, used times, remaining times:
0 14 0
1 14 0
2 14 0
3 14 0
4 14 0
7 14 0
8 14 0
9 14 0
10 14 0
11 14 0
12 13 1
13 14 0
14 14 0
15 14 0
16 14 0
17 14 0
18 13 1
19 13 1
20 14 0
21 14 0
22 14 0
23 13 1
24 13 0
25 13 0
26 13 0
27 13 0
28 12 0
29 12 0
30 12 0
31 12 0
32 11 0
33 11 0
34 11 0
35 11 0
36 11 0
37 10 0
38 10 0
39 10 0
40 9 0
41 9 0
42 9 0
43 8 1
44 9 0
45 8 0
46 8 0
47 8 0
48 8 0
49 8 0
50 8 0
51 8 0
52 7 0
53 6 1
54 7 0
55 7 0
56 7 0
57 7 0
58 7 0
59 7 0
60 6 0
61 6 0
62 6 0
63 6 0
64 6 0
65 6 0
66 6 0
67 6 0
68 5 0
69 4 1
70 5 0
71 5 0
72 3 1
73 3 1
74 4 0
75 4 0
76 4 0
77 3 0
78 3 0
79 2 1
80 3 0
81 2 1
82 3 0
83 2 0
84 1 1
85 2 0
##=========================================
##[Voxel Mapper]Iteration 800 keyframe id, used times, remaining times:
0 14 1
1 14 1
2 15 0
3 15 0
4 14 1
7 14 1
8 14 1
9 15 0
10 15 0
11 15 0
12 15 0
13 14 1
14 14 1
15 14 1
16 14 1
17 14 1
18 14 1
19 14 1
20 15 0
21 15 0
22 15 0
23 15 0
24 13 1
25 13 1
26 13 1
27 14 0
28 12 1
29 13 0
30 12 1
31 12 1
32 12 0
33 12 0
34 11 1
35 12 0
36 11 1
37 10 1
38 10 1
39 10 1
40 9 1
41 9 1
42 9 1
43 9 1
44 9 1
45 8 1
46 8 1
47 9 0
48 8 1
49 9 0
50 8 1
51 8 1
52 8 0
53 7 1
54 7 1
55 8 0
56 7 1
57 7 1
58 7 1
59 8 0
60 6 1
61 6 1
62 6 1
63 6 1
64 6 1
65 6 1
66 6 1
67 6 1
68 6 0
69 6 0
70 6 0
71 6 0
72 4 1
73 4 1
74 4 1
75 4 1
76 4 1
77 3 1
78 3 1
79 4 0
80 4 0
81 3 1
82 3 1
83 2 1
84 3 0
85 3 0
86 3 0
87 2 1
88 2 1
89 3 0
##=========================================
##[Voxel Mapper]Iteration 850 keyframe id, used times, remaining times:
0 15 0
1 15 0
2 15 0
3 15 0
4 14 1
7 15 0
8 15 0
9 15 0
10 15 0
11 15 0
12 15 0
13 15 0
14 15 0
15 14 1
16 15 0
17 15 0
18 15 0
19 15 0
20 15 0
21 15 0
22 15 0
23 15 0
24 14 0
25 14 0
26 13 1
27 14 0
28 13 0
29 13 0
30 13 0
31 12 1
32 12 0
33 12 0
34 12 0
35 12 0
36 12 0
37 11 0
38 10 1
39 11 0
40 9 1
41 9 1
42 10 0
43 10 0
44 9 1
45 9 0
46 9 0
47 9 0
48 9 0
49 9 0
50 9 0
51 9 0
52 8 0
53 8 0
54 8 0
55 8 0
56 8 0
57 8 0
58 8 0
59 8 0
60 7 0
61 7 0
62 7 0
63 6 1
64 6 1
65 7 0
66 6 1
67 7 0
68 6 0
69 6 0
70 6 0
71 6 0
72 5 0
73 5 0
74 4 1
75 5 0
76 5 0
77 4 0
78 4 0
79 4 0
80 4 0
81 4 0
82 4 0
83 3 0
84 3 0
85 3 0
86 3 0
87 3 0
88 3 0
89 3 0
90 1 1
91 1 1
92 2 0
##=========================================
##[Voxel Mapper]Iteration 900 keyframe id, used times, remaining times:
0 15 1
1 16 0
2 15 1
3 15 1
4 16 0
7 15 1
8 16 0
9 16 0
10 15 1
11 16 0
12 16 0
13 15 1
14 15 1
15 16 0
16 15 1
17 15 1
18 15 1
19 15 1
20 16 0
21 16 0
22 16 0
23 15 1
24 14 1
25 14 1
26 14 1
27 15 0
28 13 1
29 14 0
30 13 1
31 14 0
32 12 1
33 13 0
34 12 1
35 12 1
36 12 1
37 11 1
38 12 0
39 12 0
40 11 0
41 11 0
42 11 0
43 11 0
44 11 0
45 10 0
46 9 1
47 9 1
48 9 1
49 10 0
50 9 1
51 9 1
52 9 0
53 8 1
54 8 1
55 8 1
56 8 1
57 9 0
58 8 1
59 9 0
60 7 1
61 7 1
62 7 1
63 7 1
64 7 1
65 7 1
66 8 0
67 7 1
68 6 1
69 6 1
70 6 1
71 7 0
72 5 1
73 5 1
74 6 0
75 5 1
76 5 1
77 5 0
78 4 1
79 5 0
80 4 1
81 4 1
82 4 1
83 3 1
84 3 1
85 3 1
86 3 1
87 3 1
88 3 1
89 4 0
90 2 1
91 3 0
92 2 1
93 3 0
##=========================================
##[Voxel Mapper]Iteration 950 keyframe id, used times, remaining times:
0 16 0
1 16 0
2 16 0
3 15 1
4 16 0
7 16 0
8 16 0
9 16 0
10 16 0
11 16 0
12 16 0
13 16 0
14 16 0
15 16 0
16 16 0
17 16 0
18 16 0
19 16 0
20 16 0
21 16 0
22 16 0
23 16 0
24 15 0
25 14 1
26 15 0
27 15 0
28 14 0
29 14 0
30 14 0
31 14 0
32 13 0
33 13 0
34 13 0
35 13 0
36 13 0
37 11 1
38 12 0
39 12 0
40 11 0
41 11 0
42 11 0
43 11 0
44 11 0
45 10 0
46 10 0
47 10 0
48 10 0
49 10 0
50 10 0
51 10 0
52 9 0
53 9 0
54 9 0
55 9 0
56 9 0
57 9 0
58 9 0
59 9 0
60 8 0
61 8 0
62 8 0
63 8 0
64 7 1
65 7 1
66 8 0
67 7 1
68 7 0
69 7 0
70 7 0
71 7 0
72 6 0
73 6 0
74 6 0
75 6 0
76 5 1
77 5 0
78 5 0
79 5 0
80 5 0
81 5 0
82 4 1
83 4 0
84 4 0
85 4 0
86 4 0
87 4 0
88 4 0
89 4 0
90 3 0
91 3 0
92 3 0
93 3 0
##=========================================
##[Voxel Mapper]Iteration 50 keyframe id, used times, remaining times:
0 2 1
1 2 1
2 3 0
3 3 0
4 3 0
6 2 1
7 2 1
8 2 1
9 3 0
10 2 1
11 2 1
12 3 0
13 2 1
14 2 1
15 2 1
16 3 0
17 2 1
18 2 1
19 2 1
20 2 1
21 3 0
22 1 1
##=========================================
##[Voxel Mapper]Iteration 100 keyframe id, used times, remaining times:
0 4 0
1 4 0
2 4 0
3 4 0
4 4 0
6 4 0
7 4 0
8 4 0
9 4 0
10 4 0
11 4 0
12 4 0
13 4 0
14 4 0
15 4 0
16 4 0
17 4 0
18 4 0
19 4 0
20 4 0
21 4 0
22 3 0
23 3 0
24 3 0
25 2 0
26 1 1
27 2 0
28 2 0
##=========================================
##[Voxel Mapper]Iteration 150 keyframe id, used times, remaining times:
0 5 1
1 6 0
2 5 1
3 6 0
4 5 1
6 5 1
7 5 1
8 6 0
9 6 0
10 5 1
11 5 1
12 6 0
13 6 0
14 6 0
15 5 1
16 5 1
17 5 1
18 5 1
19 6 0
20 5 1
21 5 1
22 4 1
23 4 1
24 4 1
25 4 0
26 4 0
27 4 0
28 3 1
29 2 1
30 3 0
31 2 1
32 3 0
##=========================================
##[Voxel Mapper]Iteration 200 keyframe id, used times, remaining times:
0 6 1
1 7 0
2 7 0
3 7 0
4 6 1
6 6 1
7 7 0
8 6 1
9 6 1
10 6 1
11 7 0
12 6 1
13 7 0
14 7 0
15 6 1
16 6 1
17 7 0
18 7 0
19 7 0
20 7 0
21 6 1
22 6 0
23 6 0
24 5 1
25 4 1
26 5 0
27 5 0
28 4 1
29 3 1
30 4 0
31 4 0
32 4 0
33 2 1
34 3 0
35 3 0
36 2 1
37 2 1
38 1 1
##=========================================
##[Voxel Mapper]Iteration 250 keyframe id, used times, remaining times:
0 8 0
1 8 0
2 8 0
3 7 1
4 8 0
6 8 0
7 8 0
8 8 0
9 7 1
10 8 0
11 7 1
12 8 0
13 8 0
14 8 0
15 8 0
16 7 1
17 8 0
18 8 0
19 8 0
20 8 0
21 7 1
22 6 1
23 6 1
24 7 0
25 5 1
26 6 0
27 6 0
28 6 0
29 5 0
30 4 1
31 5 0
32 5 0
33 3 1
34 3 1
35 3 1
36 4 0
37 4 0
38 3 0
39 2 1
40 3 0
41 1 1
##=========================================
##[Voxel Mapper]Iteration 300 keyframe id, used times, remaining times:
0 9 0
1 9 0
2 8 1
3 8 1
4 9 0
6 9 0
7 9 0
8 9 0
9 9 0
10 9 0
11 9 0
12 9 0
13 9 0
14 8 1
15 8 1
16 8 1
17 9 0
18 8 1
19 9 0
20 9 0
21 9 0
22 8 0
23 7 1
24 7 1
25 6 1
26 7 0
27 6 1
28 7 0
29 6 0
30 6 0
31 6 0
32 5 1
33 4 1
34 5 0
35 4 1
36 4 1
37 4 1
38 4 0
39 4 0
40 4 0
41 2 1
42 2 1
43 3 0
44 2 1
45 2 0
46 1 1
48 1 1
##=========================================
##[Voxel Mapper]Iteration 350 keyframe id, used times, remaining times:
0 10 0
1 9 1
2 10 0
3 9 1
4 9 1
6 9 1
7 9 1
8 9 1
9 9 1
10 9 1
11 9 1
12 9 1
13 9 1
14 10 0
15 10 0
16 9 1
17 9 1
18 10 0
19 9 1
20 10 0
21 9 1
22 8 1
23 8 1
24 8 1
25 7 1
26 7 1
27 8 0
28 7 1
29 6 1
30 7 0
31 6 1
32 7 0
33 6 0
34 5 1
35 6 0
36 6 0
37 5 1
38 5 0
39 4 1
40 4 1
41 3 1
42 3 1
43 3 1
44 4 0
45 2 1
46 2 1
47 3 0
48 2 1
49 2 1
50 2 1
51 3 0
52 2 1
53 3 0
54 1 1
##=========================================
##[Voxel Mapper]Iteration 400 keyframe id, used times, remaining times:
0 10 0
1 10 0
2 10 0
3 10 0
4 10 0
6 10 0
7 10 0
8 10 0
9 10 0
10 10 0
11 10 0
12 10 0
13 10 0
14 10 0
15 10 0
16 10 0
17 10 0
18 10 0
19 10 0
20 10 0
21 10 0
22 9 0
23 9 0
24 9 0
25 8 0
26 8 0
27 8 0
28 8 0
29 7 0
30 7 0
31 7 0
32 7 0
33 6 0
34 6 0
35 6 0
36 6 0
37 6 0
38 5 0
39 5 0
40 5 0
41 4 0
42 4 0
43 4 0
44 4 0
45 3 0
46 3 0
47 3 0
48 3 0
49 3 0
50 3 0
51 3 0
52 3 0
53 3 0
54 2 0
55 2 0
56 2 0
57 2 0
58 2 0
59 2 0
60 2 0
61 1 1
##=========================================
##[Voxel Mapper]Iteration 450 keyframe id, used times, remaining times:
0 11 0
1 11 0
2 11 0
3 10 1
4 11 0
6 10 1
7 11 0
8 11 0
9 11 0
10 11 0
11 11 0
12 11 0
13 10 1
14 11 0
15 10 1
16 10 1
17 11 0
18 11 0
19 11 0
20 11 0
21 11 0
22 10 0
23 10 0
24 10 0
25 9 0
26 8 1
27 9 0
28 9 0
29 7 1
30 7 1
31 8 0
32 7 1
33 6 1
34 6 1
35 7 0
36 6 1
37 7 0
38 6 0
39 6 0
40 5 1
41 5 0
42 5 0
43 5 0
44 5 0
45 4 0
46 3 1
47 4 0
48 4 0
49 3 1
50 3 1
51 4 0
52 3 1
53 4 0
54 2 1
55 3 0
56 2 1
57 3 0
58 3 0
59 3 0
60 3 0
61 3 0
62 2 1
63 1 1
64 1 1
65 2 0
67 1 1
##=========================================
##[Voxel Mapper]Iteration 500 keyframe id, used times, remaining times:
0 11 1
1 12 0
2 11 1
3 11 1
4 11 1
6 12 0
7 11 1
8 12 0
9 11 1
10 11 1
11 11 1
12 11 1
13 11 1
14 12 0
15 11 1
16 11 1
17 12 0
18 12 0
19 11 1
20 11 1
21 11 1
22 10 1
23 10 1
24 11 0
25 10 0
26 9 1
27 9 1
28 10 0
29 9 0
30 8 1
31 8 1
32 8 1
33 7 1
34 7 1
35 7 1
36 7 1
37 7 1
38 6 1
39 6 1
40 6 1
41 5 1
42 5 1
43 5 1
44 5 1
45 4 1
46 4 1
47 4 1
48 5 0
49 4 1
50 5 0
51 4 1
52 5 0
53 4 1
54 3 1
55 3 1
56 3 1
57 3 1
58 4 0
59 3 1
60 3 1
61 3 1
62 4 0
63 3 0
64 2 1
65 3 0
66 3 0
67 3 0
68 2 1
69 2 1
70 2 1
##=========================================
##[Voxel Mapper]Iteration 550 keyframe id, used times, remaining times:
0 12 0
1 12 0
2 12 0
3 12 0
4 12 0
6 12 0
7 12 0
8 12 0
9 12 0
10 11 1
11 12 0
12 12 0
13 12 0
14 12 0
15 12 0
16 12 0
17 12 0
18 12 0
19 12 0
20 12 0
21 12 0
22 11 0
23 11 0
24 11 0
25 10 0
26 10 0
27 10 0
28 10 0
29 9 0
30 9 0
31 8 1
32 9 0
33 8 0
34 8 0
35 8 0
36 8 0
37 7 1
38 7 0
39 7 0
40 7 0
41 6 0
42 6 0
43 5 1
44 6 0
45 4 1
46 5 0
47 5 0
48 5 0
49 5 0
50 5 0
51 5 0
52 5 0
53 5 0
54 4 0
55 4 0
56 4 0
57 4 0
58 4 0
59 4 0
60 4 0
61 4 0
62 4 0
63 3 0
64 3 0
65 3 0
66 3 0
67 3 0
68 2 1
69 3 0
70 3 0
71 1 1
72 2 0
73 2 0
##=========================================
##[Voxel Mapper]Iteration 600 keyframe id, used times, remaining times:
0 12 1
1 12 1
2 12 1
3 13 0
4 13 0
6 13 0
7 13 0
8 13 0
9 12 1
10 12 1
11 13 0
12 13 0
13 13 0
14 12 1
15 13 0
16 13 0
17 12 1
18 13 0
19 13 0
20 12 1
21 12 1
22 11 1
23 12 0
24 12 0
25 11 0
26 10 1
27 10 1
28 10 1
29 9 1
30 10 0
31 10 0
32 10 0
33 8 1
34 9 0
35 8 1
36 9 0
37 8 1
38 8 0
39 8 0
40 7 1
41 7 0
42 6 1
43 7 0
44 7 0
45 5 1
46 5 1
47 6 0
48 6 0
49 6 0
50 6 0
51 5 1
52 6 0
53 5 1
54 4 1
55 4 1
56 5 0
57 5 0
58 5 0
59 5 0
60 4 1
61 5 0
62 4 1
63 3 1
64 4 0
65 3 1
66 3 1
67 4 0
68 4 0
69 3 1
70 3 1
71 3 0
72 2 1
73 3 0
74 3 0
##=========================================
##[Voxel Mapper]Iteration 650 keyframe id, used times, remaining times:
0 13 1
1 13 1
2 13 1
3 13 1
4 13 1
6 13 1
7 13 1
8 13 1
9 13 1
10 13 1
11 13 1
12 13 1
13 13 1
14 13 1
15 13 1
16 13 1
17 13 1
18 13 1
19 13 1
20 14 0
21 13 1
22 12 1
23 12 1
24 12 1
25 11 1
26 11 1
27 12 0
28 11 1
29 10 1
30 10 1
31 11 0
32 10 1
33 9 1
34 9 1
35 9 1
36 9 1
37 9 1
38 8 1
39 8 1
40 8 1
41 7 1
42 7 1
43 7 1
44 8 0
45 6 1
46 6 1
47 7 0
48 6 1
49 6 1
50 6 1
51 6 1
52 6 1
53 6 1
54 5 1
55 5 1
56 5 1
57 5 1
58 5 1
59 5 1
60 5 1
61 5 1
62 5 1
63 4 1
64 4 1
65 4 1
66 4 1
67 4 1
68 4 1
69 4 1
70 5 0
71 3 1
72 3 1
73 3 1
74 3 1
75 2 1
76 2 1
77 2 1
78 2 1
79 3 0
##=========================================
##[Voxel Mapper]Iteration 700 keyframe id, used times, remaining times:
0 14 0
1 14 0
2 14 0
3 14 0
4 14 0
6 14 0
7 13 1
8 13 1
9 13 1
10 14 0
11 13 1
12 14 0
13 13 1
14 14 0
15 14 0
16 14 0
17 14 0
18 14 0
19 14 0
20 14 0
21 14 0
22 13 0
23 13 0
24 13 0
25 12 0
26 11 1
27 12 0
28 11 1
29 10 1
30 10 1
31 11 0
32 11 0
33 10 0
34 10 0
35 10 0
36 9 1
37 9 1
38 8 1
39 9 0
40 8 1
41 8 0
42 8 0
43 8 0
44 8 0
45 7 0
46 7 0
47 7 0
48 7 0
49 6 1
50 7 0
51 6 1
52 7 0
53 7 0
54 6 0
55 5 1
56 6 0
57 5 1
58 5 1
59 6 0
60 6 0
61 6 0
62 5 1
63 4 1
64 5 0
65 5 0
66 5 0
67 5 0
68 5 0
69 4 1
70 5 0
71 3 1
72 4 0
73 4 0
74 4 0
75 2 1
76 3 0
77 3 0
78 2 1
79 3 0
81 1 1
82 1 1
##=========================================
##[Voxel Mapper]Iteration 750 keyframe id, used times, remaining times:
0 14 1
1 14 1
2 14 1
3 14 1
4 14 1
6 14 1
7 14 1
8 14 1
9 14 1
10 15 0
11 14 1
12 14 1
13 15 0
14 14 1
15 14 1
16 15 0
17 14 1
18 14 1
19 14 1
20 14 1
21 14 1
22 13 1
23 14 0
24 13 1
25 12 1
26 12 1
27 12 1
28 13 0
29 11 1
30 11 1
31 12 0
32 11 1
33 11 0
34 10 1
35 10 1
36 11 0
37 10 1
38 9 1
39 9 1
40 9 1
41 8 1
42 9 0
43 8 1
44 9 0
45 7 1
46 7 1
47 8 0
48 7 1
49 7 1
50 7 1
51 7 1
52 7 1
53 7 1
54 7 0
55 6 1
56 6 1
57 6 1
58 6 1
59 6 1
60 6 1
61 6 1
62 6 1
63 5 1
64 5 1
65 5 1
66 5 1
67 5 1
68 6 0
69 5 1
70 5 1
71 4 1
72 4 1
73 5 0
74 4 1
75 3 1
76 3 1
77 3 1
78 3 1
79 3 1
80 2 1
81 3 0
82 2 1
83 2 1
84 3 0
85 2 1
##=========================================
##[Voxel Mapper]Iteration 800 keyframe id, used times, remaining times:
0 15 0
1 14 1
2 14 1
3 15 0
4 15 0
6 15 0
7 15 0
8 15 0
9 14 1
10 15 0
11 15 0
12 15 0
13 15 0
14 15 0
15 15 0
16 15 0
17 15 0
18 15 0
19 14 1
20 14 1
21 15 0
22 14 0
23 14 0
24 14 0
25 13 0
26 13 0
27 13 0
28 13 0
29 12 0
30 12 0
31 12 0
32 11 1
33 11 0
34 11 0
35 11 0
36 11 0
37 11 0
38 10 0
39 9 1
40 10 0
41 9 0
42 9 0
43 9 0
44 9 0
45 7 1
46 7 1
47 8 0
48 8 0
49 8 0
50 8 0
51 7 1
52 7 1
53 8 0
54 7 0
55 6 1
56 7 0
57 7 0
58 7 0
59 7 0
60 7 0
61 7 0
62 7 0
63 5 1
64 5 1
65 6 0
66 5 1
67 6 0
68 6 0
69 5 1
70 6 0
71 4 1
72 5 0
73 5 0
74 4 1
75 4 0
76 4 0
77 3 1
78 4 0
79 4 0
80 2 1
81 3 0
82 2 1
83 2 1
84 3 0
85 2 1
86 2 0
87 1 1
89 1 1
##=========================================
##[Voxel Mapper]Iteration 850 keyframe id, used times, remaining times:
0 15 1
1 16 0
2 15 1
3 15 1
4 15 1
6 15 1
7 15 1
8 16 0
9 15 1
10 15 1
11 15 1
12 15 1
13 15 1
14 15 1
15 15 1
16 16 0
17 15 1
18 15 1
19 15 1
20 16 0
21 16 0
22 14 1
23 14 1
24 14 1
25 13 1
26 13 1
27 13 1
28 13 1
29 12 1
30 12 1
31 12 1
32 12 1
33 11 1
34 11 1
35 11 1
36 12 0
37 11 1
38 10 1
39 10 1
40 11 0
41 10 0
42 9 1
43 9 1
44 9 1
45 8 1
46 9 0
47 8 1
48 8 1
49 8 1
50 8 1
51 8 1
52 8 1
53 8 1
54 7 1
55 8 0
56 7 1
57 7 1
58 7 1
59 7 1
60 8 0
61 8 0
62 7 1
63 6 1
64 7 0
65 7 0
66 6 1
67 6 1
68 6 1
69 6 1
70 6 1
71 5 1
72 5 1
73 5 1
74 5 1
75 4 1
76 4 1
77 4 1
78 4 1
79 5 0
80 3 1
81 3 1
82 3 1
83 4 0
84 3 1
85 3 1
86 3 0
87 2 1
88 2 1
89 3 0
90 3 0
91 2 1
##=========================================
##[Voxel Mapper]Iteration 900 keyframe id, used times, remaining times:
0 16 0
1 16 0
2 16 0
3 15 1
4 16 0
6 16 0
7 16 0
8 16 0
9 16 0
10 15 1
11 16 0
12 16 0
13 16 0
14 16 0
15 15 1
16 16 0
17 15 1
18 16 0
19 16 0
20 16 0
21 16 0
22 15 0
23 14 1
24 14 1
25 13 1
26 14 0
27 14 0
28 14 0
29 13 0
30 13 0
31 12 1
32 13 0
33 12 0
34 12 0
35 11 1
36 12 0
37 11 1
38 10 1
39 11 0
40 11 0
41 10 0
42 10 0
43 9 1
44 10 0
45 9 0
46 9 0
47 9 0
48 8 1
49 9 0
50 9 0
51 9 0
52 9 0
53 8 1
54 7 1
55 8 0
56 8 0
57 7 1
58 7 1
59 8 0
60 8 0
61 8 0
62 8 0
63 7 0
64 7 0
65 7 0
66 6 1
67 6 1
68 7 0
69 7 0
70 7 0
71 6 0
72 6 0
73 6 0
74 5 1
75 5 0
76 4 1
77 4 1
78 5 0
79 5 0
80 4 0
81 4 0
82 3 1
83 4 0
84 3 1
85 4 0
86 3 0
87 3 0
88 3 0
89 3 0
90 3 0
91 3 0
92 1 1
93 1 1
##=========================================
##[Voxel Mapper]Iteration 950 keyframe id, used times, remaining times:
0 16 1
1 16 1
2 17 0
3 16 1
4 16 1
6 17 0
7 16 1
8 16 1
9 16 1
10 16 1
11 16 1
12 17 0
13 17 0
14 16 1
15 16 1
16 16 1
17 16 1
18 16 1
19 16 1
20 16 1
21 16 1
22 15 1
23 15 1
24 15 1
25 14 1
26 15 0
27 14 1
28 15 0
29 14 0
30 13 1
31 13 1
32 14 0
33 12 1
34 12 1
35 12 1
36 12 1
37 12 1
38 11 1
39 12 0
40 11 1
41 11 0
42 10 1
43 10 1
44 10 1
45 9 1
46 9 1
47 9 1
48 9 1
49 9 1
50 9 1
51 10 0
52 9 1
53 9 1
54 8 1
55 8 1
56 8 1
57 9 0
58 8 1
59 8 1
60 8 1
61 8 1
62 9 0
63 8 0
64 7 1
65 8 0
66 7 1
67 8 0
68 7 1
69 8 0
70 7 1
71 7 0
72 7 0
73 7 0
74 6 1
75 5 1
76 5 1
77 5 1
78 5 1
79 6 0
80 4 1
81 4 1
82 4 1
83 5 0
84 4 1
85 4 1
86 3 1
87 3 1
88 4 0
89 3 1
90 3 1
91 3 1
92 2 1
93 3 0
##=========================================
##[Voxel Mapper]Iteration 50 keyframe id, used times, remaining times:
0 2 1
1 3 0
2 2 1
3 3 0
4 3 0
7 2 1
9 2 1
10 2 1
11 2 1
12 3 0
13 2 1
14 2 1
15 2 1
16 2 1
17 2 1
18 3 0
19 2 1
20 3 0
21 3 0
22 3 0
23 2 1
##=========================================
##[Voxel Mapper]Iteration 100 keyframe id, used times, remaining times:
0 4 0
1 4 0
2 4 0
3 4 0
4 4 0
7 4 0
9 4 0
10 4 0
11 4 0
12 4 0
13 4 0
14 4 0
15 4 0
16 4 0
17 4 0
18 4 0
19 4 0
20 4 0
21 4 0
22 4 0
23 4 0
24 3 0
25 3 0
26 3 0
27 2 0
28 2 0
29 2 0
30 1 1
##=========================================
##[Voxel Mapper]Iteration 150 keyframe id, used times, remaining times:
0 6 0
1 5 1
2 5 1
3 5 1
4 6 0
7 5 1
9 6 0
10 5 1
11 6 0
12 5 1
13 5 1
14 5 1
15 6 0
16 6 0
17 5 1
18 6 0
19 6 0
20 5 1
21 6 0
22 5 1
23 6 0
24 5 0
25 4 1
26 4 1
27 3 1
28 3 1
29 3 1
30 3 1
31 2 1
32 2 1
33 2 1
34 3 0
35 1 1
##=========================================
##[Voxel Mapper]Iteration 200 keyframe id, used times, remaining times:
0 7 0
1 7 0
2 6 1
3 7 0
4 6 1
7 6 1
9 7 0
10 7 0
11 7 0
12 6 1
13 6 1
14 6 1
15 6 1
16 7 0
17 6 1
18 7 0
19 6 1
20 7 0
21 6 1
22 7 0
23 6 1
24 5 1
25 6 0
26 5 1
27 4 1
28 5 0
29 4 1
30 5 0
31 3 1
32 4 0
33 4 0
34 3 1
35 2 1
36 3 0
37 3 0
38 3 0
39 3 0
40 1 1
41 1 1
##=========================================
##[Voxel Mapper]Iteration 250 keyframe id, used times, remaining times:
0 8 0
1 7 1
2 8 0
3 8 0
4 8 0
7 7 1
9 8 0
10 7 1
11 8 0
12 7 1
13 8 0
14 7 1
15 8 0
16 7 1
17 8 0
18 8 0
19 8 0
20 7 1
21 8 0
22 7 1
23 8 0
24 7 0
25 7 0
26 7 0
27 6 0
28 6 0
29 6 0
30 5 1
31 5 0
32 4 1
33 5 0
34 4 1
35 4 0
36 3 1
37 4 0
38 4 0
39 4 0
40 2 1
41 2 1
42 3 0
43 1 1
44 1 1
##=========================================
##[Voxel Mapper]Iteration 300 keyframe id, used times, remaining times:
0 9 0
1 9 0
2 8 1
3 9 0
4 8 1
7 9 0
9 9 0
10 8 1
11 8 1
12 9 0
13 9 0
14 8 1
15 9 0
16 8 1
17 9 0
18 8 1
19 9 0
20 9 0
21 8 1
22 8 1
23 9 0
24 8 0
25 7 1
26 8 0
27 7 0
28 7 0
29 7 0
30 6 1
31 5 1
32 5 1
33 6 0
34 6 0
35 4 1
36 5 0
37 5 0
38 5 0
39 5 0
40 3 1
41 4 0
42 4 0
43 3 0
44 3 0
45 3 0
46 3 0
49 1 1
##=========================================
##[Voxel Mapper]Iteration 350 keyframe id, used times, remaining times:
0 9 1
1 10 0
2 9 1
3 10 0
4 9 1
7 9 1
9 9 1
10 9 1
11 10 0
12 9 1
13 10 0
14 10 0
15 9 1
16 9 1
17 10 0
18 10 0
19 9 1
20 10 0
21 9 1
22 9 1
23 9 1
24 8 1
25 9 0
26 8 1
27 8 0
28 7 1
29 8 0
30 7 1
31 6 1
32 7 0
33 6 1
34 7 0
35 6 0
36 5 1
37 5 1
38 6 0
39 5 1
40 4 1
41 4 1
42 5 0
43 3 1
44 3 1
45 3 1
46 3 1
47 2 1
48 2 1
49 3 0
50 2 1
51 2 1
52 3 0
53 2 1
54 3 0
55 1 1
##=========================================
##[Voxel Mapper]Iteration 400 keyframe id, used times, remaining times:
0 10 0
1 10 0
2 10 0
3 10 0
4 10 0
7 10 0
9 10 0
10 10 0
11 10 0
12 10 0
13 10 0
14 10 0
15 10 0
16 10 0
17 10 0
18 10 0
19 10 0
20 10 0
21 10 0
22 10 0
23 10 0
24 9 0
25 9 0
26 9 0
27 8 0
28 8 0
29 8 0
30 8 0
31 7 0
32 7 0
33 7 0
34 7 0
35 6 0
36 6 0
37 6 0
38 6 0
39 6 0
40 5 0
41 5 0
42 5 0
43 4 0
44 4 0
45 4 0
46 4 0
47 3 0
48 3 0
49 3 0
50 3 0
51 3 0
52 3 0
53 3 0
54 3 0
55 2 0
56 2 0
57 2 0
58 2 0
59 2 0
60 2 0
61 2 0
62 2 0
63 2 0
##=========================================
##[Voxel Mapper]Iteration 450 keyframe id, used times, remaining times:
0 11 0
1 10 1
2 11 0
3 11 0
4 11 0
7 11 0
9 11 0
10 11 0
11 10 1
12 11 0
13 11 0
14 11 0
15 11 0
16 11 0
17 10 1
18 10 1
19 11 0
20 11 0
21 11 0
22 11 0
23 11 0
24 9 1
25 10 0
26 9 1
27 9 0
28 8 1
29 9 0
30 9 0
31 8 0
32 7 1
33 8 0
34 8 0
35 6 1
36 7 0
37 7 0
38 7 0
39 6 1
40 6 0
41 6 0
42 6 0
43 5 0
44 4 1
45 5 0
46 5 0
47 3 1
48 3 1
49 3 1
50 4 0
51 3 1
52 4 0
53 4 0
54 4 0
55 3 0
56 3 0
57 3 0
58 3 0
59 2 1
60 3 0
61 3 0
62 2 1
63 3 0
64 1 1
65 2 0
66 2 0
67 1 1
##=========================================
##[Voxel Mapper]Iteration 500 keyframe id, used times, remaining times:
0 11 1
1 11 1
2 11 1
3 11 1
4 11 1
7 12 0
9 12 0
10 11 1
11 12 0
12 12 0
13 11 1
14 11 1
15 12 0
16 12 0
17 11 1
18 11 1
19 11 1
20 12 0
21 11 1
22 11 1
23 11 1
24 11 0
25 11 0
26 10 1
27 9 1
28 9 1
29 9 1
30 9 1
31 8 1
32 9 0
33 9 0
34 9 0
35 7 1
36 7 1
37 7 1
38 7 1
39 8 0
40 6 1
41 6 1
42 6 1
43 5 1
44 5 1
45 6 0
46 5 1
47 5 0
48 4 1
49 5 0
50 4 1
51 4 1
52 4 1
53 5 0
54 4 1
55 3 1
56 4 0
57 3 1
58 3 1
59 3 1
60 4 0
61 3 1
62 3 1
63 3 1
64 3 0
65 3 0
66 2 1
67 3 0
68 3 0
69 3 0
70 3 0
##=========================================
##[Voxel Mapper]Iteration 550 keyframe id, used times, remaining times:
0 12 0
1 12 0
2 12 0
3 12 0
4 12 0
7 12 0
9 12 0
10 12 0
11 12 0
12 12 0
13 12 0
14 12 0
15 12 0
16 12 0
17 12 0
18 12 0
19 12 0
20 12 0
21 12 0
22 12 0
23 12 0
24 11 0
25 11 0
26 11 0
27 10 0
28 10 0
29 10 0
30 10 0
31 9 0
32 9 0
33 9 0
34 9 0
35 8 0
36 8 0
37 8 0
38 8 0
39 8 0
40 7 0
41 7 0
42 7 0
43 6 0
44 6 0
45 6 0
46 6 0
47 5 0
48 5 0
49 5 0
50 5 0
51 5 0
52 5 0
53 5 0
54 5 0
55 4 0
56 4 0
57 4 0
58 3 1
59 4 0
60 4 0
61 4 0
62 4 0
63 4 0
64 3 0
65 3 0
66 3 0
67 3 0
68 3 0
69 3 0
70 3 0
71 2 0
72 1 1
73 2 0
74 2 0
75 1 1
##=========================================
##[Voxel Mapper]Iteration 600 keyframe id, used times, remaining times:
0 13 0
1 12 1
2 12 1
3 12 1
4 12 1
7 12 1
9 13 0
10 13 0
11 13 0
12 13 0
13 13 0
14 12 1
15 13 0
16 13 0
17 13 0
18 13 0
19 13 0
20 13 0
21 13 0
22 12 1
23 13 0
24 12 0
25 11 1
26 12 0
27 11 0
28 10 1
29 11 0
30 10 1
31 10 0
32 10 0
33 10 0
34 10 0
35 9 0
36 8 1
37 9 0
38 9 0
39 8 1
40 8 0
41 8 0
42 7 1
43 7 0
44 6 1
45 7 0
46 6 1
47 5 1
48 5 1
49 5 1
50 5 1
51 6 0
52 6 0
53 6 0
54 6 0
55 5 0
56 5 0
57 5 0
58 4 1
59 4 1
60 4 1
61 5 0
62 5 0
63 5 0
64 3 1
65 3 1
66 4 0
67 3 1
68 4 0
69 4 0
70 4 0
71 2 1
72 3 0
73 2 1
74 2 1
75 3 0
77 1 1
78 1 1
##=========================================
##[Voxel Mapper]Iteration 650 keyframe id, used times, remaining times:
0 13 1
1 13 1
2 13 1
3 13 1
4 13 1
7 13 1
9 13 1
10 13 1
11 14 0
12 13 1
13 14 0
14 13 1
15 13 1
16 13 1
17 13 1
18 13 1
19 13 1
20 13 1
21 14 0
22 14 0
23 13 1
24 12 1
25 12 1
26 12 1
27 11 1
28 11 1
29 11 1
30 11 1
31 10 1
32 11 0
33 10 1
34 10 1
35 9 1
36 9 1
37 9 1
38 9 1
39 9 1
40 8 1
41 8 1
42 8 1
43 8 0
44 7 1
45 8 0
46 7 1
47 6 1
48 6 1
49 6 1
50 6 1
51 6 1
52 6 1
53 6 1
54 6 1
55 6 0
56 5 1
57 5 1
58 5 1
59 5 1
60 5 1
61 5 1
62 5 1
63 5 1
64 5 0
65 4 1
66 4 1
67 4 1
68 5 0
69 4 1
70 4 1
71 3 1
72 4 0
73 4 0
74 4 0
75 3 1
76 2 1
77 2 1
78 2 1
79 3 0
80 2 1
##=========================================
##[Voxel Mapper]Iteration 700 keyframe id, used times, remaining times:
0 14 0
1 13 1
2 13 1
3 14 0
4 14 0
7 14 0
9 14 0
10 14 0
11 14 0
12 14 0
13 14 0
14 14 0
15 14 0
16 13 1
17 14 0
18 13 1
19 14 0
20 13 1
21 14 0
22 14 0
23 14 0
24 13 0
25 12 1
26 13 0
27 11 1
28 11 1
29 12 0
30 12 0
31 10 1
32 11 0
33 10 1
34 11 0
35 10 0
36 10 0
37 10 0
38 10 0
39 10 0
40 8 1
41 9 0
42 9 0
43 8 0
44 8 0
45 8 0
46 7 1
47 7 0
48 6 1
49 7 0
50 7 0
51 7 0
52 7 0
53 7 0
54 6 1
55 6 0
56 6 0
57 6 0
58 6 0
59 6 0
60 6 0
61 6 0
62 6 0
63 6 0
64 5 0
65 4 1
66 5 0
67 4 1
68 5 0
69 5 0
70 5 0
71 4 0
72 4 0
73 4 0
74 4 0
75 4 0
76 3 0
77 2 1
78 3 0
79 3 0
80 2 1
81 2 0
82 2 0
##=========================================
##[Voxel Mapper]Iteration 750 keyframe id, used times, remaining times:
0 15 0
1 14 1
2 14 1
3 15 0
4 14 1
7 14 1
9 14 1
10 14 1
11 15 0
12 14 1
13 14 1
14 14 1
15 14 1
16 15 0
17 15 0
18 15 0
19 15 0
20 15 0
21 14 1
22 14 1
23 14 1
24 13 1
25 13 1
26 13 1
27 12 1
28 13 0
29 13 0
30 12 1
31 12 0
32 11 1
33 11 1
34 12 0
35 10 1
36 11 0
37 10 1
38 10 1
39 10 1
40 9 1
41 9 1
42 9 1
43 9 0
44 8 1
45 9 0
46 8 1
47 7 1
48 8 0
49 7 1
50 8 0
51 8 0
52 8 0
53 7 1
54 7 1
55 6 1
56 6 1
57 6 1
58 6 1
59 6 1
60 7 0
61 6 1
62 6 1
63 6 1
64 5 1
65 5 1
66 6 0
67 5 1
68 5 1
69 6 0
70 5 1
71 4 1
72 4 1
73 4 1
74 4 1
75 4 1
76 3 1
77 4 0
78 3 1
79 3 1
80 3 1
81 3 0
82 2 1
83 2 1
84 3 0
85 3 0
##=========================================
##[Voxel Mapper]Iteration 800 keyframe id, used times, remaining times:
0 15 0
1 15 0
2 15 0
3 15 0
4 15 0
7 15 0
9 15 0
10 14 1
11 15 0
12 15 0
13 15 0
14 15 0
15 15 0
16 15 0
17 15 0
18 15 0
19 15 0
20 15 0
21 15 0
22 15 0
23 14 1
24 14 0
25 13 1
26 13 1
27 13 0
28 13 0
29 13 0
30 13 0
31 12 0
32 12 0
33 12 0
34 12 0
35 10 1
36 11 0
37 11 0
38 11 0
39 10 1
40 10 0
41 10 0
42 10 0
43 9 0
44 9 0
45 9 0
46 9 0
47 8 0
48 8 0
49 8 0
50 8 0
51 8 0
52 8 0
53 7 1
54 8 0
55 7 0
56 7 0
57 6 1
58 7 0
59 7 0
60 7 0
61 7 0
62 7 0
63 6 1
64 5 1
65 5 1
66 6 0
67 6 0
68 6 0
69 6 0
70 6 0
71 5 0
72 4 1
73 4 1
74 5 0
75 5 0
76 4 0
77 4 0
78 3 1
79 4 0
80 4 0
81 3 0
82 3 0
83 3 0
84 3 0
85 3 0
86 2 0
87 2 0
88 2 0
91 1 1
##=========================================
##[Voxel Mapper]Iteration 850 keyframe id, used times, remaining times:
0 15 1
1 15 1
2 15 1
3 15 1
4 15 1
7 16 0
9 16 0
10 16 0
11 16 0
12 15 1
13 15 1
14 15 1
15 15 1
16 15 1
17 15 1
18 15 1
19 15 1
20 15 1
21 15 1
22 16 0
23 15 1
24 14 1
25 14 1
26 14 1
27 13 1
28 14 0
29 13 1
30 14 0
31 12 1
32 13 0
33 12 1
34 12 1
35 11 1
36 11 1
37 11 1
38 11 1
39 12 0
40 10 1
41 10 1
42 10 1
43 10 0
44 10 0
45 9 1
46 10 0
47 8 1
48 8 1
49 9 0
50 8 1
51 9 0
52 8 1
53 8 1
54 8 1
55 8 0
56 7 1
57 7 1
58 8 0
59 7 1
60 7 1
61 7 1
62 7 1
63 7 1
64 7 0
65 7 0
66 6 1
67 7 0
68 6 1
69 6 1
70 7 0
71 6 0
72 6 0
73 6 0
74 5 1
75 6 0
76 5 0
77 4 1
78 5 0
79 4 1
80 4 1
81 3 1
82 3 1
83 3 1
84 3 1
85 4 0
86 2 1
87 2 1
88 3 0
89 2 1
90 2 1
91 2 1
92 3 0
##=========================================
##[Voxel Mapper]Iteration 900 keyframe id, used times, remaining times:
0 16 0
1 16 0
2 16 0
3 16 0
4 16 0
7 16 0
9 16 0
10 16 0
11 16 0
12 16 0
13 16 0
14 16 0
15 16 0
16 16 0
17 15 1
18 15 1
19 16 0
20 16 0
21 16 0
22 16 0
23 16 0
24 15 0
25 15 0
26 14 1
27 13 1
28 14 0
29 14 0
30 14 0
31 12 1
32 13 0
33 13 0
34 13 0
35 12 0
36 12 0
37 12 0
38 12 0
39 12 0
40 11 0
41 11 0
42 11 0
43 10 0
44 10 0
45 10 0
46 10 0
47 9 0
48 9 0
49 9 0
50 9 0
51 9 0
52 9 0
53 9 0
54 9 0
55 8 0
56 7 1
57 8 0
58 8 0
59 8 0
60 8 0
61 7 1
62 7 1
63 8 0
64 7 0
65 7 0
66 7 0
67 7 0
68 7 0
69 6 1
70 7 0
71 6 0
72 6 0
73 6 0
74 5 1
75 6 0
76 5 0
77 5 0
78 5 0
79 5 0
80 4 1
81 4 0
82 4 0
83 4 0
84 4 0
85 4 0
86 2 1
87 3 0
88 3 0
89 2 1
90 3 0
91 3 0
92 3 0
93 1 1
94 1 1
##=========================================
##[Voxel Mapper]Iteration 950 keyframe id, used times, remaining times:
0 16 1
1 17 0
2 16 1
3 17 0
4 17 0
7 17 0
9 17 0
10 16 1
11 16 1
12 17 0
13 17 0
14 16 1
15 16 1
16 16 1
17 16 1
18 16 1
19 17 0
20 17 0
21 16 1
22 16 1
23 16 1
24 15 1
25 16 0
26 15 1
27 14 1
28 14 1
29 15 0
30 15 0
31 13 1
32 14 0
33 13 1
34 13 1
35 12 1
36 12 1
37 13 0
38 12 1
39 12 1
40 11 1
41 12 0
42 11 1
43 10 1
44 11 0
45 11 0
46 10 1
47 9 1
48 9 1
49 10 0
50 9 1
51 10 0
52 10 0
53 10 0
54 9 1
55 8 1
56 8 1
57 9 0
58 8 1
59 9 0
60 8 1
61 8 1
62 8 1
63 9 0
64 8 0
65 8 0
66 8 0
67 8 0
68 7 1
69 7 1
70 7 1
71 6 1
72 6 1
73 6 1
74 6 1
75 6 1
76 6 0
77 6 0
78 5 1
79 5 1
80 5 1
81 5 0
82 4 1
83 5 0
84 4 1
85 5 0
86 3 1
87 4 0
88 3 1
89 3 1
90 3 1
91 3 1
92 3 1
93 2 1
94 3 0
##=========================================
##[Voxel Mapper]Iteration 50 keyframe id, used times, remaining times:
0 2 1
1 3 0
2 2 1
3 3 0
5 3 0
6 3 0
7 2 1
10 3 0
11 2 1
12 3 0
13 2 1
14 2 1
15 3 0
16 2 1
17 2 1
18 2 1
19 3 0
20 3 0
21 2 1
22 2 1
23 1 1
##=========================================
##[Voxel Mapper]Iteration 100 keyframe id, used times, remaining times:
0 4 1
1 4 1
2 4 1
3 4 1
5 4 1
6 4 1
7 4 1
10 4 1
11 4 1
12 4 1
13 4 1
14 4 1
15 4 1
16 4 1
17 4 1
18 4 1
19 4 1
20 4 1
21 4 1
22 4 1
23 3 1
24 3 1
25 3 1
26 3 1
27 2 1
28 2 1
29 2 1
30 2 1
##=========================================
##[Voxel Mapper]Iteration 150 keyframe id, used times, remaining times:
0 5 1
1 5 1
2 6 0
3 5 1
5 6 0
6 5 1
7 6 0
10 5 1
11 5 1
12 6 0
13 5 1
14 5 1
15 5 1
16 5 1
17 5 1
18 5 1
19 6 0
20 5 1
21 6 0
22 6 0
23 5 0
24 4 1
25 5 0
26 4 1
27 3 1
28 4 0
29 3 1
30 4 0
31 2 1
32 2 1
33 3 0
34 2 1
35 2 1
##=========================================
##[Voxel Mapper]Iteration 200 keyframe id, used times, remaining times:
0 7 0
1 7 0
2 7 0
3 7 0
5 7 0
6 6 1
7 7 0
10 6 1
11 7 0
12 7 0
13 6 1
14 7 0
15 7 0
16 7 0
17 7 0
18 6 1
19 6 1
20 7 0
21 6 1
22 7 0
23 6 0
24 6 0
25 6 0
26 6 0
27 4 1
28 4 1
29 4 1
30 4 1
31 4 0
32 3 1
33 4 0
34 4 0
35 4 0
36 2 1
37 3 0
38 2 0
##=========================================
##[Voxel Mapper]Iteration 250 keyframe id, used times, remaining times:
0 8 0
1 8 0
2 8 0
3 8 0
5 8 0
6 8 0
7 8 0
10 8 0
11 8 0
12 8 0
13 7 1
14 8 0
15 7 1
16 8 0
17 8 0
18 8 0
19 8 0
20 8 0
21 8 0
22 8 0
23 7 0
24 7 0
25 6 1
26 6 1
27 6 0
28 6 0
29 6 0
30 6 0
31 4 1
32 5 0
33 5 0
34 5 0
35 5 0
36 4 0
37 4 0
38 3 0
39 2 1
40 3 0
41 1 1
44 1 1
##=========================================
##[Voxel Mapper]Iteration 300 keyframe id, used times, remaining times:
0 9 0
1 9 0
2 8 1
3 9 0
5 9 0
6 9 0
7 9 0
10 9 0
11 9 0
12 8 1
13 9 0
14 8 1
15 9 0
16 9 0
17 9 0
18 8 1
19 9 0
20 9 0
21 8 1
22 8 1
23 7 1
24 8 0
25 8 0
26 8 0
27 7 0
28 7 0
29 7 0
30 6 1
31 5 1
32 5 1
33 6 0
34 6 0
35 5 1
36 5 0
37 5 0
38 4 0
39 4 0
40 3 1
41 2 1
42 3 0
43 3 0
44 3 0
45 3 0
46 3 0
48 1 1
49 2 0
##=========================================
##[Voxel Mapper]Iteration 350 keyframe id, used times, remaining times:
0 9 1
1 10 0
2 9 1
3 10 0
5 9 1
6 9 1
7 9 1
10 9 1
11 9 1
12 9 1
13 10 0
14 10 0
15 10 0
16 10 0
17 9 1
18 10 0
19 10 0
20 9 1
21 9 1
22 9 1
23 8 1
24 9 0
25 8 1
26 8 1
27 7 1
28 7 1
29 8 0
30 8 0
31 6 1
32 7 0
33 6 1
34 6 1
35 6 1
36 5 1
37 6 0
38 4 1
39 4 1
40 5 0
41 3 1
42 3 1
43 3 1
44 4 0
45 3 1
46 4 0
47 2 1
48 3 0
49 3 0
50 2 1
51 2 1
52 2 1
53 3 0
54 3 0
55 3 0
56 1 1
##=========================================
##[Voxel Mapper]Iteration 400 keyframe id, used times, remaining times:
0 10 1
1 10 1
2 10 1
3 10 1
5 10 1
6 10 1
7 10 1
10 10 1
11 10 1
12 10 1
13 10 1
14 10 1
15 10 1
16 10 1
17 11 0
18 10 1
19 10 1
20 10 1
21 10 1
22 10 1
23 9 1
24 9 1
25 9 1
26 9 1
27 8 1
28 8 1
29 8 1
30 8 1
31 7 1
32 7 1
33 7 1
34 7 1
35 7 1
36 6 1
37 6 1
38 5 1
39 5 1
40 5 1
41 4 1
42 4 1
43 5 0
44 4 1
45 4 1
46 4 1
47 3 1
48 3 1
49 3 1
50 3 1
51 3 1
52 3 1
53 3 1
54 3 1
55 3 1
56 2 1
57 2 1
58 3 0
59 2 1
60 2 1
61 2 1
62 2 1
63 2 1
##=========================================
##[Voxel Mapper]Iteration 450 keyframe id, used times, remaining times:
0 11 0
1 11 0
2 11 0
3 11 0
5 11 0
6 11 0
7 11 0
10 11 0
11 11 0
12 11 0
13 10 1
14 11 0
15 11 0
16 10 1
17 11 0
18 11 0
19 11 0
20 10 1
21 11 0
22 11 0
23 10 0
24 10 0
25 9 1
26 10 0
27 9 0
28 9 0
29 9 0
30 9 0
31 8 0
32 8 0
33 7 1
34 8 0
35 8 0
36 7 0
37 6 1
38 6 0
39 6 0
40 5 1
41 5 0
42 5 0
43 5 0
44 5 0
45 5 0
46 5 0
47 4 0
48 3 1
49 4 0
50 3 1
51 4 0
52 4 0
53 4 0
54 3 1
55 3 1
56 3 0
57 3 0
58 3 0
59 3 0
60 3 0
61 3 0
62 3 0
63 2 1
64 2 0
65 1 1
66 1 1
##=========================================
##[Voxel Mapper]Iteration 500 keyframe id, used times, remaining times:
0 11 1
1 12 0
2 12 0
3 11 1
5 12 0
6 12 0
7 12 0
10 12 0
11 12 0
12 12 0
13 12 0
14 12 0
15 11 1
16 12 0
17 11 1
18 12 0
19 11 1
20 12 0
21 12 0
22 11 1
23 10 1
24 10 1
25 11 0
26 10 1
27 9 1
28 9 1
29 10 0
30 9 1
31 8 1
32 8 1
33 8 1
34 8 1
35 9 0
36 7 1
37 7 1
38 7 0
39 6 1
40 6 1
41 5 1
42 5 1
43 5 1
44 6 0
45 5 1
46 6 0
47 5 0
48 5 0
49 5 0
50 4 1
51 4 1
52 5 0
53 5 0
54 5 0
55 4 1
56 3 1
57 4 0
58 4 0
59 3 1
60 3 1
61 4 0
62 3 1
63 3 1
64 2 1
65 2 1
66 3 0
67 2 1
68 3 0
69 1 1
##=========================================
##[Voxel Mapper]Iteration 550 keyframe id, used times, remaining times:
0 12 1
1 12 1
2 12 1
3 12 1
5 12 1
6 12 1
7 12 1
10 12 1
11 12 1
12 12 1
13 12 1
14 12 1
15 12 1
16 12 1
17 13 0
18 13 0
19 12 1
20 12 1
21 13 0
22 12 1
23 11 1
24 11 1
25 11 1
26 11 1
27 10 1
28 10 1
29 10 1
30 10 1
31 10 0
32 9 1
33 9 1
34 9 1
35 10 0
36 8 1
37 8 1
38 7 1
39 7 1
40 7 1
41 6 1
42 6 1
43 6 1
44 6 1
45 6 1
46 6 1
47 5 1
48 5 1
49 5 1
50 5 1
51 5 1
52 5 1
53 5 1
54 5 1
55 5 1
56 4 1
57 4 1
58 4 1
59 4 1
60 4 1
61 4 1
62 5 0
63 4 1
64 3 1
65 3 1
66 3 1
67 3 1
68 3 1
69 2 1
70 2 1
71 3 0
72 3 0
##=========================================
##[Voxel Mapper]Iteration 600 keyframe id, used times, remaining times:
0 13 0
1 12 1
2 12 1
3 12 1
5 13 0
6 13 0
7 13 0
10 13 0
11 12 1
12 13 0
13 12 1
14 13 0
15 13 0
16 13 0
17 13 0
18 13 0
19 13 0
20 13 0
21 13 0
22 13 0
23 12 0
24 12 0
25 12 0
26 12 0
27 11 0
28 11 0
29 10 1
30 11 0
31 10 0
32 10 0
33 10 0
34 10 0
35 10 0
36 9 0
37 9 0
38 8 0
39 7 1
40 8 0
41 7 0
42 7 0
43 7 0
44 7 0
45 7 0
46 6 1
47 6 0
48 5 1
49 6 0
50 5 1
51 6 0
52 5 1
53 6 0
54 6 0
55 6 0
56 4 1
57 5 0
58 5 0
59 5 0
60 4 1
61 5 0
62 5 0
63 4 1
64 4 0
65 4 0
66 4 0
67 4 0
68 4 0
69 3 0
70 2 1
71 3 0
72 3 0
73 1 1
74 1 1
75 1 1
##=========================================
##[Voxel Mapper]Iteration 650 keyframe id, used times, remaining times:
0 13 1
1 14 0
2 13 1
3 14 0
5 13 1
6 13 1
7 14 0
10 13 1
11 13 1
12 14 0
13 14 0
14 13 1
15 13 1
16 14 0
17 13 1
18 13 1
19 13 1
20 13 1
21 14 0
22 14 0
23 12 1
24 12 1
25 12 1
26 13 0
27 12 0
28 11 1
29 11 1
30 12 0
31 11 0
32 10 1
33 10 1
34 10 1
35 10 1
36 9 1
37 9 1
38 9 0
39 8 1
40 8 1
41 8 0
42 7 1
43 7 1
44 7 1
45 8 0
46 7 1
47 6 1
48 6 1
49 7 0
50 7 0
51 6 1
52 6 1
53 6 1
54 7 0
55 6 1
56 5 1
57 5 1
58 5 1
59 6 0
60 5 1
61 6 0
62 6 0
63 6 0
64 4 1
65 4 1
66 5 0
67 4 1
68 4 1
69 4 0
70 3 1
71 4 0
72 4 0
73 2 1
74 2 1
75 2 1
76 2 1
77 3 0
78 1 1
##=========================================
##[Voxel Mapper]Iteration 700 keyframe id, used times, remaining times:
0 14 0
1 14 0
2 14 0
3 14 0
5 14 0
6 14 0
7 14 0
10 14 0
11 14 0
12 14 0
13 14 0
14 14 0
15 14 0
16 14 0
17 14 0
18 14 0
19 14 0
20 14 0
21 14 0
22 14 0
23 13 0
24 13 0
25 13 0
26 13 0
27 12 0
28 12 0
29 11 1
30 12 0
31 11 0
32 11 0
33 11 0
34 11 0
35 11 0
36 10 0
37 10 0
38 9 0
39 9 0
40 9 0
41 8 0
42 8 0
43 8 0
44 8 0
45 8 0
46 7 1
47 6 1
48 7 0
49 7 0
50 7 0
51 7 0
52 7 0
53 7 0
54 7 0
55 7 0
56 6 0
57 6 0
58 6 0
59 6 0
60 6 0
61 6 0
62 6 0
63 6 0
64 5 0
65 5 0
66 5 0
67 5 0
68 5 0
69 4 0
70 4 0
71 4 0
72 4 0
73 3 0
74 3 0
75 3 0
76 3 0
77 3 0
78 2 0
79 2 0
80 2 0
##=========================================
##[Voxel Mapper]Iteration 750 keyframe id, used times, remaining times:
0 14 1
1 15 0
2 14 1
3 14 1
5 15 0
6 14 1
7 15 0
10 14 1
11 14 1
12 14 1
13 15 0
14 15 0
15 14 1
16 15 0
17 14 1
18 14 1
19 15 0
20 15 0
21 14 1
22 14 1
23 13 1
24 13 1
25 14 0
26 14 0
27 13 0
28 12 1
29 12 1
30 12 1
31 12 0
32 12 0
33 11 1
34 12 0
35 12 0
36 10 1
37 11 0
38 10 0
39 10 0
40 10 0
41 8 1
42 9 0
43 8 1
44 8 1
45 8 1
46 9 0
47 8 0
48 7 1
49 7 1
50 7 1
51 7 1
52 8 0
53 7 1
54 8 0
55 7 1
56 6 1
57 6 1
58 6 1
59 7 0
60 6 1
61 7 0
62 7 0
63 6 1
64 5 1
65 5 1
66 5 1
67 6 0
68 6 0
69 5 0
70 4 1
71 4 1
72 5 0
73 4 0
74 4 0
75 4 0
76 4 0
77 4 0
78 3 0
79 3 0
80 2 1
81 3 0
82 2 1
83 2 1
84 1 1
85 1 1
##=========================================
##[Voxel Mapper]Iteration 800 keyframe id, used times, remaining times:
0 15 0
1 15 0
2 15 0
3 15 0
5 15 0
6 15 0
7 15 0
10 15 0
11 14 1
12 15 0
13 15 0
14 15 0
15 15 0
16 15 0
17 15 0
18 15 0
19 15 0
20 15 0
21 15 0
22 15 0
23 14 0
24 14 0
25 14 0
26 14 0
27 13 0
28 13 0
29 13 0
30 13 0
31 12 0
32 12 0
33 12 0
34 12 0
35 12 0
36 11 0
37 11 0
38 10 0
39 10 0
40 10 0
41 9 0
42 9 0
43 9 0
44 9 0
45 9 0
46 9 0
47 8 0
48 8 0
49 8 0
50 8 0
51 8 0
52 8 0
53 8 0
54 8 0
55 8 0
56 7 0
57 7 0
58 7 0
59 7 0
60 7 0
61 7 0
62 7 0
63 7 0
64 6 0
65 6 0
66 6 0
67 6 0
68 6 0
69 5 0
70 5 0
71 5 0
72 5 0
73 4 0
74 4 0
75 4 0
76 4 0
77 4 0
78 3 0
79 3 0
80 3 0
81 3 0
82 3 0
83 3 0
84 2 0
85 2 0
86 2 0
87 2 0
88 2 0
89 1 1
##=========================================
##[Voxel Mapper]Iteration 850 keyframe id, used times, remaining times:
0 15 1
1 15 1
2 16 0
3 15 1
5 16 0
6 16 0
7 15 1
10 15 1
11 16 0
12 16 0
13 15 1
14 16 0
15 15 1
16 16 0
17 15 1
18 15 1
19 16 0
20 16 0
21 16 0
22 15 1
23 15 0
24 15 0
25 14 1
26 14 1
27 13 1
28 14 0
29 14 0
30 13 1
31 12 1
32 12 1
33 12 1
34 12 1
35 12 1
36 12 0
37 12 0
38 10 1
39 10 1
40 11 0
41 10 0
42 10 0
43 9 1
44 10 0
45 10 0
46 9 1
47 9 0
48 8 1
49 9 0
50 9 0
51 9 0
52 9 0
53 8 1
54 9 0
55 8 1
56 8 0
57 7 1
58 8 0
59 8 0
60 8 0
61 8 0
62 8 0
63 7 1
64 6 1
65 7 0
66 7 0
67 6 1
68 7 0
69 6 0
70 5 1
71 5 1
72 5 1
73 4 1
74 5 0
75 4 1
76 5 0
77 4 1
78 4 0
79 4 0
80 3 1
81 4 0
82 3 1
83 4 0
84 2 1
85 3 0
86 3 0
87 3 0
88 3 0
89 3 0
##=========================================
##[Voxel Mapper]Iteration 900 keyframe id, used times, remaining times:
0 16 1
1 16 1
2 16 1
3 16 1
5 16 1
6 16 1
7 17 0
10 16 1
11 16 1
12 16 1
13 16 1
14 16 1
15 16 1
16 16 1
17 16 1
18 16 1
19 17 0
20 16 1
21 16 1
22 16 1
23 15 1
24 15 1
25 15 1
26 15 1
27 14 1
28 14 1
29 15 0
30 14 1
31 13 1
32 13 1
33 14 0
34 13 1
35 13 1
36 12 1
37 12 1
38 11 1
39 11 1
40 11 1
41 10 1
42 10 1
43 10 1
44 10 1
45 10 1
46 10 1
47 9 1
48 9 1
49 9 1
50 9 1
51 9 1
52 9 1
53 9 1
54 10 0
55 9 1
56 8 1
57 8 1
58 8 1
59 8 1
60 8 1
61 8 1
62 8 1
63 8 1
64 7 1
65 7 1
66 7 1
67 7 1
68 7 1
69 6 1
70 6 1
71 7 0
72 6 1
73 5 1
74 5 1
75 5 1
76 5 1
77 5 1
78 4 1
79 4 1
80 4 1
81 4 1
82 4 1
83 4 1
84 3 1
85 3 1
86 3 1
87 3 1
88 3 1
89 3 1
90 2 1
91 3 0
##=========================================
##[Voxel Mapper]Iteration 950 keyframe id, used times, remaining times:
0 17 0
1 16 1
2 17 0
3 16 1
5 16 1
6 16 1
7 17 0
10 17 0
11 16 1
12 17 0
13 17 0
14 16 1
15 17 0
16 17 0
17 16 1
18 17 0
19 17 0
20 16 1
21 16 1
22 17 0
23 16 0
24 15 1
25 16 0
26 16 0
27 15 0
28 14 1
29 15 0
30 15 0
31 13 1
32 14 0
33 14 0
34 14 0
35 14 0
36 13 0
37 13 0
38 11 1
39 11 1
40 12 0
41 11 0
42 10 1
43 11 0
44 11 0
45 11 0
46 11 0
47 9 1
48 10 0
49 9 1
50 10 0
51 10 0
52 10 0
53 10 0
54 10 0
55 9 1
56 9 0
57 9 0
58 9 0
59 9 0
60 9 0
61 9 0
62 8 1
63 9 0
64 8 0
65 7 1
66 7 1
67 8 0
68 8 0
69 6 1
70 6 1
71 7 0
72 7 0
73 5 1
74 5 1
75 5 1
76 6 0
77 6 0
78 4 1
79 4 1
80 5 0
81 5 0
82 5 0
83 4 1
84 3 1
85 4 0
86 4 0
87 4 0
88 3 1
89 4 0
90 2 1
91 3 0
##=========================================
##[Voxel Mapper]Iteration 50 keyframe id, used times, remaining times:
0 2 1
1 3 0
2 2 1
3 2 1
4 3 0
7 2 1
8 2 1
9 2 1
10 2 1
11 2 1
12 2 1
13 3 0
14 3 0
15 2 1
16 2 1
17 3 0
18 2 1
19 3 0
20 2 1
21 3 0
22 3 0
##=========================================
##[Voxel Mapper]Iteration 100 keyframe id, used times, remaining times:
0 4 0
1 4 0
2 4 0
3 4 0
4 4 0
7 4 0
8 4 0
9 4 0
10 4 0
11 4 0
12 4 0
13 4 0
14 4 0
15 4 0
16 4 0
17 4 0
18 4 0
19 4 0
20 4 0
21 4 0
22 4 0
23 3 0
24 3 0
25 3 0
26 2 0
27 2 0
28 2 0
29 1 1
##=========================================
##[Voxel Mapper]Iteration 150 keyframe id, used times, remaining times:
0 6 0
1 5 1
2 5 1
3 5 1
4 6 0
7 5 1
8 5 1
9 5 1
10 5 1
11 6 0
12 6 0
13 5 1
14 5 1
15 5 1
16 5 1
17 5 1
18 6 0
19 5 1
20 6 0
21 6 0
22 6 0
23 4 1
24 4 1
25 4 1
26 4 0
27 4 0
28 4 0
29 3 1
30 3 1
31 2 1
32 2 1
33 3 0
##=========================================
##[Voxel Mapper]Iteration 200 keyframe id, used times, remaining times:
0 6 1
1 6 1
2 7 0
3 7 0
4 6 1
7 7 0
8 6 1
9 7 0
10 7 0
11 6 1
12 6 1
13 6 1
14 6 1
15 7 0
16 7 0
17 7 0
18 6 1
19 7 0
20 7 0
21 6 1
22 7 0
23 5 1
24 6 0
25 6 0
26 5 0
27 4 1
28 4 1
29 4 1
30 4 1
31 3 1
32 4 0
33 4 0
34 3 0
35 2 1
36 2 1
37 3 0
38 3 0
39 1 1
##=========================================
##[Voxel Mapper]Iteration 250 keyframe id, used times, remaining times:
0 8 0
1 8 0
2 7 1
3 8 0
4 8 0
7 7 1
8 7 1
9 8 0
10 8 0
11 8 0
12 8 0
13 8 0
14 7 1
15 7 1
16 8 0
17 8 0
18 7 1
19 8 0
20 7 1
21 7 1
22 8 0
23 7 0
24 6 1
25 7 0
26 6 0
27 5 1
28 6 0
29 6 0
30 5 1
31 5 0
32 4 1
33 5 0
34 3 1
35 4 0
36 3 1
37 4 0
38 4 0
39 3 0
40 3 0
41 3 0
43 1 1
##=========================================
##[Voxel Mapper]Iteration 300 keyframe id, used times, remaining times:
0 9 0
1 8 1
2 8 1
3 8 1
4 9 0
7 9 0
8 9 0
9 8 1
10 9 0
11 9 0
12 8 1
13 9 0
14 9 0
15 8 1
16 9 0
17 9 0
18 9 0
19 9 0
20 8 1
21 8 1
22 9 0
23 8 0
24 8 0
25 8 0
26 7 0
27 6 1
28 6 1
29 6 1
30 7 0
31 6 0
32 6 0
33 6 0
34 5 0
35 4 1
36 4 1
37 5 0
38 4 1
39 3 1
40 3 1
41 4 0
42 3 0
43 2 1
44 3 0
45 3 0
46 1 1
48 1 1
##=========================================
##[Voxel Mapper]Iteration 350 keyframe id, used times, remaining times:
0 9 1
1 10 0
2 10 0
3 10 0
4 9 1
7 10 0
8 10 0
9 10 0
10 9 1
11 9 1
12 9 1
13 10 0
14 9 1
15 10 0
16 10 0
17 10 0
18 9 1
19 9 1
20 9 1
21 10 0
22 10 0
23 9 0
24 8 1
25 9 0
26 7 1
27 8 0
28 8 0
29 7 1
30 7 1
31 6 1
32 7 0
33 6 1
34 5 1
35 5 1
36 5 1
37 6 0
38 6 0
39 4 1
40 4 1
41 5 0
42 3 1
43 3 1
44 3 1
45 3 1
46 2 1
47 2 1
48 3 0
49 2 1
50 2 1
51 3 0
54 1 1
##=========================================
##[Voxel Mapper]Iteration 400 keyframe id, used times, remaining times:
0 10 1
1 11 0
2 10 1
3 10 1
4 10 1
7 10 1
8 10 1
9 10 1
10 10 1
11 10 1
12 10 1
13 10 1
14 10 1
15 10 1
16 11 0
17 10 1
18 10 1
19 10 1
20 10 1
21 10 1
22 11 0
23 9 1
24 9 1
25 9 1
26 8 1
27 9 0
28 8 1
29 8 1
30 8 1
31 7 1
32 7 1
33 7 1
34 6 1
35 6 1
36 6 1
37 7 0
38 6 1
39 5 1
40 5 1
41 5 1
42 4 1
43 4 1
44 4 1
45 4 1
46 3 1
47 3 1
48 3 1
49 3 1
50 3 1
51 3 1
52 2 1
53 2 1
54 2 1
55 2 1
56 2 1
57 2 1
58 2 1
59 2 1
60 2 1
##=========================================
##[Voxel Mapper]Iteration 450 keyframe id, used times, remaining times:
0 11 0
1 11 0
2 11 0
3 11 0
4 11 0
7 11 0
8 10 1
9 11 0
10 11 0
11 11 0
12 10 1
13 10 1
14 11 0
15 11 0
16 11 0
17 11 0
18 10 1
19 10 1
20 11 0
21 11 0
22 11 0
23 10 0
24 10 0
25 10 0
26 9 0
27 9 0
28 9 0
29 9 0
30 9 0
31 8 0
32 8 0
33 8 0
34 6 1
35 7 0
36 7 0
37 7 0
38 7 0
39 5 1
40 6 0
41 5 1
42 5 0
43 5 0
44 5 0
45 5 0
46 4 0
47 4 0
48 4 0
49 4 0
50 3 1
51 4 0
52 3 0
53 3 0
54 3 0
55 3 0
56 2 1
57 3 0
58 3 0
59 3 0
60 3 0
61 1 1
62 2 0
63 1 1
65 1 1
66 1 1
##=========================================
##[Voxel Mapper]Iteration 500 keyframe id, used times, remaining times:
0 11 1
1 11 1
2 11 1
3 12 0
4 11 1
7 11 1
8 12 0
9 12 0
10 12 0
11 12 0
12 11 1
13 12 0
14 11 1
15 12 0
16 12 0
17 11 1
18 12 0
19 12 0
20 12 0
21 12 0
22 12 0
23 10 1
24 10 1
25 10 1
26 9 1
27 10 0
28 10 0
29 9 1
30 9 1
31 8 1
32 9 0
33 8 1
34 7 1
35 7 1
36 8 0
37 7 1
38 8 0
39 6 1
40 6 1
41 6 1
42 5 1
43 6 0
44 5 1
45 5 1
46 5 0
47 4 1
48 5 0
49 4 1
50 4 1
51 4 1
52 3 1
53 3 1
54 4 0
55 4 0
56 3 1
57 3 1
58 4 0
59 3 1
60 4 0
61 3 0
62 2 1
63 2 1
64 2 1
65 2 1
66 3 0
67 2 1
68 3 0
70 1 1
71 1 1
##=========================================
##[Voxel Mapper]Iteration 550 keyframe id, used times, remaining times:
0 12 1
1 12 1
2 12 1
3 12 1
4 12 1
7 12 1
8 12 1
9 12 1
10 12 1
11 12 1
12 12 1
13 12 1
14 12 1
15 12 1
16 12 1
17 12 1
18 12 1
19 12 1
20 12 1
21 12 1
22 12 1
23 11 1
24 11 1
25 11 1
26 10 1
27 10 1
28 10 1
29 10 1
30 10 1
31 9 1
32 9 1
33 9 1
34 8 1
35 8 1
36 8 1
37 8 1
38 8 1
39 7 1
40 7 1
41 7 1
42 6 1
43 6 1
44 6 1
45 6 1
46 5 1
47 5 1
48 5 1
49 5 1
50 5 1
51 5 1
52 4 1
53 4 1
54 4 1
55 4 1
56 4 1
57 4 1
58 4 1
59 4 1
60 4 1
61 3 1
62 3 1
63 3 1
64 3 1
65 3 1
66 3 1
67 3 1
68 3 1
69 2 1
70 2 1
71 2 1
72 2 1
73 2 1
74 3 0
##=========================================
##[Voxel Mapper]Iteration 600 keyframe id, used times, remaining times:
0 13 0
1 13 0
2 13 0
3 12 1
4 13 0
7 13 0
8 13 0
9 13 0
10 13 0
11 13 0
12 12 1
13 13 0
14 13 0
15 13 0
16 13 0
17 13 0
18 12 1
19 12 1
20 12 1
21 13 0
22 12 1
23 12 0
24 12 0
25 12 0
26 10 1
27 11 0
28 11 0
29 11 0
30 11 0
31 9 1
32 9 1
33 9 1
34 8 1
35 9 0
36 9 0
37 8 1
38 9 0
39 8 0
40 8 0
41 8 0
42 7 0
43 7 0
44 6 1
45 7 0
46 5 1
47 6 0
48 6 0
49 5 1
50 6 0
51 6 0
52 5 0
53 5 0
54 5 0
55 5 0
56 5 0
57 4 1
58 5 0
59 5 0
60 5 0
61 3 1
62 3 1
63 3 1
64 3 1
65 4 0
66 4 0
67 3 1
68 4 0
69 2 1
70 2 1
71 3 0
72 3 0
73 3 0
74 3 0
76 1 1
##=========================================
##[Voxel Mapper]Iteration 650 keyframe id, used times, remaining times:
0 13 1
1 13 1
2 13 1
3 13 1
4 13 1
7 13 1
8 13 1
9 13 1
10 14 0
11 14 0
12 13 1
13 13 1
14 13 1
15 14 0
16 13 1
17 13 1
18 13 1
19 13 1
20 13 1
21 13 1
22 13 1
23 12 1
24 12 1
25 12 1
26 11 1
27 12 0
28 12 0
29 11 1
30 12 0
31 10 1
32 10 1
33 10 1
34 9 1
35 10 0
36 9 1
37 9 1
38 9 1
39 9 0
40 8 1
41 9 0
42 7 1
43 7 1
44 7 1
45 7 1
46 6 1
47 6 1
48 6 1
49 6 1
50 6 1
51 6 1
52 6 0
53 5 1
54 5 1
55 5 1
56 6 0
57 6 0
58 6 0
59 5 1
60 6 0
61 5 0
62 5 0
63 4 1
64 4 1
65 5 0
66 4 1
67 4 1
68 5 0
69 3 1
70 3 1
71 3 1
72 3 1
73 3 1
74 3 1
75 2 1
76 2 1
77 2 1
78 3 0
79 1 1
##=========================================
##[Voxel Mapper]Iteration 700 keyframe id, used times, remaining times:
0 14 0
1 14 0
2 14 0
3 14 0
4 13 1
7 14 0
8 14 0
9 13 1
10 14 0
11 14 0
12 14 0
13 14 0
14 14 0
15 14 0
16 14 0
17 13 1
18 14 0
19 14 0
20 14 0
21 14 0
22 14 0
23 13 0
24 12 1
25 13 0
26 11 1
27 12 0
28 12 0
29 11 1
30 12 0
31 11 0
32 11 0
33 11 0
34 10 0
35 10 0
36 10 0
37 10 0
38 10 0
39 9 0
40 9 0
41 9 0
42 7 1
43 8 0
44 8 0
45 7 1
46 7 0
47 7 0
48 7 0
49 7 0
50 6 1
51 7 0
52 6 0
53 6 0
54 6 0
55 6 0
56 6 0
57 6 0
58 6 0
59 6 0
60 6 0
61 5 0
62 5 0
63 5 0
64 5 0
65 5 0
66 5 0
67 5 0
68 5 0
69 4 0
70 4 0
71 3 1
72 4 0
73 4 0
74 4 0
75 3 0
76 3 0
77 3 0
78 3 0
79 2 0
82 1 1
##=========================================
##[Voxel Mapper]Iteration 750 keyframe id, used times, remaining times:
0 15 0
1 15 0
2 15 0
3 14 1
4 14 1
7 15 0
8 15 0
9 14 1
10 14 1
11 15 0
12 14 1
13 14 1
14 15 0
15 15 0
16 15 0
17 14 1
18 15 0
19 14 1
20 14 1
21 14 1
22 14 1
23 14 0
24 13 1
25 13 1
26 13 0
27 12 1
28 12 1
29 12 1
30 12 1
31 11 1
32 11 1
33 12 0
34 11 0
35 10 1
36 10 1
37 10 1
38 10 1
39 10 0
40 9 1
41 9 1
42 9 0
43 8 1
44 8 1
45 9 0
46 7 1
47 8 0
48 7 1
49 7 1
50 8 0
51 8 0
52 6 1
53 7 0
54 7 0
55 6 1
56 7 0
57 6 1
58 7 0
59 6 1
60 6 1
61 5 1
62 6 0
63 6 0
64 5 1
65 5 1
66 5 1
67 5 1
68 5 1
69 5 0
70 4 1
71 4 1
72 4 1
73 5 0
74 4 1
75 4 0
76 3 1
77 3 1
78 3 1
79 2 1
80 2 1
81 3 0
82 2 1
83 3 0
84 2 1
##=========================================
##[Voxel Mapper]Iteration 800 keyframe id, used times, remaining times:
0 15 0
1 15 0
2 15 0
3 14 1
4 15 0
7 15 0
8 15 0
9 15 0
10 15 0
11 15 0
12 15 0
13 15 0
14 15 0
15 15 0
16 15 0
17 15 0
18 15 0
19 15 0
20 15 0
21 15 0
22 15 0
23 14 0
24 14 0
25 14 0
26 13 0
27 13 0
28 13 0
29 13 0
30 13 0
31 12 0
32 11 1
33 12 0
34 11 0
35 11 0
36 11 0
37 10 1
38 11 0
39 10 0
40 10 0
41 10 0
42 9 0
43 9 0
44 9 0
45 9 0
46 8 0
47 8 0
48 7 1
49 8 0
50 8 0
51 8 0
52 7 0
53 7 0
54 7 0
55 7 0
56 7 0
57 7 0
58 7 0
59 7 0
60 7 0
61 6 0
62 6 0
63 6 0
64 6 0
65 5 1
66 6 0
67 6 0
68 6 0
69 5 0
70 5 0
71 5 0
72 4 1
73 5 0
74 5 0
75 4 0
76 4 0
77 4 0
78 4 0
79 3 0
80 3 0
81 3 0
82 3 0
83 3 0
84 2 1
85 2 0
86 2 0
89 1 1
##=========================================
##[Voxel Mapper]Iteration 850 keyframe id, used times, remaining times:
0 15 1
1 15 1
2 15 1
3 16 0
4 16 0
7 16 0
8 16 0
9 15 1
10 15 1
11 16 0
12 15 1
13 15 1
14 15 1
15 16 0
16 15 1
17 16 0
18 16 0
19 15 1
20 16 0
21 15 1
22 15 1
23 14 1
24 14 1
25 14 1
26 13 1
27 14 0
28 13 1
29 14 0
30 13 1
31 12 1
32 13 0
33 12 1
34 11 1
35 12 0
36 12 0
37 11 1
38 11 1
39 11 0
40 10 1
41 10 1
42 10 0
43 10 0
44 10 0
45 9 1
46 9 0
47 8 1
48 8 1
49 8 1
50 9 0
51 8 1
52 7 1
53 8 0
54 7 1
55 7 1
56 7 1
57 8 0
58 8 0
59 7 1
60 7 1
61 6 1
62 6 1
63 7 0
64 7 0
65 7 0
66 6 1
67 6 1
68 6 1
69 5 1
70 5 1
71 6 0
72 6 0
73 5 1
74 5 1
75 5 0
76 4 1
77 4 1
78 4 1
79 4 0
80 3 1
81 3 1
82 4 0
83 4 0
84 3 1
85 3 0
86 2 1
87 2 1
88 3 0
89 2 1
90 2 1
91 2 1
##=========================================
##[Voxel Mapper]Iteration 900 keyframe id, used times, remaining times:
0 16 0
1 16 0
2 15 1
3 16 0
4 16 0
7 16 0
8 16 0
9 16 0
10 16 0
11 16 0
12 16 0
13 15 1
14 16 0
15 16 0
16 16 0
17 16 0
18 16 0
19 15 1
20 16 0
21 16 0
22 16 0
23 15 0
24 15 0
25 15 0
26 14 0
27 14 0
28 14 0
29 14 0
30 14 0
31 13 0
32 13 0
33 13 0
34 12 0
35 12 0
36 12 0
37 11 1
38 11 1
39 11 0
40 11 0
41 11 0
42 10 0
43 10 0
44 10 0
45 9 1
46 9 0
47 9 0
48 9 0
49 8 1
50 9 0
51 9 0
52 8 0
53 8 0
54 8 0
55 8 0
56 8 0
57 8 0
58 8 0
59 8 0
60 8 0
61 7 0
62 7 0
63 7 0
64 7 0
65 7 0
66 7 0
67 7 0
68 7 0
69 6 0
70 6 0
71 6 0
72 6 0
73 5 1
74 6 0
75 5 0
76 5 0
77 5 0
78 5 0
79 4 0
80 3 1
81 4 0
82 4 0
83 4 0
84 3 1
85 3 0
86 3 0
87 3 0
88 3 0
89 3 0
90 3 0
91 3 0
92 1 1
93 1 1
94 1 1
96 1 1
##=========================================
##[Voxel Mapper]Iteration 950 keyframe id, used times, remaining times:
0 16 1
1 16 1
2 16 1
3 17 0
4 16 1
7 16 1
8 17 0
9 16 1
10 16 1
11 16 1
12 17 0
13 16 1
14 16 1
15 16 1
16 16 1
17 16 1
18 16 1
19 16 1
20 16 1
21 16 1
22 16 1
23 15 1
24 15 1
25 16 0
26 14 1
27 14 1
28 15 0
29 15 0
30 14 1
31 14 0
32 13 1
33 13 1
34 13 0
35 12 1
36 12 1
37 12 1
38 12 1
39 12 0
40 11 1
41 11 1
42 10 1
43 10 1
44 10 1
45 10 1
46 9 1
47 10 0
48 10 0
49 9 1
50 9 1
51 9 1
52 9 0
53 9 0
54 9 0
55 9 0
56 8 1
57 8 1
58 9 0
59 8 1
60 9 0
61 7 1
62 7 1
63 7 1
64 7 1
65 8 0
66 7 1
67 8 0
68 7 1
69 6 1
70 7 0
71 6 1
72 6 1
73 6 1
74 6 1
75 6 0
76 6 0
77 5 1
78 5 1
79 5 0
80 4 1
81 4 1
82 5 0
83 4 1
84 4 1
85 3 1
86 4 0
87 3 1
88 3 1
89 4 0
90 4 0
91 3 1
92 2 1
93 3 0
94 3 0
95 3 0
96 2 1
97 2 1
98 2 1
##=========================================
##[Voxel Mapper]Iteration 50 keyframe id, used times, remaining times:
0 2 1
1 3 0
2 2 1
3 2 1
4 2 1
6 3 0
7 2 1
10 2 1
11 2 1
12 2 1
13 3 0
14 3 0
15 3 0
16 2 1
17 3 0
18 2 1
19 3 0
20 2 1
21 2 1
22 2 1
23 3 0
##=========================================
##[Voxel Mapper]Iteration 100 keyframe id, used times, remaining times:
0 4 0
1 4 0
2 4 0
3 4 0
4 4 0
6 4 0
7 4 0
10 4 0
11 4 0
12 4 0
13 4 0
14 4 0
15 4 0
16 4 0
17 4 0
18 4 0
19 4 0
20 4 0
21 4 0
22 4 0
23 4 0
24 3 0
25 3 0
26 3 0
27 2 0
28 2 0
29 2 0
30 1 1
##=========================================
##[Voxel Mapper]Iteration 150 keyframe id, used times, remaining times:
0 6 0
1 5 1
2 5 1
3 6 0
4 5 1
6 6 0
7 5 1
10 6 0
11 6 0
12 6 0
13 5 1
14 5 1
15 5 1
16 6 0
17 6 0
18 5 1
19 6 0
20 5 1
21 5 1
22 5 1
23 6 0
24 4 1
25 4 1
26 5 0
27 3 1
28 3 1
29 4 0
30 3 1
31 2 1
32 3 0
33 2 1
34 2 1
##=========================================
##[Voxel Mapper]Iteration 200 keyframe id, used times, remaining times:
0 6 1
1 6 1
2 7 0
3 6 1
4 7 0
6 7 0
7 7 0
10 7 0
11 7 0
12 6 1
13 6 1
14 6 1
15 7 0
16 6 1
17 7 0
18 6 1
19 7 0
20 7 0
21 7 0
22 6 1
23 6 1
24 6 0
25 5 1
26 5 1
27 5 0
28 4 1
29 5 0
30 5 0
31 4 0
32 3 1
33 4 0
34 3 1
35 3 0
36 3 0
37 3 0
38 3 0
39 1 1
40 1 1
##=========================================
##[Voxel Mapper]Iteration 250 keyframe id, used times, remaining times:
0 8 0
1 8 0
2 8 0
3 8 0
4 8 0
6 7 1
7 8 0
10 8 0
11 7 1
12 8 0
13 8 0
14 7 1
15 8 0
16 8 0
17 7 1
18 8 0
19 8 0
20 7 1
21 7 1
22 8 0
23 8 0
24 7 0
25 6 1
26 7 0
27 5 1
28 6 0
29 6 0
30 6 0
31 4 1
32 5 0
33 5 0
34 5 0
35 4 0
36 3 1
37 4 0
38 4 0
39 2 1
40 2 1
41 3 0
42 3 0
44 1 1
##=========================================
##[Voxel Mapper]Iteration 300 keyframe id, used times, remaining times:
0 8 1
1 8 1
2 9 0
3 8 1
4 9 0
6 9 0
7 9 0
10 8 1
11 9 0
12 9 0
13 9 0
14 8 1
15 9 0
16 9 0
17 9 0
18 8 1
19 8 1
20 9 0
21 9 0
22 8 1
23 8 1
24 7 1
25 8 0
26 7 1
27 7 0
28 7 0
29 7 0
30 7 0
31 6 0
32 6 0
33 6 0
34 5 1
35 4 1
36 4 1
37 4 1
38 4 1
39 3 1
40 4 0
41 3 1
42 4 0
43 3 0
44 3 0
45 3 0
46 3 0
47 2 1
48 2 0
49 1 1
##=========================================
##[Voxel Mapper]Iteration 350 keyframe id, used times, remaining times:
0 9 1
1 10 0
2 9 1
3 10 0
4 9 1
6 9 1
7 9 1
10 10 0
11 9 1
12 9 1
13 10 0
14 10 0
15 10 0
16 9 1
17 9 1
18 10 0
19 10 0
20 10 0
21 9 1
22 9 1
23 10 0
24 9 0
25 9 0
26 8 1
27 8 0
28 7 1
29 8 0
30 7 1
31 7 0
32 6 1
33 7 0
34 7 0
35 6 0
36 5 1
37 6 0
38 6 0
39 4 1
40 4 1
41 4 1
42 4 1
43 3 1
44 3 1
45 3 1
46 3 1
47 3 1
48 2 1
49 3 0
50 2 1
51 2 1
52 3 0
53 2 1
##=========================================
##[Voxel Mapper]Iteration 400 keyframe id, used times, remaining times:
0 10 1
1 10 1
2 10 1
3 10 1
4 10 1
6 10 1
7 10 1
10 10 1
11 10 1
12 10 1
13 11 0
14 10 1
15 10 1
16 10 1
17 10 1
18 10 1
19 11 0
20 10 1
21 10 1
22 10 1
23 10 1
24 9 1
25 9 1
26 9 1
27 8 1
28 8 1
29 8 1
30 8 1
31 7 1
32 7 1
33 7 1
34 7 1
35 6 1
36 6 1
37 6 1
38 6 1
39 6 0
40 5 1
41 5 1
42 5 1
43 4 1
44 4 1
45 4 1
46 4 1
47 4 1
48 3 1
49 3 1
50 3 1
51 3 1
52 3 1
53 3 1
54 2 1
55 2 1
56 2 1
57 2 1
58 2 1
59 2 1
60 2 1
61 2 1
62 2 1
##=========================================
##[Voxel Mapper]Iteration 450 keyframe id, used times, remaining times:
0 11 0
1 11 0
2 11 0
3 11 0
4 11 0
6 11 0
7 11 0
10 11 0
11 11 0
12 11 0
13 11 0
14 11 0
15 11 0
16 11 0
17 11 0
18 11 0
19 11 0
20 11 0
21 11 0
22 11 0
23 11 0
24 10 0
25 10 0
26 10 0
27 9 0
28 9 0
29 8 1
30 9 0
31 8 0
32 7 1
33 8 0
34 8 0
35 6 1
36 6 1
37 7 0
38 6 1
39 6 0
40 6 0
41 5 1
42 6 0
43 4 1
44 5 0
45 5 0
46 5 0
47 5 0
48 4 0
49 4 0
50 4 0
51 4 0
52 4 0
53 4 0
54 3 0
55 2 1
56 3 0
57 2 1
58 2 1
59 2 1
60 2 1
61 3 0
62 3 0
63 1 1
64 2 0
65 1 1
66 1 1
##=========================================
##[Voxel Mapper]Iteration 500 keyframe id, used times, remaining times:
0 11 1
1 11 1
2 12 0
3 12 0
4 12 0
6 12 0
7 12 0
10 12 0
11 12 0
12 12 0
13 12 0
14 11 1
15 11 1
16 12 0
17 11 1
18 11 1
19 12 0
20 11 1
21 11 1
22 12 0
23 12 0
24 11 0
25 10 1
26 10 1
27 10 0
28 9 1
29 9 1
30 9 1
31 8 1
32 8 1
33 9 0
34 8 1
35 8 0
36 8 0
37 8 0
38 7 1
39 6 1
40 6 1
41 6 1
42 6 1
43 5 1
44 5 1
45 5 1
46 5 1
47 6 0
48 4 1
49 4 1
50 4 1
51 4 1
52 4 1
53 4 1
54 3 1
55 4 0
56 4 0
57 3 1
58 3 1
59 4 0
60 4 0
61 3 1
62 3 1
63 2 1
64 2 1
65 3 0
66 2 1
67 3 0
68 3 0
69 3 0
71 1 1
##=========================================
##[Voxel Mapper]Iteration 550 keyframe id, used times, remaining times:
0 12 1
1 12 1
2 12 1
3 12 1
4 12 1
6 12 1
7 12 1
10 12 1
11 12 1
12 12 1
13 12 1
14 12 1
15 12 1
16 12 1
17 12 1
18 12 1
19 12 1
20 12 1
21 12 1
22 12 1
23 12 1
24 11 1
25 11 1
26 11 1
27 10 1
28 10 1
29 10 1
30 10 1
31 9 1
32 9 1
33 9 1
34 10 0
35 8 1
36 8 1
37 8 1
38 8 1
39 7 1
40 7 1
41 7 1
42 7 1
43 6 1
44 6 1
45 6 1
46 6 1
47 6 1
48 5 1
49 5 1
50 5 1
51 5 1
52 5 1
53 5 1
54 4 1
55 4 1
56 4 1
57 4 1
58 4 1
59 4 1
60 4 1
61 4 1
62 4 1
63 3 1
64 3 1
65 3 1
66 3 1
67 3 1
68 3 1
69 3 1
70 2 1
71 2 1
72 2 1
73 2 1
74 3 0
##=========================================
##[Voxel Mapper]Iteration 600 keyframe id, used times, remaining times:
0 12 1
1 13 0
2 12 1
3 13 0
4 12 1
6 13 0
7 13 0
10 13 0
11 13 0
12 13 0
13 13 0
14 12 1
15 13 0
16 13 0
17 13 0
18 13 0
19 13 0
20 12 1
21 13 0
22 13 0
23 13 0
24 12 0
25 12 0
26 11 1
27 10 1
28 10 1
29 10 1
30 10 1
31 9 1
32 10 0
33 10 0
34 10 0
35 9 0
36 8 1
37 9 0
38 9 0
39 7 1
40 8 0
41 8 0
42 7 1
43 7 0
44 6 1
45 7 0
46 7 0
47 7 0
48 6 0
49 6 0
50 6 0
51 6 0
52 5 1
53 5 1
54 5 0
55 4 1
56 5 0
57 5 0
58 5 0
59 5 0
60 5 0
61 4 1
62 4 1
63 4 0
64 4 0
65 4 0
66 4 0
67 3 1
68 4 0
69 4 0
70 3 0
71 3 0
72 2 1
73 3 0
74 3 0
75 1 1
76 1 1
##=========================================
##[Voxel Mapper]Iteration 650 keyframe id, used times, remaining times:
0 13 1
1 13 1
2 13 1
3 13 1
4 13 1
6 13 1
7 14 0
10 13 1
11 13 1
12 13 1
13 14 0
14 13 1
15 13 1
16 13 1
17 13 1
18 13 1
19 14 0
20 13 1
21 13 1
22 14 0
23 13 1
24 12 1
25 12 1
26 13 0
27 11 1
28 11 1
29 11 1
30 11 1
31 11 0
32 10 1
33 10 1
34 10 1
35 10 0
36 10 0
37 9 1
38 10 0
39 8 1
40 8 1
41 9 0
42 8 1
43 7 1
44 7 1
45 7 1
46 7 1
47 7 1
48 6 1
49 6 1
50 6 1
51 6 1
52 6 1
53 7 0
54 5 1
55 5 1
56 5 1
57 5 1
58 5 1
59 6 0
60 5 1
61 5 1
62 5 1
63 4 1
64 4 1
65 5 0
66 5 0
67 4 1
68 4 1
69 5 0
70 3 1
71 3 1
72 4 0
73 3 1
74 4 0
75 2 1
76 2 1
77 3 0
78 2 1
79 2 1
80 2 1
##=========================================
##[Voxel Mapper]Iteration 700 keyframe id, used times, remaining times:
0 14 0
1 14 0
2 14 0
3 13 1
4 14 0
6 14 0
7 14 0
10 14 0
11 13 1
12 14 0
13 14 0
14 14 0
15 14 0
16 14 0
17 14 0
18 14 0
19 14 0
20 14 0
21 14 0
22 14 0
23 14 0
24 13 0
25 13 0
26 13 0
27 12 0
28 12 0
29 12 0
30 12 0
31 11 0
32 10 1
33 11 0
34 11 0
35 10 0
36 10 0
37 9 1
38 10 0
39 9 0
40 8 1
41 9 0
42 8 1
43 8 0
44 7 1
45 7 1
46 8 0
47 7 1
48 7 0
49 7 0
50 7 0
51 6 1
52 7 0
53 7 0
54 6 0
55 6 0
56 5 1
57 6 0
58 6 0
59 6 0
60 6 0
61 5 1
62 5 1
63 5 0
64 5 0
65 5 0
66 5 0
67 5 0
68 5 0
69 5 0
70 4 0
71 4 0
72 4 0
73 4 0
74 4 0
75 3 0
76 3 0
77 3 0
78 3 0
79 3 0
80 3 0
81 2 0
83 1 1
##=========================================
##[Voxel Mapper]Iteration 750 keyframe id, used times, remaining times:
0 14 1
1 14 1
2 14 1
3 15 0
4 14 1
6 15 0
7 14 1
10 15 0
11 15 0
12 14 1
13 14 1
14 14 1
15 15 0
16 14 1
17 14 1
18 15 0
19 15 0
20 14 1
21 14 1
22 14 1
23 14 1
24 13 1
25 13 1
26 13 1
27 12 1
28 12 1
29 13 0
30 12 1
31 12 0
32 12 0
33 12 0
34 12 0
35 10 1
36 10 1
37 10 1
38 10 1
39 9 1
40 10 0
41 10 0
42 10 0
43 9 0
44 8 1
45 8 1
46 9 0
47 8 1
48 7 1
49 8 0
50 8 0
51 7 1
52 8 0
53 8 0
54 6 1
55 7 0
56 6 1
57 6 1
58 7 0
59 6 1
60 6 1
61 6 1
62 6 1
63 6 0
64 5 1
65 6 0
66 6 0
67 5 1
68 6 0
69 5 1
70 4 1
71 4 1
72 4 1
73 4 1
74 4 1
75 3 1
76 3 1
77 3 1
78 3 1
79 3 1
80 3 1
81 3 0
82 2 1
83 2 1
84 2 1
85 3 0
86 1 1
##=========================================
##[Voxel Mapper]Iteration 800 keyframe id, used times, remaining times:
0 15 0
1 15 0
2 15 0
3 15 0
4 15 0
6 15 0
7 15 0
10 15 0
11 15 0
12 15 0
13 15 0
14 15 0
15 15 0
16 15 0
17 15 0
18 15 0
19 15 0
20 15 0
21 15 0
22 15 0
23 15 0
24 13 1
25 14 0
26 14 0
27 13 0
28 12 1
29 13 0
30 13 0
31 12 0
32 12 0
33 12 0
34 12 0
35 11 0
36 10 1
37 10 1
38 11 0
39 10 0
40 10 0
41 10 0
42 10 0
43 9 0
44 9 0
45 9 0
46 9 0
47 9 0
48 7 1
49 8 0
50 8 0
51 8 0
52 8 0
53 8 0
54 7 0
55 7 0
56 7 0
57 7 0
58 7 0
59 7 0
60 7 0
61 7 0
62 7 0
63 6 0
64 5 1
65 6 0
66 6 0
67 6 0
68 6 0
69 6 0
70 4 1
71 4 1
72 5 0
73 5 0
74 5 0
75 4 0
76 4 0
77 4 0
78 4 0
79 4 0
80 4 0
81 3 0
82 3 0
83 3 0
84 3 0
85 3 0
86 1 1
87 1 1
89 2 0
90 1 1
##=========================================
##[Voxel Mapper]Iteration 850 keyframe id, used times, remaining times:
0 15 1
1 16 0
2 15 1
3 15 1
4 16 0
6 15 1
7 15 1
10 16 0
11 15 1
12 16 0
13 15 1
14 15 1
15 15 1
16 15 1
17 15 1
18 15 1
19 16 0
20 16 0
21 15 1
22 15 1
23 15 1
24 14 1
25 14 1
26 15 0
27 13 1
28 13 1
29 14 0
30 13 1
31 13 0
32 12 1
33 12 1
34 12 1
35 12 0
36 11 1
37 12 0
38 11 1
39 10 1
40 10 1
41 10 1
42 10 1
43 9 1
44 10 0
45 9 1
46 9 1
47 10 0
48 9 0
49 8 1
50 8 1
51 8 1
52 8 1
53 8 1
54 7 1
55 8 0
56 8 0
57 8 0
58 8 0
59 7 1
60 7 1
61 7 1
62 7 1
63 7 0
64 7 0
65 7 0
66 6 1
67 6 1
68 7 0
69 6 1
70 5 1
71 6 0
72 5 1
73 6 0
74 6 0
75 5 0
76 5 0
77 4 1
78 5 0
79 5 0
80 4 1
81 4 0
82 3 1
83 4 0
84 3 1
85 4 0
86 2 1
87 2 1
88 3 0
89 2 1
90 3 0
91 3 0
##=========================================
##[Voxel Mapper]Iteration 900 keyframe id, used times, remaining times:
0 15 1
1 16 0
2 15 1
3 16 0
4 16 0
6 16 0
7 16 0
10 16 0
11 16 0
12 16 0
13 16 0
14 16 0
15 16 0
16 16 0
17 16 0
18 16 0
19 16 0
20 16 0
21 16 0
22 16 0
23 16 0
24 15 0
25 15 0
26 15 0
27 14 0
28 14 0
29 14 0
30 14 0
31 13 0
32 13 0
33 13 0
34 13 0
35 12 0
36 12 0
37 12 0
38 12 0
39 11 0
40 10 1
41 11 0
42 11 0
43 10 0
44 10 0
45 10 0
46 10 0
47 10 0
48 9 0
49 9 0
50 9 0
51 9 0
52 9 0
53 9 0
54 7 1
55 8 0
56 8 0
57 8 0
58 8 0
59 8 0
60 8 0
61 7 1
62 8 0
63 7 0
64 7 0
65 7 0
66 7 0
67 7 0
68 7 0
69 7 0
70 6 0
71 6 0
72 6 0
73 6 0
74 6 0
75 5 0
76 5 0
77 5 0
78 5 0
79 5 0
80 5 0
81 4 0
82 4 0
83 4 0
84 4 0
85 4 0
86 2 1
87 3 0
88 3 0
89 2 1
90 3 0
91 3 0
92 1 1
93 1 1
94 1 1
##=========================================
##[Voxel Mapper]Iteration 950 keyframe id, used times, remaining times:
0 17 0
1 17 0
2 17 0
3 17 0
4 16 1
6 17 0
7 17 0
10 17 0
11 17 0
12 16 1
13 16 1
14 16 1
15 16 1
16 16 1
17 16 1
18 17 0
19 16 1
20 16 1
21 16 1
22 17 0
23 17 0
24 15 1
25 15 1
26 16 0
27 15 0
28 14 1
29 15 0
30 15 0
31 14 0
32 14 0
33 13 1
34 14 0
35 13 0
36 12 1
37 12 1
38 13 0
39 11 1
40 12 0
41 12 0
42 11 1
43 10 1
44 11 0
45 10 1
46 10 1
47 10 1
48 9 1
49 9 1
50 9 1
51 10 0
52 10 0
53 10 0
54 9 0
55 8 1
56 8 1
57 9 0
58 9 0
59 8 1
60 8 1
61 9 0
62 8 1
63 8 0
64 7 1
65 7 1
66 7 1
67 7 1
68 8 0
69 7 1
70 6 1
71 6 1
72 7 0
73 6 1
74 6 1
75 6 0
76 5 1
77 5 1
78 5 1
79 6 0
80 5 1
81 4 1
82 4 1
83 5 0
84 5 0
85 4 1
86 4 0
87 3 1
88 3 1
89 4 0
90 3 1
91 3 1
92 2 1
93 3 0
94 2 1
##=========================================
##[Voxel Mapper]Iteration 50 keyframe id, used times, remaining times:
0 2 1
1 3 0
2 2 1
3 2 1
4 2 1
6 2 1
7 3 0
8 3 0
10 2 1
11 3 0
12 2 1
13 2 1
14 3 0
15 2 1
16 2 1
17 2 1
18 3 0
19 3 0
20 2 1
21 3 0
22 2 1
##=========================================
##[Voxel Mapper]Iteration 100 keyframe id, used times, remaining times:
0 4 0
1 4 0
2 4 0
3 4 0
4 4 0
6 4 0
7 4 0
8 4 0
10 4 0
11 4 0
12 4 0
13 4 0
14 4 0
15 4 0
16 4 0
17 4 0
18 4 0
19 4 0
20 4 0
21 4 0
22 4 0
23 2 1
24 2 1
25 3 0
26 3 0
27 1 1
28 2 0
29 2 0
30 1 1
##=========================================
##[Voxel Mapper]Iteration 150 keyframe id, used times, remaining times:
0 6 0
1 5 1
2 5 1
3 5 1
4 5 1
6 5 1
7 5 1
8 6 0
10 5 1
11 5 1
12 5 1
13 6 0
14 6 0
15 5 1
16 6 0
17 5 1
18 5 1
19 6 0
20 5 1
21 5 1
22 5 1
23 5 0
24 4 1
25 4 1
26 5 0
27 3 1
28 3 1
29 3 1
30 4 0
31 2 1
32 3 0
33 3 0
##=========================================
##[Voxel Mapper]Iteration 200 keyframe id, used times, remaining times:
0 7 0
1 6 1
2 7 0
3 6 1
4 7 0
6 7 0
7 6 1
8 7 0
10 6 1
11 6 1
12 6 1
13 7 0
14 7 0
15 6 1
16 6 1
17 6 1
18 6 1
19 6 1
20 7 0
21 7 0
22 6 1
23 5 1
24 6 0
25 5 1
26 5 1
27 5 0
28 4 1
29 5 0
30 4 1
31 4 0
32 3 1
33 4 0
34 3 0
35 3 0
36 2 1
37 3 0
38 2 1
39 2 1
##=========================================
##[Voxel Mapper]Iteration 250 keyframe id, used times, remaining times:
0 7 1
1 8 0
2 8 0
3 8 0
4 7 1
6 7 1
7 8 0
8 7 1
10 8 0
11 7 1
12 7 1
13 8 0
14 8 0
15 7 1
16 8 0
17 8 0
18 7 1
19 7 1
20 8 0
21 8 0
22 7 1
23 7 0
24 7 0
25 7 0
26 7 0
27 6 0
28 6 0
29 5 1
30 5 1
31 5 0
32 4 1
33 4 1
34 4 0
35 3 1
36 3 1
37 3 1
38 4 0
39 3 1
40 3 0
41 3 0
42 3 0
##=========================================
##[Voxel Mapper]Iteration 300 keyframe id, used times, remaining times:
0 9 0
1 9 0
2 9 0
3 8 1
4 9 0
6 9 0
7 9 0
8 8 1
10 8 1
11 9 0
12 8 1
13 8 1
14 9 0
15 8 1
16 8 1
17 8 1
18 8 1
19 8 1
20 9 0
21 9 0
22 9 0
23 7 1
24 8 0
25 7 1
26 8 0
27 6 1
28 7 0
29 6 1
30 6 1
31 6 0
32 6 0
33 6 0
34 5 0
35 5 0
36 4 1
37 5 0
38 4 1
39 5 0
40 3 1
41 3 1
42 3 1
43 2 1
44 3 0
45 3 0
46 3 0
##=========================================
##[Voxel Mapper]Iteration 350 keyframe id, used times, remaining times:
0 9 1
1 10 0
2 9 1
3 10 0
4 9 1
6 9 1
7 10 0
8 9 1
10 9 1
11 10 0
12 10 0
13 9 1
14 9 1
15 9 1
16 9 1
17 10 0
18 9 1
19 9 1
20 10 0
21 9 1
22 9 1
23 8 1
24 8 1
25 8 1
26 8 1
27 8 0
28 7 1
29 8 0
30 8 0
31 6 1
32 6 1
33 6 1
34 6 0
35 6 0
36 5 1
37 5 1
38 6 0
39 6 0
40 4 1
41 5 0
42 4 1
43 4 0
44 3 1
45 3 1
46 4 0
47 3 0
48 2 1
49 2 1
50 2 1
51 3 0
##=========================================
##[Voxel Mapper]Iteration 400 keyframe id, used times, remaining times:
0 10 1
1 11 0
2 10 1
3 10 1
4 10 1
6 11 0
7 10 1
8 10 1
10 10 1
11 10 1
12 10 1
13 10 1
14 10 1
15 10 1
16 10 1
17 10 1
18 10 1
19 10 1
20 10 1
21 10 1
22 11 0
23 9 1
24 9 1
25 9 1
26 9 1
27 8 1
28 8 1
29 8 1
30 8 1
31 8 0
32 7 1
33 8 0
34 6 1
35 6 1
36 6 1
37 6 1
38 6 1
39 6 1
40 5 1
41 5 1
42 6 0
43 5 0
44 4 1
45 4 1
46 4 1
47 3 1
48 4 0
49 3 1
50 3 1
51 4 0
52 3 0
53 2 1
54 2 1
55 2 1
56 1 1
##=========================================
##[Voxel Mapper]Iteration 450 keyframe id, used times, remaining times:
0 11 0
1 11 0
2 11 0
3 11 0
4 11 0
6 11 0
7 11 0
8 11 0
10 11 0
11 11 0
12 11 0
13 11 0
14 11 0
15 11 0
16 10 1
17 11 0
18 11 0
19 11 0
20 11 0
21 11 0
22 11 0
23 10 0
24 10 0
25 10 0
26 10 0
27 9 0
28 9 0
29 9 0
30 9 0
31 8 0
32 8 0
33 8 0
34 7 0
35 6 1
36 7 0
37 7 0
38 7 0
39 7 0
40 6 0
41 6 0
42 6 0
43 5 0
44 5 0
45 5 0
46 5 0
47 4 0
48 4 0
49 4 0
50 3 1
51 4 0
52 3 0
53 3 0
54 3 0
55 3 0
56 2 0
57 1 1
58 1 1
59 1 1
60 2 0
61 2 0
62 1 1
##=========================================
##[Voxel Mapper]Iteration 500 keyframe id, used times, remaining times:
0 12 0
1 12 0
2 11 1
3 11 1
4 12 0
6 11 1
7 12 0
8 12 0
10 11 1
11 12 0
12 11 1
13 11 1
14 11 1
15 12 0
16 11 1
17 12 0
18 12 0
19 11 1
20 12 0
21 11 1
22 11 1
23 11 0
24 11 0
25 10 1
26 11 0
27 9 1
28 9 1
29 9 1
30 9 1
31 9 0
32 9 0
33 8 1
34 8 0
35 8 0
36 7 1
37 7 1
38 7 1
39 7 1
40 6 1
41 7 0
42 7 0
43 6 0
44 5 1
45 6 0
46 6 0
47 5 0
48 5 0
49 5 0
50 4 1
51 4 1
52 4 0
53 4 0
54 3 1
55 3 1
56 3 0
57 3 0
58 2 1
59 3 0
60 2 1
61 3 0
62 2 1
63 3 0
64 3 0
65 3 0
66 2 0
68 1 1
##=========================================
##[Voxel Mapper]Iteration 550 keyframe id, used times, remaining times:
0 12 1
1 12 1
2 12 1
3 12 1
4 12 1
6 12 1
7 12 1
8 12 1
10 12 1
11 12 1
12 12 1
13 12 1
14 12 1
15 12 1
16 12 1
17 12 1
18 12 1
19 12 1
20 12 1
21 13 0
22 12 1
23 11 1
24 11 1
25 11 1
26 11 1
27 10 1
28 10 1
29 10 1
30 10 1
31 9 1
32 9 1
33 10 0
34 9 0
35 8 1
36 8 1
37 8 1
38 8 1
39 8 1
40 7 1
41 7 1
42 7 1
43 6 1
44 6 1
45 6 1
46 6 1
47 6 0
48 5 1
49 5 1
50 6 0
51 5 1
52 4 1
53 4 1
54 4 1
55 4 1
56 3 1
57 3 1
58 3 1
59 3 1
60 3 1
61 3 1
62 4 0
63 4 0
64 3 1
65 3 1
66 2 1
67 2 1
68 2 1
69 3 0
70 2 1
71 2 1
72 3 0
##=========================================
##[Voxel Mapper]Iteration 600 keyframe id, used times, remaining times:
0 13 0
1 13 0
2 13 0
3 13 0
4 12 1
6 13 0
7 13 0
8 12 1
10 13 0
11 12 1
12 13 0
13 12 1
14 12 1
15 13 0
16 12 1
17 13 0
18 12 1
19 13 0
20 13 0
21 13 0
22 13 0
23 12 0
24 11 1
25 12 0
26 12 0
27 11 0
28 11 0
29 11 0
30 11 0
31 10 0
32 10 0
33 10 0
34 9 0
35 9 0
36 9 0
37 9 0
38 9 0
39 9 0
40 8 0
41 7 1
42 8 0
43 6 1
44 7 0
45 7 0
46 7 0
47 6 0
48 6 0
49 6 0
50 6 0
51 5 1
52 4 1
53 5 0
54 5 0
55 5 0
56 4 0
57 4 0
58 4 0
59 4 0
60 4 0
61 3 1
62 4 0
63 4 0
64 4 0
65 4 0
66 3 0
67 2 1
68 3 0
69 3 0
70 2 1
71 3 0
72 3 0
73 1 1
74 1 1
75 1 1
##=========================================
##[Voxel Mapper]Iteration 650 keyframe id, used times, remaining times:
0 13 1
1 14 0
2 13 1
3 13 1
4 14 0
6 13 1
7 13 1
8 13 1
10 14 0
11 14 0
12 13 1
13 14 0
14 13 1
15 14 0
16 14 0
17 13 1
18 13 1
19 14 0
20 13 1
21 13 1
22 14 0
23 12 1
24 12 1
25 13 0
26 12 1
27 12 0
28 11 1
29 11 1
30 12 0
31 11 0
32 10 1
33 10 1
34 9 1
35 9 1
36 10 0
37 10 0
38 10 0
39 9 1
40 9 0
41 8 1
42 9 0
43 8 0
44 7 1
45 7 1
46 7 1
47 6 1
48 6 1
49 7 0
50 6 1
51 6 1
52 5 1
53 5 1
54 5 1
55 5 1
56 4 1
57 4 1
58 5 0
59 4 1
60 4 1
61 5 0
62 5 0
63 4 1
64 5 0
65 4 1
66 4 0
67 3 1
68 3 1
69 4 0
70 4 0
71 3 1
72 3 1
73 2 1
74 2 1
75 3 0
76 3 0
77 1 1
##=========================================
##[Voxel Mapper]Iteration 700 keyframe id, used times, remaining times:
0 14 0
1 14 0
2 14 0
3 14 0
4 14 0
6 14 0
7 14 0
8 14 0
10 14 0
11 14 0
12 14 0
13 14 0
14 14 0
15 14 0
16 14 0
17 14 0
18 14 0
19 14 0
20 14 0
21 14 0
22 14 0
23 13 0
24 13 0
25 13 0
26 13 0
27 12 0
28 12 0
29 12 0
30 12 0
31 11 0
32 11 0
33 11 0
34 10 0
35 9 1
36 10 0
37 10 0
38 10 0
39 10 0
40 9 0
41 9 0
42 9 0
43 8 0
44 8 0
45 8 0
46 8 0
47 7 0
48 7 0
49 7 0
50 7 0
51 7 0
52 6 0
53 6 0
54 6 0
55 6 0
56 5 0
57 5 0
58 5 0
59 5 0
60 5 0
61 5 0
62 5 0
63 5 0
64 5 0
65 5 0
66 4 0
67 4 0
68 4 0
69 4 0
70 4 0
71 4 0
72 4 0
73 3 0
74 3 0
75 3 0
76 3 0
77 2 0
78 1 1
79 1 1
80 2 0
##=========================================
##[Voxel Mapper]Iteration 750 keyframe id, used times, remaining times:
0 15 0
1 15 0
2 14 1
3 14 1
4 15 0
6 15 0
7 15 0
8 14 1
10 14 1
11 15 0
12 15 0
13 14 1
14 14 1
15 14 1
16 15 0
17 15 0
18 14 1
19 15 0
20 14 1
21 15 0
22 15 0
23 13 1
24 14 0
25 14 0
26 14 0
27 13 0
28 12 1
29 12 1
30 12 1
31 12 0
32 11 1
33 11 1
34 10 1
35 10 1
36 10 1
37 10 1
38 11 0
39 11 0
40 9 1
41 9 1
42 9 1
43 9 0
44 9 0
45 8 1
46 9 0
47 7 1
48 7 1
49 7 1
50 8 0
51 8 0
52 6 1
53 7 0
54 6 1
55 7 0
56 6 0
57 5 1
58 6 0
59 6 0
60 6 0
61 6 0
62 6 0
63 5 1
64 6 0
65 6 0
66 4 1
67 4 1
68 4 1
69 4 1
70 4 1
71 5 0
72 4 1
73 4 0
74 4 0
75 4 0
76 4 0
77 3 0
78 2 1
79 3 0
80 3 0
81 3 0
83 2 0
##=========================================
##[Voxel Mapper]Iteration 800 keyframe id, used times, remaining times:
0 15 1
1 15 1
2 15 1
3 15 1
4 16 0
6 15 1
7 15 1
8 15 1
10 15 1
11 16 0
12 15 1
13 15 1
14 15 1
15 15 1
16 15 1
17 15 1
18 15 1
19 15 1
20 15 1
21 15 1
22 15 1
23 14 1
24 14 1
25 14 1
26 14 1
27 13 1
28 13 1
29 13 1
30 13 1
31 12 1
32 12 1
33 12 1
34 11 1
35 11 1
36 11 1
37 11 1
38 11 1
39 11 1
40 10 1
41 10 1
42 10 1
43 9 1
44 9 1
45 9 1
46 9 1
47 8 1
48 8 1
49 8 1
50 8 1
51 8 1
52 7 1
53 7 1
54 7 1
55 8 0
56 6 1
57 6 1
58 6 1
59 6 1
60 6 1
61 6 1
62 6 1
63 6 1
64 6 1
65 7 0
66 5 1
67 5 1
68 5 1
69 5 1
70 5 1
71 5 1
72 5 1
73 4 1
74 4 1
75 4 1
76 4 1
77 3 1
78 3 1
79 3 1
80 3 1
81 3 1
82 3 0
83 2 1
84 2 1
85 2 1
86 2 1
##=========================================
##[Voxel Mapper]Iteration 850 keyframe id, used times, remaining times:
0 16 0
1 16 0
2 16 0
3 15 1
4 16 0
6 16 0
7 15 1
8 15 1
10 16 0
11 16 0
12 15 1
13 15 1
14 16 0
15 15 1
16 16 0
17 16 0
18 16 0
19 15 1
20 15 1
21 16 0
22 15 1
23 15 0
24 15 0
25 15 0
26 15 0
27 14 0
28 13 1
29 13 1
30 14 0
31 13 0
32 12 1
33 13 0
34 11 1
35 11 1
36 12 0
37 11 1
38 11 1
39 12 0
40 11 0
41 11 0
42 11 0
43 10 0
44 9 1
45 10 0
46 9 1
47 9 0
48 9 0
49 9 0
50 9 0
51 8 1
52 7 1
53 8 0
54 8 0
55 8 0
56 7 0
57 6 1
58 6 1
59 7 0
60 6 1
61 6 1
62 7 0
63 7 0
64 7 0
65 7 0
66 5 1
67 5 1
68 6 0
69 6 0
70 5 1
71 6 0
72 6 0
73 5 0
74 5 0
75 5 0
76 4 1
77 4 0
78 3 1
79 3 1
80 3 1
81 4 0
82 3 0
83 3 0
84 2 1
85 3 0
86 2 1
87 2 0
88 1 1
##=========================================
##[Voxel Mapper]Iteration 900 keyframe id, used times, remaining times:
0 16 1
1 16 1
2 16 1
3 16 1
4 16 1
6 16 1
7 16 1
8 16 1
10 16 1
11 16 1
12 16 1
13 16 1
14 16 1
15 16 1
16 16 1
17 16 1
18 16 1
19 16 1
20 16 1
21 16 1
22 16 1
23 16 0
24 15 1
25 15 1
26 15 1
27 14 1
28 14 1
29 14 1
30 14 1
31 13 1
32 14 0
33 13 1
34 12 1
35 12 1
36 12 1
37 13 0
38 12 1
39 12 1
40 11 1
41 11 1
42 11 1
43 10 1
44 10 1
45 10 1
46 10 1
47 9 1
48 9 1
49 10 0
50 9 1
51 9 1
52 8 1
53 8 1
54 8 1
55 8 1
56 7 1
57 7 1
58 7 1
59 7 1
60 7 1
61 7 1
62 7 1
63 7 1
64 7 1
65 7 1
66 6 1
67 6 1
68 6 1
69 6 1
70 6 1
71 6 1
72 7 0
73 5 1
74 5 1
75 5 1
76 5 1
77 4 1
78 4 1
79 4 1
80 4 1
81 4 1
82 3 1
83 3 1
84 3 1
85 3 1
86 3 1
87 2 1
88 2 1
89 2 1
90 2 1
91 2 1
92 2 1
93 3 0
##=========================================
##[Voxel Mapper]Iteration 950 keyframe id, used times, remaining times:
0 17 0
1 17 0
2 17 0
3 16 1
4 17 0
6 17 0
7 17 0
8 17 0
10 16 1
11 17 0
12 17 0
13 16 1
14 16 1
15 17 0
16 16 1
17 17 0
18 17 0
19 16 1
20 16 1
21 17 0
22 17 0
23 16 0
24 16 0
25 15 1
26 16 0
27 14 1
28 15 0
29 14 1
30 15 0
31 14 0
32 14 0
33 13 1
34 12 1
35 13 0
36 13 0
37 13 0
38 13 0
39 12 1
40 11 1
41 12 0
42 11 1
43 10 1
44 10 1
45 11 0
46 11 0
47 10 0
48 9 1
49 10 0
50 9 1
51 9 1
52 8 1
53 8 1
54 8 1
55 9 0
56 8 0
57 7 1
58 7 1
59 7 1
60 8 0
61 7 1
62 8 0
63 8 0
64 8 0
65 8 0
66 6 1
67 7 0
68 7 0
69 6 1
70 7 0
71 6 1
72 7 0
73 6 0
74 6 0
75 5 1
76 5 1
77 4 1
78 4 1
79 4 1
80 5 0
81 5 0
82 3 1
83 3 1
84 4 0
85 4 0
86 3 1
87 3 0
88 2 1
89 3 0
90 3 0
91 3 0
92 3 0
93 3 0
94 2 0
97 1 1
##=========================================
##[Voxel Mapper]Iteration 1000 keyframe id, used times, remaining times:
0 17 0
1 17 0
2 17 0
3 17 0
4 17 0
6 17 0
7 17 0
8 17 0
10 17 0
11 17 0
12 17 0
13 17 0
14 17 0
15 17 0
16 17 0
17 17 0
18 17 0
19 17 0
20 17 0
21 17 0
22 17 0
23 16 0
24 16 0
25 16 0
26 16 0
27 15 0
28 15 0
29 15 0
30 15 0
31 14 0
32 14 0
33 14 0
34 13 0
35 13 0
36 13 0
37 13 0
38 13 0
39 13 0
40 12 0
41 12 0
42 12 0
43 11 0
44 11 0
45 11 0
46 11 0
47 10 0
48 10 0
49 10 0
50 10 0
51 10 0
52 9 0
53 9 0
54 9 0
55 9 0
56 8 0
57 8 0
58 8 0
59 8 0
60 8 0
61 8 0
62 8 0
63 8 0
64 8 0
65 8 0
66 7 0
67 7 0
68 7 0
69 7 0
70 7 0
71 7 0
72 7 0
73 6 0
74 6 0
75 6 0
76 6 0
77 5 0
78 5 0
79 5 0
80 5 0
81 5 0
82 4 0
83 4 0
84 4 0
85 4 0
86 4 0
87 3 0
88 3 0
89 3 0
90 3 0
91 3 0
92 3 0
93 3 0
94 2 0
95 2 0
96 2 0
97 2 0
98 2 0
99 2 0
100 2 0
##=========================================
##[Voxel Mapper]Iteration 1050 keyframe id, used times, remaining times:
0 17 1
1 18 0
2 18 0
3 17 1
4 17 1
6 18 0
7 18 0
8 18 0
10 17 1
11 17 1
12 17 1
13 17 1
14 17 1
15 17 1
16 18 0
17 18 0
18 18 0
19 18 0
20 18 0
21 18 0
22 17 1
23 17 0
24 16 1
25 16 1
26 17 0
27 16 0
28 16 0
29 15 1
30 15 1
31 14 1
32 15 0
33 15 0
34 13 1
35 14 0
36 13 1
37 13 1
38 14 0
39 14 0
40 13 0
41 13 0
42 13 0
43 12 0
44 12 0
45 12 0
46 12 0
47 10 1
48 11 0
49 10 1
50 11 0
51 10 1
52 9 1
53 9 1
54 10 0
55 10 0
56 9 0
57 9 0
58 8 1
59 8 1
60 8 1
61 8 1
62 8 1
63 8 1
64 9 0
65 8 1
66 8 0
67 8 0
68 8 0
69 7 1
70 7 1
71 8 0
72 8 0
73 6 1
74 7 0
75 6 1
76 7 0
77 6 0
78 5 1
79 5 1
80 5 1
81 5 1
82 5 0
83 4 1
84 5 0
85 4 1
86 4 1
87 3 1
88 3 1
89 4 0
90 3 1
91 3 1
92 4 0
93 4 0
94 2 1
95 2 1
96 3 0
97 2 1
98 2 1
99 3 0
100 3 0
##=========================================
##[Voxel Mapper]Iteration 50 keyframe id, used times, remaining times:
0 3 0
1 2 1
2 2 1
3 2 1
4 3 0
7 3 0
8 2 1
9 2 1
10 2 1
11 3 0
12 3 0
13 2 1
14 2 1
15 2 1
16 3 0
17 2 1
18 3 0
19 3 0
20 2 1
21 2 1
22 2 1
##=========================================
##[Voxel Mapper]Iteration 100 keyframe id, used times, remaining times:
0 4 0
1 4 0
2 3 1
3 4 0
4 4 0
7 4 0
8 4 0
9 4 0
10 4 0
11 4 0
12 4 0
13 4 0
14 4 0
15 4 0
16 4 0
17 4 0
18 4 0
19 4 0
20 4 0
21 4 0
22 4 0
23 3 0
24 3 0
25 3 0
26 3 0
27 2 0
28 2 0
29 1 1
##=========================================
##[Voxel Mapper]Iteration 150 keyframe id, used times, remaining times:
0 5 1
1 6 0
2 6 0
3 5 1
4 6 0
7 6 0
8 5 1
9 6 0
10 5 1
11 5 1
12 5 1
13 5 1
14 5 1
15 5 1
16 5 1
17 5 1
18 5 1
19 6 0
20 5 1
21 5 1
22 5 1
23 4 1
24 4 1
25 4 1
26 5 0
27 3 1
28 3 1
29 3 1
30 3 1
31 2 1
32 2 1
33 2 1
34 3 0
35 1 1
##=========================================
##[Voxel Mapper]Iteration 200 keyframe id, used times, remaining times:
0 7 0
1 7 0
2 6 1
3 7 0
4 6 1
7 6 1
8 6 1
9 6 1
10 6 1
11 6 1
12 7 0
13 7 0
14 7 0
15 7 0
16 7 0
17 7 0
18 6 1
19 6 1
20 6 1
21 6 1
22 6 1
23 5 1
24 6 0
25 6 0
26 5 1
27 4 1
28 4 1
29 4 1
30 4 1
31 3 1
32 4 0
33 4 0
34 4 0
35 2 1
36 3 0
37 3 0
38 3 0
39 1 1
##=========================================
##[Voxel Mapper]Iteration 250 keyframe id, used times, remaining times:
0 8 0
1 8 0
2 8 0
3 8 0
4 7 1
7 7 1
8 8 0
9 7 1
10 7 1
11 8 0
12 7 1
13 7 1
14 7 1
15 8 0
16 8 0
17 7 1
18 8 0
19 7 1
20 7 1
21 8 0
22 7 1
23 7 0
24 7 0
25 7 0
26 7 0
27 6 0
28 6 0
29 5 1
30 6 0
31 4 1
32 5 0
33 5 0
34 4 1
35 4 0
36 3 1
37 4 0
38 3 1
39 3 0
40 2 1
41 3 0
42 1 1
43 1 1
##=========================================
##[Voxel Mapper]Iteration 300 keyframe id, used times, remaining times:
0 9 0
1 8 1
2 8 1
3 8 1
4 9 0
7 9 0
8 9 0
9 9 0
10 8 1
11 9 0
12 9 0
13 8 1
14 9 0
15 8 1
16 9 0
17 9 0
18 9 0
19 9 0
20 9 0
21 8 1
22 9 0
23 8 0
24 8 0
25 7 1
26 8 0
27 6 1
28 6 1
29 7 0
30 7 0
31 5 1
32 5 1
33 5 1
34 5 1
35 4 1
36 5 0
37 5 0
38 5 0
39 4 0
40 4 0
41 3 1
42 2 1
43 2 1
44 2 1
45 3 0
46 2 1
##=========================================
##[Voxel Mapper]Iteration 350 keyframe id, used times, remaining times:
0 9 1
1 9 1
2 9 1
3 9 1
4 10 0
7 9 1
8 9 1
9 9 1
10 10 0
11 9 1
12 9 1
13 9 1
14 10 0
15 10 0
16 10 0
17 10 0
18 9 1
19 9 1
20 9 1
21 9 1
22 10 0
23 9 0
24 8 1
25 8 1
26 9 0
27 7 1
28 7 1
29 7 1
30 7 1
31 7 0
32 6 1
33 7 0
34 7 0
35 6 0
36 5 1
37 5 1
38 5 1
39 4 1
40 5 0
41 4 1
42 3 1
43 3 1
44 3 1
45 3 1
46 3 1
47 2 1
48 3 0
49 2 1
50 3 0
51 3 0
52 3 0
##=========================================
##[Voxel Mapper]Iteration 400 keyframe id, used times, remaining times:
0 10 1
1 10 1
2 10 1
3 10 1
4 10 1
7 10 1
8 10 1
9 10 1
10 10 1
11 10 1
12 10 1
13 10 1
14 10 1
15 10 1
16 10 1
17 10 1
18 10 1
19 10 1
20 10 1
21 10 1
22 10 1
23 9 1
24 9 1
25 9 1
26 9 1
27 8 1
28 8 1
29 8 1
30 8 1
31 7 1
32 7 1
33 7 1
34 7 1
35 6 1
36 6 1
37 6 1
38 6 1
39 5 1
40 5 1
41 5 1
42 4 1
43 4 1
44 4 1
45 4 1
46 4 1
47 3 1
48 3 1
49 3 1
50 3 1
51 3 1
52 3 1
53 2 1
54 2 1
55 2 1
56 2 1
57 2 1
58 2 1
59 2 1
60 3 0
##=========================================
##[Voxel Mapper]Iteration 450 keyframe id, used times, remaining times:
0 11 0
1 11 0
2 10 1
3 10 1
4 11 0
7 11 0
8 11 0
9 11 0
10 10 1
11 11 0
12 11 0
13 11 0
14 11 0
15 11 0
16 11 0
17 11 0
18 11 0
19 11 0
20 10 1
21 10 1
22 11 0
23 10 0
24 9 1
25 10 0
26 10 0
27 9 0
28 9 0
29 9 0
30 9 0
31 8 0
32 7 1
33 8 0
34 8 0
35 7 0
36 7 0
37 7 0
38 7 0
39 5 1
40 5 1
41 6 0
42 5 0
43 4 1
44 5 0
45 5 0
46 4 1
47 4 0
48 4 0
49 4 0
50 4 0
51 4 0
52 4 0
53 3 0
54 3 0
55 3 0
56 3 0
57 2 1
58 3 0
59 3 0
60 3 0
61 1 1
62 1 1
64 2 0
##=========================================
##[Voxel Mapper]Iteration 500 keyframe id, used times, remaining times:
0 12 0
1 11 1
2 11 1
3 11 1
4 11 1
7 12 0
8 12 0
9 11 1
10 12 0
11 11 1
12 12 0
13 11 1
14 12 0
15 12 0
16 11 1
17 11 1
18 11 1
19 11 1
20 12 0
21 12 0
22 11 1
23 10 1
24 11 0
25 10 1
26 10 1
27 9 1
28 10 0
29 9 1
30 10 0
31 9 0
32 9 0
33 9 0
34 8 1
35 7 1
36 8 0
37 7 1
38 8 0
39 6 1
40 6 1
41 7 0
42 5 1
43 5 1
44 6 0
45 5 1
46 6 0
47 4 1
48 4 1
49 5 0
50 4 1
51 5 0
52 4 1
53 3 1
54 3 1
55 3 1
56 3 1
57 3 1
58 4 0
59 3 1
60 4 0
61 3 0
62 2 1
63 3 0
64 3 0
65 2 1
66 2 1
67 3 0
##=========================================
##[Voxel Mapper]Iteration 550 keyframe id, used times, remaining times:
0 12 1
1 12 1
2 12 1
3 12 1
4 12 1
7 12 1
8 12 1
9 12 1
10 12 1
11 12 1
12 12 1
13 12 1
14 12 1
15 12 1
16 12 1
17 12 1
18 12 1
19 12 1
20 12 1
21 12 1
22 12 1
23 11 1
24 11 1
25 11 1
26 11 1
27 10 1
28 10 1
29 10 1
30 10 1
31 9 1
32 9 1
33 9 1
34 9 1
35 8 1
36 8 1
37 8 1
38 8 1
39 7 1
40 7 1
41 7 1
42 6 1
43 6 1
44 6 1
45 6 1
46 6 1
47 5 1
48 5 1
49 5 1
50 5 1
51 5 1
52 6 0
53 4 1
54 4 1
55 5 0
56 4 1
57 4 1
58 4 1
59 4 1
60 5 0
61 3 1
62 3 1
63 3 1
64 3 1
65 3 1
66 3 1
67 3 1
68 2 1
69 3 0
70 2 1
71 2 1
##=========================================
##[Voxel Mapper]Iteration 600 keyframe id, used times, remaining times:
0 13 0
1 13 0
2 13 0
3 13 0
4 13 0
7 12 1
8 13 0
9 13 0
10 13 0
11 13 0
12 13 0
13 13 0
14 13 0
15 12 1
16 12 1
17 13 0
18 12 1
19 13 0
20 13 0
21 13 0
22 13 0
23 12 0
24 12 0
25 12 0
26 11 1
27 11 0
28 11 0
29 11 0
30 11 0
31 10 0
32 9 1
33 9 1
34 9 1
35 9 0
36 8 1
37 9 0
38 8 1
39 8 0
40 8 0
41 8 0
42 7 0
43 6 1
44 7 0
45 7 0
46 7 0
47 6 0
48 6 0
49 6 0
50 5 1
51 5 1
52 6 0
53 5 0
54 4 1
55 5 0
56 4 1
57 4 1
58 5 0
59 5 0
60 5 0
61 4 0
62 4 0
63 4 0
64 4 0
65 3 1
66 4 0
67 4 0
68 3 0
69 3 0
70 3 0
71 3 0
74 1 1
##=========================================
##[Voxel Mapper]Iteration 650 keyframe id, used times, remaining times:
0 14 0
1 13 1
2 13 1
3 13 1
4 13 1
7 14 0
8 13 1
9 13 1
10 13 1
11 14 0
12 13 1
13 13 1
14 13 1
15 13 1
16 13 1
17 13 1
18 14 0
19 13 1
20 14 0
21 14 0
22 13 1
23 13 0
24 12 1
25 12 1
26 12 1
27 12 0
28 11 1
29 11 1
30 12 0
31 10 1
32 10 1
33 10 1
34 11 0
35 10 0
36 9 1
37 9 1
38 9 1
39 9 0
40 9 0
41 9 0
42 7 1
43 8 0
44 7 1
45 8 0
46 8 0
47 7 0
48 7 0
49 6 1
50 6 1
51 6 1
52 6 1
53 5 1
54 5 1
55 5 1
56 6 0
57 5 1
58 6 0
59 5 1
60 5 1
61 4 1
62 5 0
63 5 0
64 4 1
65 5 0
66 4 1
67 5 0
68 3 1
69 3 1
70 3 1
71 3 1
72 2 1
73 2 1
74 2 1
75 3 0
##=========================================
##[Voxel Mapper]Iteration 700 keyframe id, used times, remaining times:
0 14 0
1 13 1
2 14 0
3 14 0
4 14 0
7 14 0
8 14 0
9 14 0
10 14 0
11 14 0
12 14 0
13 14 0
14 14 0
15 14 0
16 14 0
17 14 0
18 14 0
19 14 0
20 14 0
21 14 0
22 14 0
23 13 0
24 13 0
25 13 0
26 12 1
27 12 0
28 12 0
29 12 0
30 12 0
31 11 0
32 11 0
33 11 0
34 11 0
35 10 0
36 10 0
37 10 0
38 10 0
39 9 0
40 9 0
41 9 0
42 8 0
43 8 0
44 8 0
45 8 0
46 8 0
47 7 0
48 7 0
49 7 0
50 7 0
51 7 0
52 7 0
53 6 0
54 6 0
55 6 0
56 6 0
57 5 1
58 6 0
59 6 0
60 6 0
61 5 0
62 5 0
63 5 0
64 5 0
65 5 0
66 5 0
67 5 0
68 4 0
69 3 1
70 4 0
71 4 0
72 3 0
73 3 0
74 3 0
75 3 0
76 1 1
77 1 1
78 2 0
79 1 1
80 1 1
##=========================================
##[Voxel Mapper]Iteration 750 keyframe id, used times, remaining times:
0 14 1
1 15 0
2 14 1
3 15 0
4 15 0
7 15 0
8 14 1
9 14 1
10 15 0
11 14 1
12 14 1
13 14 1
14 14 1
15 15 0
16 14 1
17 15 0
18 14 1
19 14 1
20 14 1
21 14 1
22 14 1
23 14 0
24 13 1
25 13 1
26 14 0
27 12 1
28 13 0
29 12 1
30 13 0
31 12 0
32 11 1
33 11 1
34 12 0
35 10 1
36 11 0
37 10 1
38 11 0
39 9 1
40 9 1
41 9 1
42 8 1
43 9 0
44 9 0
45 9 0
46 8 1
47 7 1
48 8 0
49 8 0
50 8 0
51 8 0
52 8 0
53 6 1
54 6 1
55 6 1
56 7 0
57 7 0
58 6 1
59 7 0
60 7 0
61 5 1
62 6 0
63 6 0
64 5 1
65 5 1
66 6 0
67 6 0
68 5 0
69 4 1
70 5 0
71 5 0
72 3 1
73 4 0
74 4 0
75 3 1
76 3 0
77 3 0
78 3 0
79 2 1
80 3 0
81 2 1
##=========================================
##[Voxel Mapper]Iteration 800 keyframe id, used times, remaining times:
0 15 0
1 15 0
2 15 0
3 15 0
4 15 0
7 15 0
8 15 0
9 15 0
10 15 0
11 15 0
12 15 0
13 15 0
14 15 0
15 15 0
16 15 0
17 15 0
18 15 0
19 15 0
20 15 0
21 15 0
22 15 0
23 14 0
24 14 0
25 14 0
26 14 0
27 13 0
28 13 0
29 13 0
30 13 0
31 12 0
32 12 0
33 12 0
34 12 0
35 11 0
36 11 0
37 11 0
38 11 0
39 10 0
40 10 0
41 10 0
42 9 0
43 9 0
44 9 0
45 9 0
46 9 0
47 8 0
48 8 0
49 8 0
50 8 0
51 8 0
52 8 0
53 7 0
54 7 0
55 7 0
56 7 0
57 7 0
58 7 0
59 7 0
60 7 0
61 6 0
62 6 0
63 6 0
64 6 0
65 6 0
66 6 0
67 6 0
68 5 0
69 5 0
70 5 0
71 5 0
72 4 0
73 4 0
74 4 0
75 4 0
76 3 0
77 3 0
78 3 0
79 3 0
80 3 0
81 3 0
82 2 0
83 2 0
84 2 0
85 2 0
86 1 1
87 1 1
##=========================================
##[Voxel Mapper]Iteration 850 keyframe id, used times, remaining times:
0 16 0
1 15 1
2 16 0
3 16 0
4 16 0
7 15 1
8 16 0
9 16 0
10 15 1
11 15 1
12 15 1
13 16 0
14 16 0
15 16 0
16 15 1
17 16 0
18 15 1
19 16 0
20 16 0
21 16 0
22 15 1
23 15 0
24 15 0
25 14 1
26 14 1
27 14 0
28 13 1
29 14 0
30 14 0
31 12 1
32 13 0
33 13 0
34 12 1
35 12 0
36 11 1
37 11 1
38 12 0
39 10 1
40 10 1
41 11 0
42 9 1
43 9 1
44 10 0
45 10 0
46 9 1
47 8 1
48 9 0
49 8 1
50 9 0
51 9 0
52 8 1
53 7 1
54 7 1
55 7 1
56 8 0
57 8 0
58 8 0
59 7 1
60 7 1
61 7 0
62 7 0
63 6 1
64 6 1
65 7 0
66 6 1
67 7 0
68 6 0
69 5 1
70 5 1
71 5 1
72 4 1
73 4 1
74 5 0
75 5 0
76 4 0
77 3 1
78 4 0
79 4 0
80 4 0
81 4 0
82 3 0
83 3 0
84 2 1
85 3 0
86 3 0
87 3 0
##=========================================
##[Voxel Mapper]Iteration 900 keyframe id, used times, remaining times:
0 16 1
1 16 1
2 16 1
3 16 1
4 16 1
7 16 1
8 16 1
9 16 1
10 16 1
11 16 1
12 16 1
13 16 1
14 17 0
15 16 1
16 16 1
17 16 1
18 17 0
19 16 1
20 16 1
21 16 1
22 16 1
23 15 1
24 15 1
25 15 1
26 15 1
27 14 1
28 14 1
29 15 0
30 14 1
31 13 1
32 13 1
33 13 1
34 13 1
35 12 1
36 12 1
37 12 1
38 12 1
39 11 1
40 11 1
41 11 1
42 10 1
43 10 1
44 10 1
45 10 1
46 10 1
47 9 1
48 10 0
49 9 1
50 9 1
51 10 0
52 10 0
53 8 1
54 8 1
55 8 1
56 8 1
57 8 1
58 8 1
59 8 1
60 8 1
61 7 1
62 7 1
63 7 1
64 7 1
65 7 1
66 7 1
67 7 1
68 6 1
69 6 1
70 6 1
71 6 1
72 5 1
73 5 1
74 5 1
75 5 1
76 4 1
77 4 1
78 4 1
79 4 1
80 4 1
81 5 0
82 3 1
83 3 1
84 3 1
85 3 1
86 3 1
87 3 1
88 2 1
89 3 0
##=========================================
##[Voxel Mapper]Iteration 950 keyframe id, used times, remaining times:
0 17 0
1 17 0
2 17 0
3 17 0
4 16 1
7 17 0
8 17 0
9 16 1
10 16 1
11 17 0
12 17 0
13 16 1
14 17 0
15 17 0
16 16 1
17 17 0
18 17 0
19 17 0
20 17 0
21 17 0
22 17 0
23 15 1
24 16 0
25 16 0
26 16 0
27 15 0
28 15 0
29 15 0
30 15 0
31 13 1
32 14 0
33 14 0
34 14 0
35 12 1
36 12 1
37 12 1
38 13 0
39 11 1
40 12 0
41 12 0
42 10 1
43 11 0
44 11 0
45 11 0
46 10 1
47 9 1
48 10 0
49 9 1
50 9 1
51 10 0
52 10 0
53 9 0
54 9 0
55 8 1
56 8 1
57 9 0
58 9 0
59 8 1
60 9 0
61 7 1
62 8 0
63 8 0
64 8 0
65 8 0
66 7 1
67 8 0
68 6 1
69 7 0
70 6 1
71 6 1
72 6 0
73 5 1
74 6 0
75 6 0
76 5 0
77 5 0
78 5 0
79 4 1
80 5 0
81 5 0
82 3 1
83 4 0
84 4 0
85 3 1
86 4 0
87 3 1
88 2 1
89 3 0
##=========================================
##[Voxel Mapper]Iteration 50 keyframe id, used times, remaining times:
0 2 1
1 3 0
2 2 1
3 2 1
4 2 1
6 3 0
8 2 1
9 3 0
10 2 1
11 3 0
12 2 1
13 2 1
14 2 1
15 2 1
16 3 0
17 3 0
18 2 1
19 2 1
20 2 1
21 2 1
22 2 1
23 2 1
##=========================================
##[Voxel Mapper]Iteration 100 keyframe id, used times, remaining times:
0 4 0
1 4 0
2 3 1
3 4 0
4 4 0
6 4 0
8 4 0
9 4 0
10 4 0
11 4 0
12 4 0
13 3 1
14 4 0
15 4 0
16 4 0
17 4 0
18 4 0
19 4 0
20 4 0
21 4 0
22 3 1
23 4 0
24 3 0
25 2 1
26 2 1
27 3 0
28 3 0
29 1 1
30 1 1
##=========================================
##[Voxel Mapper]Iteration 150 keyframe id, used times, remaining times:
0 5 1
1 5 1
2 5 1
3 5 1
4 5 1
6 5 1
8 5 1
9 5 1
10 5 1
11 5 1
12 5 1
13 5 1
14 5 1
15 5 1
16 5 1
17 5 1
18 5 1
19 5 1
20 5 1
21 5 1
22 5 1
23 5 1
24 4 1
25 4 1
26 4 1
27 5 0
28 4 1
29 3 1
30 3 1
31 4 0
32 2 1
33 2 1
34 2 1
35 3 0
##=========================================
##[Voxel Mapper]Iteration 200 keyframe id, used times, remaining times:
0 7 0
1 6 1
2 6 1
3 7 0
4 7 0
6 7 0
8 6 1
9 6 1
10 6 1
11 7 0
12 6 1
13 6 1
14 6 1
15 6 1
16 7 0
17 6 1
18 6 1
19 6 1
20 6 1
21 6 1
22 7 0
23 7 0
24 5 1
25 6 0
26 5 1
27 5 1
28 5 1
29 4 1
30 5 0
31 4 1
32 4 0
33 3 1
34 3 1
35 3 1
36 2 1
37 3 0
38 3 0
##=========================================
##[Voxel Mapper]Iteration 250 keyframe id, used times, remaining times:
0 7 1
1 8 0
2 8 0
3 7 1
4 7 1
6 7 1
8 7 1
9 7 1
10 8 0
11 8 0
12 8 0
13 7 1
14 7 1
15 7 1
16 7 1
17 8 0
18 7 1
19 7 1
20 8 0
21 7 1
22 8 0
23 7 1
24 7 0
25 6 1
26 6 1
27 6 1
28 7 0
29 5 1
30 5 1
31 5 1
32 5 0
33 5 0
34 5 0
35 5 0
36 3 1
37 4 0
38 3 1
39 2 1
40 3 0
41 2 1
42 3 0
43 1 1
##=========================================
##[Voxel Mapper]Iteration 300 keyframe id, used times, remaining times:
0 8 1
1 9 0
2 8 1
3 8 1
4 8 1
6 8 1
8 9 0
9 8 1
10 8 1
11 9 0
12 8 1
13 9 0
14 8 1
15 8 1
16 8 1
17 8 1
18 9 0
19 8 1
20 9 0
21 9 0
22 8 1
23 8 1
24 8 0
25 8 0
26 8 0
27 8 0
28 7 1
29 6 1
30 6 1
31 6 1
32 6 0
33 5 1
34 6 0
35 5 1
36 4 1
37 5 0
38 5 0
39 3 1
40 3 1
41 4 0
42 4 0
43 2 1
44 2 1
45 2 1
46 2 1
47 2 1
##=========================================
##[Voxel Mapper]Iteration 350 keyframe id, used times, remaining times:
0 9 1
1 9 1
2 9 1
3 9 1
4 9 1
6 9 1
8 9 1
9 9 1
10 9 1
11 9 1
12 9 1
13 9 1
14 9 1
15 9 1
16 9 1
17 9 1
18 9 1
19 9 1
20 9 1
21 9 1
22 10 0
23 9 1
24 9 0
25 8 1
26 8 1
27 8 1
28 9 0
29 7 1
30 7 1
31 7 1
32 6 1
33 6 1
34 6 1
35 6 1
36 5 1
37 5 1
38 6 0
39 4 1
40 4 1
41 4 1
42 4 1
43 3 1
44 3 1
45 3 1
46 3 1
47 3 1
48 2 1
49 2 1
50 2 1
51 2 1
52 2 1
53 2 1
54 3 0
55 2 1
##=========================================
##[Voxel Mapper]Iteration 400 keyframe id, used times, remaining times:
0 9 1
1 10 0
2 10 0
3 10 0
4 10 0
6 10 0
8 10 0
9 10 0
10 10 0
11 10 0
12 10 0
13 10 0
14 10 0
15 10 0
16 10 0
17 10 0
18 10 0
19 10 0
20 10 0
21 10 0
22 10 0
23 9 1
24 9 0
25 9 0
26 9 0
27 9 0
28 9 0
29 8 0
30 8 0
31 8 0
32 7 0
33 7 0
34 6 1
35 7 0
36 6 0
37 5 1
38 6 0
39 5 0
40 5 0
41 5 0
42 5 0
43 3 1
44 4 0
45 3 1
46 4 0
47 4 0
48 3 0
49 3 0
50 3 0
51 2 1
52 3 0
53 3 0
54 3 0
55 3 0
56 2 0
57 2 0
58 2 0
59 1 1
60 1 1
##=========================================
##[Voxel Mapper]Iteration 450 keyframe id, used times, remaining times:
0 10 1
1 11 0
2 11 0
3 11 0
4 10 1
6 10 1
8 11 0
9 10 1
10 10 1
11 10 1
12 11 0
13 10 1
14 11 0
15 10 1
16 11 0
17 11 0
18 11 0
19 10 1
20 11 0
21 10 1
22 10 1
23 10 1
24 10 0
25 10 0
26 10 0
27 9 1
28 9 1
29 8 1
30 9 0
31 9 0
32 8 0
33 8 0
34 8 0
35 7 1
36 6 1
37 6 1
38 7 0
39 5 1
40 5 1
41 6 0
42 6 0
43 5 0
44 5 0
45 5 0
46 5 0
47 4 1
48 4 0
49 3 1
50 3 1
51 3 1
52 4 0
53 3 1
54 3 1
55 4 0
56 3 0
57 3 0
58 2 1
59 3 0
60 3 0
61 2 1
62 3 0
63 3 0
64 1 1
##=========================================
##[Voxel Mapper]Iteration 500 keyframe id, used times, remaining times:
0 11 1
1 12 0
2 11 1
3 11 1
4 12 0
6 11 1
8 11 1
9 11 1
10 11 1
11 11 1
12 12 0
13 11 1
14 11 1
15 11 1
16 11 1
17 11 1
18 11 1
19 11 1
20 11 1
21 12 0
22 12 0
23 11 1
24 11 0
25 10 1
26 10 1
27 10 1
28 10 1
29 9 1
30 9 1
31 9 1
32 8 1
33 8 1
34 8 1
35 8 1
36 8 0
37 8 0
38 7 1
39 7 0
40 6 1
41 6 1
42 6 1
43 5 1
44 5 1
45 5 1
46 6 0
47 5 1
48 4 1
49 4 1
50 4 1
51 4 1
52 4 1
53 4 1
54 4 1
55 4 1
56 3 1
57 3 1
58 3 1
59 4 0
60 3 1
61 3 1
62 3 1
63 4 0
64 2 1
65 2 1
66 2 1
67 2 1
68 3 0
##=========================================
##[Voxel Mapper]Iteration 550 keyframe id, used times, remaining times:
0 12 0
1 12 0
2 11 1
3 12 0
4 12 0
6 11 1
8 12 0
9 12 0
10 11 1
11 12 0
12 12 0
13 12 0
14 12 0
15 11 1
16 12 0
17 12 0
18 12 0
19 11 1
20 12 0
21 12 0
22 12 0
23 12 0
24 11 0
25 11 0
26 11 0
27 10 1
28 10 1
29 10 0
30 10 0
31 10 0
32 9 0
33 9 0
34 9 0
35 9 0
36 8 0
37 8 0
38 8 0
39 7 0
40 7 0
41 7 0
42 7 0
43 6 0
44 6 0
45 6 0
46 6 0
47 6 0
48 5 0
49 5 0
50 5 0
51 5 0
52 4 1
53 5 0
54 5 0
55 5 0
56 4 0
57 4 0
58 4 0
59 4 0
60 4 0
61 4 0
62 4 0
63 4 0
64 3 0
65 3 0
66 3 0
67 3 0
68 3 0
69 2 0
70 1 1
72 1 1
##=========================================
##[Voxel Mapper]Iteration 600 keyframe id, used times, remaining times:
0 13 0
1 13 0
2 13 0
3 12 1
4 12 1
6 12 1
8 12 1
9 12 1
10 12 1
11 12 1
12 12 1
13 12 1
14 13 0
15 12 1
16 13 0
17 12 1
18 13 0
19 13 0
20 12 1
21 12 1
22 12 1
23 13 0
24 11 1
25 11 1
26 11 1
27 12 0
28 12 0
29 10 1
30 10 1
31 10 1
32 10 0
33 9 1
34 10 0
35 10 0
36 9 0
37 9 0
38 9 0
39 7 1
40 8 0
41 7 1
42 8 0
43 7 0
44 7 0
45 7 0
46 7 0
47 6 1
48 6 0
49 5 1
50 6 0
51 6 0
52 6 0
53 6 0
54 6 0
55 5 1
56 4 1
57 4 1
58 4 1
59 5 0
60 5 0
61 5 0
62 5 0
63 4 1
64 3 1
65 4 0
66 4 0
67 4 0
68 3 1
69 3 0
70 2 1
71 3 0
72 3 0
##=========================================
##[Voxel Mapper]Iteration 650 keyframe id, used times, remaining times:
0 13 1
1 13 1
2 13 1
3 13 1
4 13 1
6 13 1
8 13 1
9 14 0
10 13 1
11 13 1
12 13 1
13 13 1
14 13 1
15 13 1
16 14 0
17 13 1
18 13 1
19 13 1
20 13 1
21 13 1
22 13 1
23 13 1
24 12 1
25 12 1
26 12 1
27 12 1
28 12 1
29 11 1
30 11 1
31 11 1
32 10 1
33 10 1
34 10 1
35 10 1
36 9 1
37 9 1
38 9 1
39 8 1
40 8 1
41 8 1
42 8 1
43 7 1
44 7 1
45 7 1
46 7 1
47 7 1
48 6 1
49 6 1
50 6 1
51 6 1
52 6 1
53 6 1
54 6 1
55 6 1
56 5 1
57 5 1
58 5 1
59 5 1
60 5 1
61 5 1
62 5 1
63 5 1
64 4 1
65 4 1
66 4 1
67 4 1
68 4 1
69 3 1
70 3 1
71 3 1
72 3 1
73 2 1
74 2 1
75 3 0
76 2 1
77 3 0
78 3 0
##=========================================
##[Voxel Mapper]Iteration 700 keyframe id, used times, remaining times:
0 14 0
1 13 1
2 13 1
3 13 1
4 14 0
6 14 0
8 14 0
9 14 0
10 14 0
11 13 1
12 13 1
13 14 0
14 13 1
15 14 0
16 14 0
17 14 0
18 14 0
19 14 0
20 14 0
21 13 1
22 14 0
23 14 0
24 13 0
25 12 1
26 13 0
27 13 0
28 12 1
29 12 0
30 11 1
31 12 0
32 10 1
33 11 0
34 10 1
35 10 1
36 9 1
37 10 0
38 9 1
39 9 0
40 9 0
41 8 1
42 9 0
43 8 0
44 8 0
45 8 0
46 8 0
47 8 0
48 7 0
49 7 0
50 6 1
51 7 0
52 7 0
53 7 0
54 7 0
55 7 0
56 6 0
57 6 0
58 5 1
59 6 0
60 6 0
61 6 0
62 6 0
63 5 1
64 4 1
65 5 0
66 5 0
67 5 0
68 5 0
69 3 1
70 3 1
71 4 0
72 4 0
73 2 1
74 3 0
75 3 0
76 2 1
77 3 0
78 3 0
79 1 1
81 1 1
##=========================================
##[Voxel Mapper]Iteration 750 keyframe id, used times, remaining times:
0 14 1
1 14 1
2 14 1
3 14 1
4 14 1
6 14 1
8 14 1
9 14 1
10 15 0
11 14 1
12 14 1
13 14 1
14 14 1
15 14 1
16 14 1
17 15 0
18 14 1
19 14 1
20 14 1
21 14 1
22 14 1
23 15 0
24 13 1
25 13 1
26 13 1
27 13 1
28 14 0
29 12 1
30 12 1
31 12 1
32 12 0
33 12 0
34 12 0
35 11 1
36 11 0
37 10 1
38 10 1
39 9 1
40 9 1
41 9 1
42 9 1
43 8 1
44 8 1
45 8 1
46 8 1
47 8 1
48 7 1
49 7 1
50 7 1
51 7 1
52 8 0
53 7 1
54 7 1
55 8 0
56 6 1
57 7 0
58 6 1
59 7 0
60 7 0
61 6 1
62 6 1
63 6 1
64 5 1
65 6 0
66 5 1
67 5 1
68 5 1
69 4 1
70 5 0
71 5 0
72 4 1
73 4 0
74 3 1
75 3 1
76 3 1
77 3 1
78 3 1
79 3 0
80 2 1
81 2 1
82 2 1
83 2 1
##=========================================
##[Voxel Mapper]Iteration 800 keyframe id, used times, remaining times:
0 15 0
1 15 0
2 15 0
3 15 0
4 15 0
6 14 1
8 14 1
9 15 0
10 15 0
11 14 1
12 15 0
13 15 0
14 15 0
15 15 0
16 15 0
17 15 0
18 15 0
19 15 0
20 15 0
21 14 1
22 15 0
23 15 0
24 13 1
25 13 1
26 14 0
27 14 0
28 14 0
29 13 0
30 13 0
31 13 0
32 12 0
33 12 0
34 12 0
35 12 0
36 11 0
37 11 0
38 11 0
39 9 1
40 10 0
41 10 0
42 10 0
43 9 0
44 9 0
45 8 1
46 9 0
47 8 1
48 8 0
49 7 1
50 7 1
51 8 0
52 8 0
53 8 0
54 8 0
55 8 0
56 7 0
57 7 0
58 6 1
59 7 0
60 7 0
61 6 1
62 7 0
63 7 0
64 5 1
65 6 0
66 5 1
67 6 0
68 5 1
69 4 1
70 5 0
71 5 0
72 5 0
73 4 0
74 4 0
75 3 1
76 4 0
77 4 0
78 4 0
79 3 0
80 3 0
81 3 0
82 2 1
83 3 0
84 1 1
85 1 1
86 1 1
87 1 1
89 1 1
##=========================================
##[Voxel Mapper]Iteration 850 keyframe id, used times, remaining times:
0 15 1
1 15 1
2 15 1
3 16 0
4 16 0
6 15 1
8 15 1
9 15 1
10 15 1
11 15 1
12 15 1
13 15 1
14 15 1
15 15 1
16 15 1
17 15 1
18 15 1
19 15 1
20 16 0
21 16 0
22 16 0
23 15 1
24 15 0
25 14 1
26 14 1
27 14 1
28 15 0
29 13 1
30 13 1
31 13 1
32 12 1
33 13 0
34 12 1
35 12 1
36 11 1
37 11 1
38 11 1
39 11 0
40 10 1
41 10 1
42 10 1
43 9 1
44 9 1
45 10 0
46 10 0
47 9 1
48 8 1
49 8 1
50 8 1
51 8 1
52 8 1
53 8 1
54 9 0
55 8 1
56 7 1
57 7 1
58 7 1
59 7 1
60 8 0
61 8 0
62 7 1
63 7 1
64 7 0
65 6 1
66 6 1
67 6 1
68 6 1
69 5 1
70 5 1
71 5 1
72 5 1
73 5 0
74 4 1
75 4 1
76 4 1
77 4 1
78 4 1
79 3 1
80 3 1
81 3 1
82 3 1
83 3 1
84 2 1
85 2 1
86 2 1
87 2 1
88 2 1
89 3 0
90 2 1
91 2 1
92 3 0
##=========================================
##[Voxel Mapper]Iteration 900 keyframe id, used times, remaining times:
0 16 0
1 15 1
2 16 0
3 16 0
4 16 0
6 16 0
8 16 0
9 16 0
10 15 1
11 15 1
12 16 0
13 16 0
14 15 1
15 15 1
16 15 1
17 16 0
18 16 0
19 15 1
20 16 0
21 16 0
22 16 0
23 16 0
24 15 0
25 15 0
26 15 0
27 15 0
28 15 0
29 13 1
30 13 1
31 14 0
32 13 0
33 13 0
34 13 0
35 12 1
36 12 0
37 12 0
38 12 0
39 11 0
40 11 0
41 11 0
42 10 1
43 10 0
44 10 0
45 10 0
46 10 0
47 10 0
48 8 1
49 9 0
50 9 0
51 9 0
52 9 0
53 9 0
54 9 0
55 8 1
56 7 1
57 8 0
58 8 0
59 7 1
60 8 0
61 8 0
62 8 0
63 7 1
64 7 0
65 7 0
66 6 1
67 7 0
68 6 1
69 5 1
70 5 1
71 6 0
72 6 0
73 5 0
74 5 0
75 5 0
76 4 1
77 5 0
78 5 0
79 4 0
80 3 1
81 4 0
82 4 0
83 4 0
84 2 1
85 2 1
86 3 0
87 2 1
88 3 0
89 3 0
90 3 0
91 3 0
92 3 0
93 1 1
94 1 1
##=========================================
##[Voxel Mapper]Iteration 950 keyframe id, used times, remaining times:
0 16 1
1 16 1
2 16 1
3 16 1
4 17 0
6 16 1
8 16 1
9 16 1
10 16 1
11 17 0
12 16 1
13 16 1
14 17 0
15 17 0
16 16 1
17 16 1
18 16 1
19 16 1
20 17 0
21 16 1
22 17 0
23 16 1
24 15 1
25 15 1
26 15 1
27 16 0
28 16 0
29 14 1
30 14 1
31 14 1
32 14 0
33 14 0
34 13 1
35 13 1
36 12 1
37 12 1
38 12 1
39 11 1
40 11 1
41 11 1
42 12 0
43 10 1
44 10 1
45 10 1
46 11 0
47 10 1
48 10 0
49 9 1
50 10 0
51 10 0
52 9 1
53 9 1
54 9 1
55 10 0
56 8 1
57 8 1
58 8 1
59 9 0
60 9 0
61 9 0
62 8 1
63 9 0
64 7 1
65 8 0
66 7 1
67 7 1
68 7 1
69 6 1
70 6 1
71 6 1
72 6 1
73 5 1
74 5 1
75 5 1
76 5 1
77 5 1
78 5 1
79 4 1
80 5 0
81 4 1
82 4 1
83 4 1
84 3 1
85 3 1
86 3 1
87 3 1
88 3 1
89 3 1
90 3 1
91 3 1
92 3 1
93 2 1
94 3 0
##=========================================
##[Voxel Mapper]Iteration 50 keyframe id, used times, remaining times:
0 2 1
1 2 1
2 2 1
3 2 1
4 2 1
6 3 0
7 2 1
10 3 0
11 2 1
12 2 1
13 2 1
14 2 1
15 3 0
16 3 0
17 3 0
18 2 1
19 3 0
20 2 1
21 3 0
22 2 1
23 3 0
##=========================================
##[Voxel Mapper]Iteration 100 keyframe id, used times, remaining times:
0 4 1
1 4 1
2 4 1
3 4 1
4 4 1
6 4 1
7 4 1
10 4 1
11 4 1
12 4 1
13 4 1
14 4 1
15 4 1
16 4 1
17 4 1
18 4 1
19 4 1
20 4 1
21 4 1
22 4 1
23 4 1
24 3 1
25 3 1
26 3 1
27 2 1
28 2 1
29 3 0
##=========================================
##[Voxel Mapper]Iteration 150 keyframe id, used times, remaining times:
0 5 1
1 6 0
2 6 0
3 6 0
4 5 1
6 6 0
7 5 1
10 6 0
11 5 1
12 5 1
13 6 0
14 5 1
15 5 1
16 5 1
17 6 0
18 5 1
19 6 0
20 6 0
21 5 1
22 6 0
23 6 0
24 5 0
25 5 0
26 4 1
27 4 0
28 3 1
29 3 1
30 3 0
31 3 0
32 3 0
33 1 1
##=========================================
##[Voxel Mapper]Iteration 200 keyframe id, used times, remaining times:
0 7 0
1 7 0
2 6 1
3 7 0
4 7 0
6 7 0
7 7 0
10 7 0
11 7 0
12 7 0
13 7 0
14 7 0
15 6 1
16 7 0
17 6 1
18 7 0
19 7 0
20 7 0
21 7 0
22 7 0
23 7 0
24 5 1
25 6 0
26 6 0
27 5 0
28 5 0
29 5 0
30 3 1
31 4 0
32 4 0
33 3 0
34 3 0
35 3 0
36 3 0
37 1 1
##=========================================
##[Voxel Mapper]Iteration 250 keyframe id, used times, remaining times:
0 8 0
1 8 0
2 8 0
3 8 0
4 8 0
6 8 0
7 8 0
10 8 0
11 8 0
12 8 0
13 8 0
14 8 0
15 8 0
16 8 0
17 8 0
18 8 0
19 8 0
20 8 0
21 8 0
22 8 0
23 8 0
24 7 0
25 7 0
26 7 0
27 6 0
28 6 0
29 6 0
30 5 0
31 5 0
32 5 0
33 4 0
34 4 0
35 4 0
36 4 0
37 3 0
38 3 0
39 3 0
40 2 0
42 1 1
##=========================================
##[Voxel Mapper]Iteration 300 keyframe id, used times, remaining times:
0 9 0
1 9 0
2 9 0
3 9 0
4 9 0
6 9 0
7 9 0
10 9 0
11 9 0
12 9 0
13 9 0
14 9 0
15 9 0
16 9 0
17 9 0
18 9 0
19 9 0
20 9 0
21 9 0
22 9 0
23 9 0
24 8 0
25 8 0
26 8 0
27 7 0
28 7 0
29 7 0
30 6 0
31 6 0
32 6 0
33 5 0
34 5 0
35 5 0
36 5 0
37 3 1
38 4 0
39 4 0
40 3 0
41 3 0
42 3 0
43 3 0
44 2 0
45 1 1
46 1 1
47 1 1
##=========================================
##[Voxel Mapper]Iteration 350 keyframe id, used times, remaining times:
0 10 0
1 10 0
2 9 1
3 10 0
4 10 0
6 10 0
7 10 0
10 10 0
11 10 0
12 10 0
13 10 0
14 9 1
15 10 0
16 9 1
17 10 0
18 10 0
19 10 0
20 10 0
21 10 0
22 10 0
23 10 0
24 8 1
25 9 0
26 8 1
27 8 0
28 8 0
29 8 0
30 7 0
31 7 0
32 6 1
33 6 0
34 6 0
35 6 0
36 5 1
37 5 0
38 5 0
39 5 0
40 4 0
41 4 0
42 4 0
43 4 0
44 3 0
45 3 0
46 3 0
47 3 0
48 3 0
49 1 1
50 2 0
52 2 0
##=========================================
##[Voxel Mapper]Iteration 400 keyframe id, used times, remaining times:
0 11 0
1 10 1
2 10 1
3 11 0
4 10 1
6 10 1
7 11 0
10 10 1
11 10 1
12 10 1
13 11 0
14 11 0
15 10 1
16 11 0
17 10 1
18 11 0
19 10 1
20 11 0
21 10 1
22 11 0
23 10 1
24 10 0
25 9 1
26 10 0
27 9 0
28 9 0
29 9 0
30 8 0
31 8 0
32 8 0
33 7 0
34 6 1
35 7 0
36 6 1
37 5 1
38 6 0
39 5 1
40 5 0
41 5 0
42 5 0
43 4 1
44 4 0
45 3 1
46 4 0
47 4 0
48 4 0
49 2 1
50 3 0
51 3 0
52 3 0
53 2 1
54 2 1
55 3 0
57 1 1
58 1 1
59 1 1
##=========================================
##[Voxel Mapper]Iteration 450 keyframe id, used times, remaining times:
0 11 1
1 11 1
2 11 1
3 12 0
4 11 1
6 11 1
7 11 1
10 11 1
11 11 1
12 12 0
13 11 1
14 11 1
15 12 0
16 11 1
17 11 1
18 12 0
19 11 1
20 11 1
21 11 1
22 12 0
23 12 0
24 11 0
25 10 1
26 10 1
27 9 1
28 9 1
29 9 1
30 9 0
31 8 1
32 8 1
33 8 0
34 8 0
35 7 1
36 8 0
37 6 1
38 6 1
39 6 1
40 5 1
41 5 1
42 5 1
43 5 1
44 4 1
45 4 1
46 5 0
47 4 1
48 4 1
49 3 1
50 4 0
51 3 1
52 3 1
53 3 1
54 3 1
55 3 1
56 2 1
57 2 1
58 2 1
59 2 1
60 2 1
61 2 1
62 3 0
63 3 0
##=========================================
##[Voxel Mapper]Iteration 500 keyframe id, used times, remaining times:
0 11 1
1 12 0
2 12 0
3 12 0
4 12 0
6 12 0
7 12 0
10 12 0
11 12 0
12 12 0
13 12 0
14 12 0
15 12 0
16 12 0
17 12 0
18 12 0
19 12 0
20 12 0
21 11 1
22 12 0
23 12 0
24 11 0
25 11 0
26 11 0
27 10 0
28 10 0
29 10 0
30 9 0
31 9 0
32 9 0
33 8 0
34 8 0
35 8 0
36 8 0
37 7 0
38 7 0
39 7 0
40 6 0
41 6 0
42 6 0
43 6 0
44 5 0
45 5 0
46 5 0
47 5 0
48 5 0
49 4 0
50 4 0
51 3 1
52 4 0
53 4 0
54 4 0
55 4 0
56 3 0
57 3 0
58 2 1
59 3 0
60 3 0
61 3 0
62 3 0
63 3 0
64 1 1
65 2 0
66 1 1
67 2 0
68 1 1
69 1 1
##=========================================
##[Voxel Mapper]Iteration 550 keyframe id, used times, remaining times:
0 12 1
1 13 0
2 13 0
3 13 0
4 12 1
6 12 1
7 12 1
10 12 1
11 12 1
12 12 1
13 13 0
14 13 0
15 12 1
16 12 1
17 12 1
18 13 0
19 13 0
20 13 0
21 12 1
22 13 0
23 12 1
24 12 0
25 11 1
26 12 0
27 11 0
28 11 0
29 11 0
30 10 0
31 9 1
32 10 0
33 9 0
34 8 1
35 9 0
36 8 1
37 8 0
38 8 0
39 7 1
40 6 1
41 6 1
42 7 0
43 7 0
44 6 0
45 6 0
46 6 0
47 6 0
48 5 1
49 5 0
50 5 0
51 5 0
52 4 1
53 4 1
54 4 1
55 5 0
56 3 1
57 3 1
58 4 0
59 3 1
60 4 0
61 4 0
62 4 0
63 4 0
64 3 0
65 3 0
66 2 1
67 3 0
68 3 0
69 2 1
70 3 0
##=========================================
##[Voxel Mapper]Iteration 600 keyframe id, used times, remaining times:
0 13 1
1 13 1
2 14 0
3 13 1
4 14 0
6 13 1
7 13 1
10 13 1
11 13 1
12 13 1
13 13 1
14 13 1
15 13 1
16 13 1
17 13 1
18 14 0
19 13 1
20 13 1
21 13 1
22 13 1
23 13 1
24 12 1
25 12 1
26 12 1
27 11 1
28 11 1
29 11 1
30 10 1
31 11 0
32 10 1
33 9 1
34 9 1
35 10 0
36 9 1
37 8 1
38 9 0
39 8 1
40 8 0
41 7 1
42 7 1
43 7 1
44 6 1
45 6 1
46 7 0
47 6 1
48 6 1
49 6 0
50 5 1
51 5 1
52 5 1
53 5 1
54 5 1
55 6 0
56 4 1
57 5 0
58 4 1
59 4 1
60 5 0
61 4 1
62 4 1
63 4 1
64 3 1
65 3 1
66 3 1
67 3 1
68 3 1
69 3 1
70 4 0
71 2 1
72 2 1
73 2 1
74 3 0
##=========================================
##[Voxel Mapper]Iteration 650 keyframe id, used times, remaining times:
0 14 0
1 14 0
2 14 0
3 14 0
4 14 0
6 14 0
7 14 0
10 13 1
11 14 0
12 14 0
13 14 0
14 13 1
15 14 0
16 14 0
17 14 0
18 14 0
19 14 0
20 13 1
21 14 0
22 14 0
23 13 1
24 12 1
25 13 0
26 13 0
27 12 0
28 12 0
29 12 0
30 11 0
31 11 0
32 11 0
33 10 0
34 10 0
35 10 0
36 10 0
37 9 0
38 9 0
39 9 0
40 8 0
41 8 0
42 7 1
43 8 0
44 7 0
45 6 1
46 7 0
47 7 0
48 7 0
49 6 0
50 6 0
51 6 0
52 5 1
53 5 1
54 6 0
55 6 0
56 5 0
57 5 0
58 4 1
59 5 0
60 5 0
61 5 0
62 5 0
63 4 1
64 4 0
65 4 0
66 4 0
67 4 0
68 4 0
69 4 0
70 4 0
71 3 0
72 3 0
73 3 0
74 3 0
75 1 1
76 2 0
##=========================================
##[Voxel Mapper]Iteration 700 keyframe id, used times, remaining times:
0 14 1
1 14 1
2 15 0
3 15 0
4 15 0
6 14 1
7 15 0
10 14 1
11 14 1
12 15 0
13 15 0
14 14 1
15 15 0
16 15 0
17 15 0
18 14 1
19 14 1
20 14 1
21 14 1
22 14 1
23 14 1
24 13 1
25 13 1
26 14 0
27 13 0
28 12 1
29 12 1
30 11 1
31 11 1
32 11 1
33 10 1
34 11 0
35 10 1
36 10 1
37 10 0
38 9 1
39 10 0
40 8 1
41 9 0
42 9 0
43 9 0
44 7 1
45 7 1
46 7 1
47 8 0
48 8 0
49 7 0
50 7 0
51 7 0
52 6 1
53 6 1
54 6 1
55 7 0
56 6 0
57 5 1
58 6 0
59 6 0
60 5 1
61 6 0
62 5 1
63 5 1
64 5 0
65 5 0
66 4 1
67 5 0
68 5 0
69 4 1
70 4 1
71 3 1
72 3 1
73 3 1
74 3 1
75 3 0
76 2 1
77 3 0
78 2 1
80 1 1
##=========================================
##[Voxel Mapper]Iteration 750 keyframe id, used times, remaining times:
0 15 0
1 15 0
2 15 0
3 15 0
4 15 0
6 15 0
7 15 0
10 15 0
11 15 0
12 15 0
13 15 0
14 15 0
15 15 0
16 15 0
17 15 0
18 15 0
19 15 0
20 15 0
21 15 0
22 15 0
23 15 0
24 14 0
25 14 0
26 14 0
27 13 0
28 13 0
29 13 0
30 12 0
31 12 0
32 12 0
33 11 0
34 11 0
35 11 0
36 11 0
37 10 0
38 10 0
39 10 0
40 9 0
41 9 0
42 9 0
43 9 0
44 8 0
45 8 0
46 8 0
47 8 0
48 8 0
49 7 0
50 7 0
51 7 0
52 7 0
53 7 0
54 7 0
55 7 0
56 6 0
57 6 0
58 6 0
59 6 0
60 6 0
61 6 0
62 6 0
63 6 0
64 5 0
65 5 0
66 5 0
67 5 0
68 5 0
69 5 0
70 5 0
71 4 0
72 4 0
73 4 0
74 4 0
75 3 0
76 3 0
77 3 0
78 3 0
79 1 1
80 2 0
81 2 0
82 2 0
83 1 1
##=========================================
##[Voxel Mapper]Iteration 800 keyframe id, used times, remaining times:
0 16 0
1 16 0
2 16 0
3 15 1
4 15 1
6 16 0
7 16 0
10 15 1
11 16 0
12 16 0
13 16 0
14 15 1
15 15 1
16 15 1
17 16 0
18 15 1
19 16 0
20 16 0
21 16 0
22 16 0
23 15 1
24 15 0
25 14 1
26 15 0
27 14 0
28 14 0
29 13 1
30 12 1
31 13 0
32 13 0
33 12 0
34 12 0
35 11 1
36 11 1
37 10 1
38 10 1
39 10 1
40 10 0
41 10 0
42 9 1
43 10 0
44 9 0
45 8 1
46 9 0
47 9 0
48 9 0
49 8 0
50 7 1
51 8 0
52 7 1
53 7 1
54 7 1
55 7 1
56 6 1
57 6 1
58 7 0
59 7 0
60 7 0
61 7 0
62 7 0
63 7 0
64 6 0
65 6 0
66 5 1
67 6 0
68 6 0
69 6 0
70 6 0
71 5 0
72 5 0
73 4 1
74 5 0
75 3 1
76 3 1
77 3 1
78 3 1
79 3 0
80 3 0
81 2 1
82 3 0
83 2 1
##=========================================
##[Voxel Mapper]Iteration 850 keyframe id, used times, remaining times:
0 16 1
1 16 1
2 16 1
3 16 1
4 16 1
6 16 1
7 16 1
10 16 1
11 16 1
12 16 1
13 16 1
14 16 1
15 16 1
16 16 1
17 16 1
18 17 0
19 16 1
20 16 1
21 16 1
22 16 1
23 16 1
24 15 1
25 15 1
26 15 1
27 14 1
28 14 1
29 14 1
30 13 1
31 13 1
32 13 1
33 12 1
34 12 1
35 12 1
36 12 1
37 11 1
38 11 1
39 11 1
40 10 1
41 10 1
42 10 1
43 10 1
44 9 1
45 9 1
46 9 1
47 9 1
48 9 1
49 8 1
50 8 1
51 8 1
52 8 1
53 8 1
54 8 1
55 8 1
56 7 1
57 7 1
58 7 1
59 8 0
60 7 1
61 7 1
62 7 1
63 7 1
64 6 1
65 6 1
66 6 1
67 6 1
68 6 1
69 7 0
70 7 0
71 5 1
72 5 1
73 6 0
74 6 0
75 4 1
76 4 1
77 4 1
78 4 1
79 3 1
80 3 1
81 3 1
82 3 1
83 3 1
84 2 1
85 2 1
86 2 1
87 2 1
88 3 0
##=========================================
##[Voxel Mapper]Iteration 900 keyframe id, used times, remaining times:
0 16 1
1 16 1
2 16 1
3 17 0
4 16 1
6 17 0
7 17 0
10 17 0
11 17 0
12 17 0
13 16 1
14 16 1
15 17 0
16 17 0
17 17 0
18 17 0
19 17 0
20 17 0
21 17 0
22 16 1
23 17 0
24 16 0
25 16 0
26 16 0
27 14 1
28 15 0
29 14 1
30 13 1
31 13 1
32 14 0
33 13 0
34 12 1
35 13 0
36 12 1
37 12 0
38 11 1
39 12 0
40 10 1
41 11 0
42 10 1
43 11 0
44 10 0
45 9 1
46 10 0
47 9 1
48 10 0
49 8 1
50 8 1
51 9 0
52 8 1
53 9 0
54 9 0
55 9 0
56 8 0
57 8 0
58 7 1
59 8 0
60 7 1
61 7 1
62 7 1
63 8 0
64 7 0
65 7 0
66 6 1
67 7 0
68 7 0
69 7 0
70 7 0
71 6 0
72 6 0
73 6 0
74 6 0
75 5 0
76 4 1
77 5 0
78 5 0
79 3 1
80 4 0
81 4 0
82 4 0
83 4 0
84 3 0
85 2 1
86 3 0
87 2 1
88 3 0
89 1 1
##=========================================
##[Voxel Mapper]Iteration 950 keyframe id, used times, remaining times:
0 17 1
1 17 1
2 17 1
3 17 1
4 17 1
6 17 1
7 17 1
10 17 1
11 17 1
12 17 1
13 17 1
14 17 1
15 17 1
16 17 1
17 17 1
18 17 1
19 17 1
20 17 1
21 17 1
22 17 1
23 17 1
24 16 1
25 16 1
26 16 1
27 15 1
28 15 1
29 15 1
30 14 1
31 14 1
32 15 0
33 14 0
34 13 1
35 13 1
36 13 1
37 12 1
38 12 1
39 12 1
40 11 1
41 11 1
42 11 1
43 11 1
44 10 1
45 10 1
46 10 1
47 10 1
48 11 0
49 9 1
50 9 1
51 9 1
52 9 1
53 9 1
54 9 1
55 9 1
56 8 1
57 8 1
58 8 1
59 8 1
60 8 1
61 8 1
62 8 1
63 8 1
64 7 1
65 7 1
66 7 1
67 7 1
68 7 1
69 7 1
70 7 1
71 6 1
72 6 1
73 6 1
74 6 1
75 5 1
76 5 1
77 5 1
78 5 1
79 4 1
80 5 0
81 4 1
82 4 1
83 5 0
84 4 0
85 3 1
86 3 1
87 3 1
88 3 1
89 2 1
90 2 1
91 2 1
92 2 1
93 2 1
94 2 1
95 3 0
##=========================================
##[Voxel Mapper]Iteration 1000 keyframe id, used times, remaining times:
0 17 1
1 18 0
2 17 1
3 17 1
4 17 1
6 17 1
7 18 0
10 17 1
11 18 0
12 17 1
13 18 0
14 17 1
15 18 0
16 17 1
17 18 0
18 18 0
19 17 1
20 18 0
21 18 0
22 17 1
23 18 0
24 16 1
25 16 1
26 17 0
27 16 0
28 16 0
29 15 1
30 14 1
31 15 0
32 15 0
33 14 0
34 14 0
35 14 0
36 14 0
37 12 1
38 12 1
39 13 0
40 12 0
41 11 1
42 12 0
43 12 0
44 10 1
45 10 1
46 11 0
47 11 0
48 11 0
49 9 1
50 10 0
51 10 0
52 10 0
53 10 0
54 9 1
55 10 0
56 8 1
57 8 1
58 9 0
59 8 1
60 8 1
61 9 0
62 8 1
63 9 0
64 8 0
65 7 1
66 8 0
67 8 0
68 8 0
69 7 1
70 8 0
71 7 0
72 7 0
73 6 1
74 7 0
75 6 0
76 5 1
77 5 1
78 6 0
79 5 0
80 5 0
81 4 1
82 4 1
83 5 0
84 4 0
85 3 1
86 3 1
87 4 0
88 4 0
89 3 0
90 3 0
91 3 0
92 2 1
93 3 0
94 2 1
95 3 0
97 1 1
98 1 1
##=========================================
##[Voxel Mapper]Iteration 1050 keyframe id, used times, remaining times:
0 18 1
1 18 1
2 18 1
3 18 1
4 18 1
6 18 1
7 18 1
10 18 1
11 18 1
12 18 1
13 18 1
14 18 1
15 18 1
16 18 1
17 18 1
18 18 1
19 18 1
20 18 1
21 18 1
22 18 1
23 18 1
24 17 1
25 17 1
26 17 1
27 16 1
28 16 1
29 16 1
30 15 1
31 15 1
32 15 1
33 14 1
34 14 1
35 14 1
36 14 1
37 13 1
38 13 1
39 13 1
40 12 1
41 12 1
42 12 1
43 12 1
44 11 1
45 12 0
46 11 1
47 11 1
48 11 1
49 10 1
50 10 1
51 10 1
52 10 1
53 10 1
54 10 1
55 10 1
56 9 1
57 9 1
58 9 1
59 9 1
60 9 1
61 9 1
62 9 1
63 9 1
64 8 1
65 8 1
66 8 1
67 9 0
68 8 1
69 8 1
70 8 1
71 7 1
72 7 1
73 7 1
74 7 1
75 6 1
76 6 1
77 6 1
78 6 1
79 5 1
80 5 1
81 5 1
82 5 1
83 5 1
84 4 1
85 4 1
86 4 1
87 4 1
88 4 1
89 3 1
90 3 1
91 3 1
92 3 1
93 3 1
94 3 1
95 3 1
96 3 0
97 2 1
98 3 0
99 2 1
100 2 1
##=========================================
##[Voxel Mapper]Iteration 1100 keyframe id, used times, remaining times:
0 18 1
1 18 1
2 19 0
3 19 0
4 19 0
6 18 1
7 19 0
10 18 1
11 18 1
12 18 1
13 19 0
14 19 0
15 19 0
16 19 0
17 18 1
18 18 1
19 18 1
20 19 0
21 18 1
22 18 1
23 18 1
24 18 0
25 17 1
26 18 0
27 17 0
28 16 1
29 17 0
30 15 1
31 16 0
32 16 0
33 15 0
34 14 1
35 15 0
36 14 1
37 14 0
38 13 1
39 13 1
40 12 1
41 12 1
42 13 0
43 12 1
44 12 0
45 12 0
46 12 0
47 11 1
48 12 0
49 11 0
50 10 1
51 11 0
52 10 1
53 10 1
54 11 0
55 11 0
56 10 0
57 10 0
58 9 1
59 10 0
60 10 0
61 10 0
62 10 0
63 9 1
64 8 1
65 9 0
66 8 1
67 9 0
68 9 0
69 8 1
70 8 1
71 8 0
72 8 0
73 8 0
74 8 0
75 6 1
76 7 0
77 7 0
78 7 0
79 6 0
80 6 0
81 5 1
82 6 0
83 5 1
84 4 1
85 4 1
86 4 1
87 5 0
88 4 1
89 4 0
90 4 0
91 4 0
92 4 0
93 3 1
94 4 0
95 3 1
96 3 0
97 2 1
98 3 0
99 2 1
100 2 1
##=========================================
##[Voxel Mapper]Iteration 1150 keyframe id, used times, remaining times:
0 19 1
1 19 1
2 19 1
3 19 1
4 19 1
6 19 1
7 19 1
10 19 1
11 19 1
12 19 1
13 19 1
14 19 1
15 19 1
16 19 1
17 19 1
18 19 1
19 19 1
20 19 1
21 20 0
22 19 1
23 19 1
24 18 1
25 18 1
26 18 1
27 17 1
28 17 1
29 17 1
30 16 1
31 16 1
32 16 1
33 15 1
34 15 1
35 15 1
36 15 1
37 14 1
38 14 1
39 14 1
40 13 1
41 13 1
42 13 1
43 13 1
44 12 1
45 13 0
46 12 1
47 12 1
48 12 1
49 11 1
50 11 1
51 11 1
52 11 1
53 11 1
54 11 1
55 11 1
56 10 1
57 10 1
58 10 1
59 11 0
60 10 1
61 10 1
62 10 1
63 10 1
64 9 1
65 9 1
66 9 1
67 10 0
68 9 1
69 9 1
70 9 1
71 8 1
72 8 1
73 8 1
74 8 1
75 7 1
76 7 1
77 7 1
78 7 1
79 6 1
80 6 1
81 6 1
82 6 1
83 6 1
84 5 1
85 5 1
86 5 1
87 5 1
88 5 1
89 4 1
90 4 1
91 4 1
92 4 1
93 4 1
94 4 1
95 4 1
96 4 0
97 3 1
98 4 0
99 3 1
100 3 1
##=========================================
##[Voxel Mapper]Iteration 50 keyframe id, used times, remaining times:
0 2 1
1 2 1
2 3 0
3 2 1
4 3 0
6 2 1
7 2 1
8 3 0
9 3 0
10 3 0
11 2 1
12 3 0
13 2 1
14 2 1
15 3 0
16 2 1
17 2 1
18 2 1
19 2 1
20 2 1
21 3 0
##=========================================
##[Voxel Mapper]Iteration 100 keyframe id, used times, remaining times:
0 4 0
1 4 0
2 4 0
3 4 0
4 4 0
6 4 0
7 4 0
8 4 0
9 4 0
10 4 0
11 4 0
12 4 0
13 4 0
14 4 0
15 4 0
16 4 0
17 4 0
18 4 0
19 4 0
20 4 0
21 4 0
22 3 0
23 3 0
24 3 0
25 2 0
26 2 0
27 2 0
28 1 1
##=========================================
##[Voxel Mapper]Iteration 150 keyframe id, used times, remaining times:
0 6 0
1 5 1
2 6 0
3 6 0
4 5 1
6 5 1
7 5 1
8 6 0
9 5 1
10 5 1
11 5 1
12 5 1
13 5 1
14 5 1
15 5 1
16 6 0
17 6 0
18 6 0
19 5 1
20 6 0
21 6 0
22 5 0
23 4 1
24 4 1
25 4 0
26 3 1
27 3 1
28 3 1
29 2 1
30 2 1
31 2 1
32 3 0
33 1 1
##=========================================
##[Voxel Mapper]Iteration 200 keyframe id, used times, remaining times:
0 7 0
1 7 0
2 7 0
3 7 0
4 7 0
6 7 0
7 7 0
8 7 0
9 7 0
10 6 1
11 6 1
12 7 0
13 7 0
14 7 0
15 7 0
16 7 0
17 6 1
18 6 1
19 6 1
20 7 0
21 7 0
22 6 0
23 5 1
24 6 0
25 4 1
26 4 1
27 4 1
28 4 1
29 4 0
30 3 1
31 4 0
32 3 1
33 2 1
34 2 1
35 3 0
36 3 0
38 1 1
##=========================================
##[Voxel Mapper]Iteration 250 keyframe id, used times, remaining times:
0 8 0
1 8 0
2 8 0
3 8 0
4 8 0
6 7 1
7 8 0
8 7 1
9 7 1
10 8 0
11 8 0
12 7 1
13 8 0
14 8 0
15 8 0
16 7 1
17 7 1
18 8 0
19 8 0
20 8 0
21 8 0
22 6 1
23 7 0
24 7 0
25 6 0
26 6 0
27 6 0
28 5 1
29 5 0
30 5 0
31 5 0
32 4 1
33 4 0
34 3 1
35 4 0
36 4 0
37 3 0
38 3 0
39 3 0
40 2 0
##=========================================
##[Voxel Mapper]Iteration 300 keyframe id, used times, remaining times:
0 8 1
1 9 0
2 9 0
3 8 1
4 9 0
6 9 0
7 9 0
8 9 0
9 8 1
10 9 0
11 8 1
12 9 0
13 8 1
14 9 0
15 9 0
16 9 0
17 8 1
18 8 1
19 9 0
20 9 0
21 9 0
22 8 0
23 8 0
24 8 0
25 6 1
26 7 0
27 7 0
28 6 1
29 6 0
30 6 0
31 6 0
32 5 1
33 4 1
34 5 0
35 5 0
36 4 1
37 3 1
38 4 0
39 3 1
40 3 0
41 3 0
42 2 1
43 2 1
44 3 0
45 2 0
46 1 1
47 1 1
##=========================================
##[Voxel Mapper]Iteration 350 keyframe id, used times, remaining times:
0 9 1
1 9 1
2 10 0
3 10 0
4 9 1
6 10 0
7 9 1
8 9 1
9 9 1
10 9 1
11 9 1
12 10 0
13 9 1
14 10 0
15 10 0
16 9 1
17 9 1
18 9 1
19 10 0
20 9 1
21 9 1
22 9 0
23 9 0
24 8 1
25 7 1
26 8 0
27 7 1
28 8 0
29 7 0
30 6 1
31 7 0
32 7 0
33 6 0
34 6 0
35 6 0
36 5 1
37 5 0
38 4 1
39 5 0
40 3 1
41 3 1
42 3 1
43 3 1
44 4 0
45 2 1
46 2 1
47 2 1
48 2 1
49 2 1
50 3 0
51 2 1
52 2 1
54 1 1
##=========================================
##[Voxel Mapper]Iteration 400 keyframe id, used times, remaining times:
0 10 1
1 10 1
2 10 1
3 10 1
4 10 1
6 10 1
7 10 1
8 10 1
9 10 1
10 10 1
11 10 1
12 10 1
13 10 1
14 10 1
15 10 1
16 10 1
17 10 1
18 10 1
19 10 1
20 10 1
21 10 1
22 9 1
23 9 1
24 9 1
25 8 1
26 8 1
27 8 1
28 8 1
29 7 1
30 8 0
31 7 1
32 7 1
33 6 1
34 6 1
35 6 1
36 6 1
37 5 1
38 5 1
39 5 1
40 4 1
41 4 1
42 5 0
43 4 1
44 4 1
45 3 1
46 3 1
47 3 1
48 3 1
49 3 1
50 3 1
51 3 1
52 3 1
53 2 1
54 2 1
55 2 1
56 2 1
57 2 1
58 2 1
59 2 1
60 2 1
61 2 1
##=========================================
##[Voxel Mapper]Iteration 450 keyframe id, used times, remaining times:
0 10 1
1 11 0
2 11 0
3 11 0
4 11 0
6 11 0
7 11 0
8 10 1
9 11 0
10 11 0
11 10 1
12 11 0
13 11 0
14 11 0
15 11 0
16 11 0
17 11 0
18 11 0
19 11 0
20 11 0
21 10 1
22 10 0
23 9 1
24 10 0
25 8 1
26 9 0
27 8 1
28 8 1
29 7 1
30 8 0
31 8 0
32 8 0
33 6 1
34 7 0
35 7 0
36 6 1
37 5 1
38 6 0
39 6 0
40 5 0
41 5 0
42 5 0
43 5 0
44 5 0
45 4 0
46 4 0
47 4 0
48 4 0
49 4 0
50 4 0
51 4 0
52 3 1
53 3 0
54 3 0
55 2 1
56 2 1
57 3 0
58 3 0
59 3 0
60 2 1
61 3 0
62 2 0
63 2 0
64 1 1
65 1 1
66 1 1
##=========================================
##[Voxel Mapper]Iteration 500 keyframe id, used times, remaining times:
0 11 1
1 12 0
2 12 0
3 11 1
4 12 0
6 11 1
7 11 1
8 12 0
9 11 1
10 12 0
11 12 0
12 11 1
13 12 0
14 12 0
15 11 1
16 11 1
17 11 1
18 11 1
19 11 1
20 12 0
21 12 0
22 11 0
23 10 1
24 10 1
25 10 0
26 9 1
27 9 1
28 9 1
29 9 0
30 9 0
31 8 1
32 8 1
33 8 0
34 7 1
35 7 1
36 7 1
37 6 1
38 6 1
39 6 1
40 5 1
41 6 0
42 5 1
43 5 1
44 6 0
45 5 0
46 5 0
47 5 0
48 5 0
49 4 1
50 4 1
51 4 1
52 4 1
53 4 0
54 4 0
55 3 1
56 3 1
57 3 1
58 4 0
59 3 1
60 3 1
61 3 1
62 3 0
63 2 1
64 2 1
65 3 0
66 2 1
67 2 1
68 3 0
##=========================================
##[Voxel Mapper]Iteration 550 keyframe id, used times, remaining times:
0 12 1
1 12 1
2 12 1
3 12 1
4 12 1
6 12 1
7 12 1
8 12 1
9 12 1
10 12 1
11 12 1
12 12 1
13 12 1
14 12 1
15 12 1
16 12 1
17 12 1
18 12 1
19 12 1
20 12 1
21 12 1
22 11 1
23 11 1
24 11 1
25 10 1
26 10 1
27 10 1
28 10 1
29 9 1
30 9 1
31 9 1
32 9 1
33 8 1
34 8 1
35 8 1
36 8 1
37 7 1
38 7 1
39 7 1
40 6 1
41 6 1
42 6 1
43 6 1
44 6 1
45 5 1
46 5 1
47 5 1
48 5 1
49 5 1
50 5 1
51 5 1
52 5 1
53 4 1
54 4 1
55 4 1
56 4 1
57 4 1
58 4 1
59 4 1
60 4 1
61 4 1
62 3 1
63 3 1
64 3 1
65 3 1
66 3 1
67 3 1
68 3 1
69 2 1
70 2 1
71 2 1
72 3 0
##=========================================
##[Voxel Mapper]Iteration 600 keyframe id, used times, remaining times:
0 13 0
1 12 1
2 13 0
3 13 0
4 12 1
6 13 0
7 12 1
8 13 0
9 13 0
10 13 0
11 12 1
12 12 1
13 12 1
14 13 0
15 13 0
16 13 0
17 12 1
18 13 0
19 13 0
20 13 0
21 13 0
22 12 0
23 12 0
24 11 1
25 11 0
26 10 1
27 11 0
28 11 0
29 9 1
30 10 0
31 10 0
32 10 0
33 9 0
34 9 0
35 9 0
36 8 1
37 7 1
38 7 1
39 8 0
40 7 0
41 7 0
42 7 0
43 7 0
44 7 0
45 6 0
46 5 1
47 6 0
48 6 0
49 5 1
50 6 0
51 6 0
52 5 1
53 4 1
54 4 1
55 5 0
56 4 1
57 5 0
58 5 0
59 5 0
60 4 1
61 5 0
62 4 0
63 4 0
64 4 0
65 4 0
66 3 1
67 4 0
68 3 1
69 2 1
70 3 0
71 3 0
72 3 0
74 2 0
##=========================================
##[Voxel Mapper]Iteration 650 keyframe id, used times, remaining times:
0 13 1
1 14 0
2 13 1
3 13 1
4 13 1
6 13 1
7 13 1
8 13 1
9 13 1
10 13 1
11 13 1
12 14 0
13 14 0
14 14 0
15 13 1
16 13 1
17 14 0
18 13 1
19 13 1
20 14 0
21 14 0
22 12 1
23 12 1
24 12 1
25 11 1
26 11 1
27 11 1
28 11 1
29 10 1
30 11 0
31 11 0
32 10 1
33 9 1
34 9 1
35 9 1
36 9 1
37 8 1
38 8 1
39 8 1
40 7 1
41 7 1
42 7 1
43 7 1
44 7 1
45 6 1
46 6 1
47 7 0
48 6 1
49 6 1
50 7 0
51 6 1
52 7 0
53 5 1
54 6 0
55 5 1
56 6 0
57 5 1
58 5 1
59 6 0
60 5 1
61 5 1
62 4 1
63 4 1
64 5 0
65 5 0
66 5 0
67 4 1
68 5 0
69 3 1
70 3 1
71 3 1
72 3 1
73 3 0
74 2 1
75 2 1
76 3 0
##=========================================
##[Voxel Mapper]Iteration 700 keyframe id, used times, remaining times:
0 14 0
1 14 0
2 14 0
3 14 0
4 14 0
6 13 1
7 14 0
8 13 1
9 14 0
10 14 0
11 14 0
12 14 0
13 14 0
14 14 0
15 14 0
16 14 0
17 14 0
18 14 0
19 14 0
20 14 0
21 14 0
22 13 0
23 13 0
24 13 0
25 12 0
26 11 1
27 12 0
28 12 0
29 10 1
30 11 0
31 11 0
32 11 0
33 9 1
34 10 0
35 10 0
36 10 0
37 9 0
38 9 0
39 8 1
40 8 0
41 8 0
42 8 0
43 8 0
44 8 0
45 7 0
46 7 0
47 7 0
48 7 0
49 7 0
50 7 0
51 7 0
52 7 0
53 6 0
54 6 0
55 6 0
56 6 0
57 6 0
58 6 0
59 6 0
60 6 0
61 5 1
62 5 0
63 5 0
64 5 0
65 5 0
66 5 0
67 5 0
68 5 0
69 3 1
70 4 0
71 4 0
72 4 0
73 3 0
74 3 0
75 2 1
76 3 0
77 1 1
78 2 0
79 1 1
##=========================================
##[Voxel Mapper]Iteration 750 keyframe id, used times, remaining times:
0 15 0
1 14 1
2 14 1
3 14 1
4 14 1
6 15 0
7 15 0
8 15 0
9 14 1
10 15 0
11 15 0
12 14 1
13 14 1
14 15 0
15 15 0
16 15 0
17 14 1
18 14 1
19 14 1
20 15 0
21 15 0
22 13 1
23 13 1
24 13 1
25 13 0
26 13 0
27 12 1
28 12 1
29 11 1
30 11 1
31 11 1
32 12 0
33 11 0
34 10 1
35 10 1
36 10 1
37 9 1
38 10 0
39 10 0
40 8 1
41 8 1
42 8 1
43 8 1
44 9 0
45 7 1
46 7 1
47 8 0
48 7 1
49 7 1
50 7 1
51 7 1
52 7 1
53 7 0
54 7 0
55 7 0
56 6 1
57 7 0
58 7 0
59 6 1
60 6 1
61 7 0
62 5 1
63 6 0
64 5 1
65 6 0
66 5 1
67 5 1
68 5 1
69 5 0
70 4 1
71 5 0
72 4 1
73 4 0
74 4 0
75 4 0
76 4 0
77 2 1
78 2 1
79 3 0
80 2 1
81 3 0
##=========================================
##[Voxel Mapper]Iteration 800 keyframe id, used times, remaining times:
0 15 0
1 15 0
2 15 0
3 15 0
4 15 0
6 15 0
7 15 0
8 15 0
9 15 0
10 15 0
11 15 0
12 15 0
13 15 0
14 15 0
15 15 0
16 15 0
17 15 0
18 15 0
19 14 1
20 15 0
21 15 0
22 14 0
23 14 0
24 14 0
25 13 0
26 13 0
27 13 0
28 12 1
29 12 0
30 12 0
31 12 0
32 12 0
33 11 0
34 11 0
35 10 1
36 11 0
37 10 0
38 10 0
39 10 0
40 9 0
41 9 0
42 9 0
43 9 0
44 9 0
45 8 0
46 8 0
47 8 0
48 8 0
49 7 1
50 8 0
51 8 0
52 8 0
53 7 0
54 7 0
55 7 0
56 7 0
57 7 0
58 7 0
59 7 0
60 7 0
61 7 0
62 6 0
63 6 0
64 6 0
65 6 0
66 6 0
67 6 0
68 6 0
69 5 0
70 5 0
71 5 0
72 5 0
73 4 0
74 4 0
75 4 0
76 4 0
77 3 0
78 3 0
79 3 0
80 3 0
81 3 0
82 1 1
83 1 1
84 2 0
85 2 0
86 1 1
87 1 1
##=========================================
##[Voxel Mapper]Iteration 850 keyframe id, used times, remaining times:
0 16 0
1 16 0
2 15 1
3 15 1
4 15 1
6 16 0
7 15 1
8 16 0
9 16 0
10 15 1
11 15 1
12 16 0
13 16 0
14 15 1
15 15 1
16 16 0
17 16 0
18 15 1
19 16 0
20 15 1
21 16 0
22 15 0
23 15 0
24 14 1
25 14 0
26 13 1
27 14 0
28 13 1
29 13 0
30 13 0
31 13 0
32 12 1
33 11 1
34 11 1
35 11 1
36 11 1
37 11 0
38 10 1
39 10 1
40 9 1
41 10 0
42 10 0
43 9 1
44 9 1
45 9 0
46 8 1
47 8 1
48 8 1
49 8 1
50 9 0
51 8 1
52 9 0
53 8 0
54 7 1
55 7 1
56 8 0
57 7 1
58 7 1
59 8 0
60 8 0
61 7 1
62 7 0
63 6 1
64 6 1
65 6 1
66 7 0
67 7 0
68 7 0
69 5 1
70 5 1
71 6 0
72 6 0
73 4 1
74 4 1
75 5 0
76 4 1
77 3 1
78 4 0
79 3 1
80 3 1
81 3 1
82 2 1
83 2 1
84 3 0
85 3 0
86 2 1
87 3 0
88 3 0
##=========================================
##[Voxel Mapper]Iteration 900 keyframe id, used times, remaining times:
0 16 0
1 16 0
2 16 0
3 16 0
4 16 0
6 16 0
7 16 0
8 16 0
9 16 0
10 16 0
11 16 0
12 16 0
13 16 0
14 16 0
15 16 0
16 16 0
17 16 0
18 16 0
19 16 0
20 16 0
21 16 0
22 15 0
23 15 0
24 15 0
25 14 0
26 14 0
27 14 0
28 14 0
29 13 0
30 13 0
31 13 0
32 13 0
33 12 0
34 11 1
35 12 0
36 12 0
37 11 0
38 11 0
39 11 0
40 10 0
41 10 0
42 10 0
43 10 0
44 9 1
45 9 0
46 9 0
47 9 0
48 9 0
49 9 0
50 9 0
51 9 0
52 9 0
53 8 0
54 8 0
55 8 0
56 8 0
57 8 0
58 8 0
59 8 0
60 8 0
61 8 0
62 7 0
63 7 0
64 7 0
65 7 0
66 7 0
67 7 0
68 7 0
69 5 1
70 6 0
71 6 0
72 6 0
73 5 0
74 5 0
75 5 0
76 5 0
77 4 0
78 4 0
79 4 0
80 4 0
81 4 0
82 3 0
83 3 0
84 3 0
85 3 0
86 3 0
87 3 0
88 3 0
89 2 0
90 2 0
91 1 1
##=========================================
##[Voxel Mapper]Iteration 950 keyframe id, used times, remaining times:
0 16 1
1 16 1
2 17 0
3 16 1
4 17 0
6 16 1
7 16 1
8 16 1
9 17 0
10 17 0
11 16 1
12 16 1
13 16 1
14 16 1
15 17 0
16 17 0
17 16 1
18 17 0
19 17 0
20 16 1
21 17 0
22 16 0
23 15 1
24 16 0
25 14 1
26 14 1
27 15 0
28 15 0
29 14 0
30 14 0
31 13 1
32 13 1
33 13 0
34 12 1
35 12 1
36 12 1
37 11 1
38 11 1
39 12 0
40 11 0
41 10 1
42 11 0
43 10 1
44 10 1
45 9 1
46 9 1
47 10 0
48 9 1
49 10 0
50 10 0
51 10 0
52 9 1
53 9 0
54 8 1
55 8 1
56 9 0
57 8 1
58 9 0
59 8 1
60 8 1
61 9 0
62 8 0
63 8 0
64 7 1
65 7 1
66 8 0
67 8 0
68 7 1
69 6 1
70 7 0
71 7 0
72 7 0
73 6 0
74 5 1
75 5 1
76 6 0
77 5 0
78 5 0
79 5 0
80 5 0
81 5 0
82 3 1
83 3 1
84 4 0
85 3 1
86 4 0
87 4 0
88 4 0
89 2 1
90 2 1
91 3 0
##=========================================
##[Voxel Mapper]Iteration 50 keyframe id, used times, remaining times:
0 2 1
1 3 0
2 2 1
3 2 1
4 2 1
6 2 1
8 2 1
9 3 0
10 2 1
11 3 0
12 2 1
13 2 1
14 2 1
15 2 1
16 3 0
17 3 0
18 2 1
19 3 0
20 2 1
21 2 1
22 2 1
23 2 1
##=========================================
##[Voxel Mapper]Iteration 100 keyframe id, used times, remaining times:
0 4 0
1 4 0
2 4 0
3 4 0
4 4 0
6 4 0
8 4 0
9 4 0
10 4 0
11 4 0
12 4 0
13 4 0
14 4 0
15 4 0
16 4 0
17 4 0
18 3 1
19 4 0
20 4 0
21 4 0
22 4 0
23 4 0
24 3 0
25 3 0
26 3 0
27 2 0
28 1 1
29 1 1
##=========================================
##[Voxel Mapper]Iteration 150 keyframe id, used times, remaining times:
0 5 1
1 5 1
2 5 1
3 5 1
4 5 1
6 5 1
8 5 1
9 5 1
10 5 1
11 5 1
12 5 1
13 6 0
14 5 1
15 5 1
16 5 1
17 6 0
18 6 0
19 5 1
20 5 1
21 6 0
22 5 1
23 6 0
24 4 1
25 5 0
26 4 1
27 3 1
28 4 0
29 3 1
30 4 0
31 3 0
32 2 1
33 3 0
##=========================================
##[Voxel Mapper]Iteration 200 keyframe id, used times, remaining times:
0 6 1
1 6 1
2 7 0
3 6 1
4 6 1
6 6 1
8 6 1
9 6 1
10 7 0
11 7 0
12 7 0
13 6 1
14 7 0
15 6 1
16 6 1
17 7 0
18 7 0
19 7 0
20 6 1
21 7 0
22 6 1
23 7 0
24 6 0
25 5 1
26 5 1
27 5 0
28 4 1
29 5 0
30 4 1
31 3 1
32 4 0
33 4 0
34 3 0
35 3 0
36 3 0
37 3 0
38 1 1
##=========================================
##[Voxel Mapper]Iteration 250 keyframe id, used times, remaining times:
0 8 0
1 7 1
2 8 0
3 8 0
4 8 0
6 8 0
8 8 0
9 8 0
10 7 1
11 7 1
12 7 1
13 8 0
14 7 1
15 8 0
16 8 0
17 7 1
18 8 0
19 7 1
20 8 0
21 8 0
22 8 0
23 7 1
24 7 0
25 7 0
26 7 0
27 5 1
28 5 1
29 6 0
30 6 0
31 5 0
32 4 1
33 5 0
34 4 0
35 3 1
36 3 1
37 3 1
38 2 1
39 2 1
40 3 0
41 3 0
42 2 0
##=========================================
##[Voxel Mapper]Iteration 300 keyframe id, used times, remaining times:
0 9 0
1 9 0
2 9 0
3 9 0
4 9 0
6 9 0
8 8 1
9 9 0
10 9 0
11 9 0
12 8 1
13 9 0
14 9 0
15 9 0
16 9 0
17 9 0
18 9 0
19 9 0
20 9 0
21 8 1
22 8 1
23 8 1
24 7 1
25 8 0
26 8 0
27 6 1
28 6 1
29 6 1
30 7 0
31 6 0
32 5 1
33 6 0
34 5 0
35 4 1
36 4 1
37 5 0
38 3 1
39 3 1
40 3 1
41 4 0
42 2 1
43 2 1
44 2 1
45 3 0
46 1 1
48 1 1
##=========================================
##[Voxel Mapper]Iteration 350 keyframe id, used times, remaining times:
0 10 0
1 10 0
2 10 0
3 9 1
4 10 0
6 9 1
8 10 0
9 9 1
10 9 1
11 9 1
12 9 1
13 9 1
14 10 0
15 10 0
16 9 1
17 9 1
18 9 1
19 10 0
20 9 1
21 10 0
22 9 1
23 9 1
24 8 1
25 9 0
26 8 1
27 7 1
28 7 1
29 7 1
30 7 1
31 7 0
32 7 0
33 6 1
34 5 1
35 6 0
36 6 0
37 5 1
38 5 0
39 5 0
40 4 1
41 4 1
42 4 0
43 3 1
44 4 0
45 3 1
46 3 0
47 3 0
48 2 1
49 2 1
50 3 0
51 3 0
##=========================================
##[Voxel Mapper]Iteration 400 keyframe id, used times, remaining times:
0 11 0
1 10 1
2 10 1
3 10 1
4 10 1
6 10 1
8 10 1
9 10 1
10 10 1
11 10 1
12 10 1
13 10 1
14 10 1
15 10 1
16 10 1
17 10 1
18 10 1
19 10 1
20 10 1
21 10 1
22 10 1
23 10 1
24 10 0
25 9 1
26 9 1
27 8 1
28 8 1
29 8 1
30 8 1
31 7 1
32 7 1
33 7 1
34 6 1
35 6 1
36 6 1
37 6 1
38 5 1
39 5 1
40 5 1
41 5 1
42 4 1
43 4 1
44 4 1
45 4 1
46 3 1
47 3 1
48 3 1
49 3 1
50 4 0
51 3 1
52 2 1
53 2 1
54 2 1
55 3 0
56 2 1
57 2 1
58 2 1
59 2 1
60 2 1
##=========================================
##[Voxel Mapper]Iteration 450 keyframe id, used times, remaining times:
0 11 0
1 11 0
2 11 0
3 11 0
4 11 0
6 11 0
8 11 0
9 10 1
10 11 0
11 11 0
12 11 0
13 11 0
14 11 0
15 11 0
16 11 0
17 11 0
18 11 0
19 11 0
20 11 0
21 11 0
22 11 0
23 11 0
24 10 0
25 10 0
26 10 0
27 9 0
28 9 0
29 8 1
30 9 0
31 8 0
32 8 0
33 8 0
34 7 0
35 7 0
36 7 0
37 7 0
38 5 1
39 6 0
40 6 0
41 6 0
42 5 0
43 5 0
44 5 0
45 5 0
46 4 0
47 3 1
48 4 0
49 3 1
50 4 0
51 3 1
52 2 1
53 3 0
54 3 0
55 3 0
56 3 0
57 3 0
58 3 0
59 3 0
60 2 1
61 2 0
62 1 1
##=========================================
##[Voxel Mapper]Iteration 500 keyframe id, used times, remaining times:
0 11 1
1 11 1
2 11 1
3 12 0
4 11 1
6 11 1
8 11 1
9 11 1
10 12 0
11 11 1
12 12 0
13 12 0
14 11 1
15 11 1
16 11 1
17 12 0
18 12 0
19 12 0
20 11 1
21 12 0
22 11 1
23 11 1
24 10 1
25 11 0
26 10 1
27 10 0
28 10 0
29 9 1
30 10 0
31 8 1
32 9 0
33 9 0
34 8 0
35 7 1
36 7 1
37 8 0
38 6 1
39 6 1
40 6 1
41 7 0
42 6 0
43 6 0
44 6 0
45 6 0
46 4 1
47 5 0
48 5 0
49 4 1
50 4 1
51 4 1
52 3 1
53 4 0
54 4 0
55 3 1
56 3 1
57 4 0
58 4 0
59 3 1
60 3 1
61 3 0
62 3 0
63 2 1
64 2 1
65 2 1
66 2 1
67 3 0
68 1 1
##=========================================
##[Voxel Mapper]Iteration 550 keyframe id, used times, remaining times:
0 12 1
1 12 1
2 12 1
3 12 1
4 12 1
6 12 1
8 12 1
9 12 1
10 12 1
11 12 1
12 12 1
13 12 1
14 12 1
15 12 1
16 12 1
17 12 1
18 12 1
19 12 1
20 12 1
21 12 1
22 12 1
23 12 1
24 11 1
25 11 1
26 12 0
27 10 1
28 10 1
29 10 1
30 10 1
31 9 1
32 9 1
33 9 1
34 8 1
35 8 1
36 8 1
37 8 1
38 7 1
39 7 1
40 7 1
41 7 1
42 6 1
43 6 1
44 6 1
45 6 1
46 5 1
47 5 1
48 5 1
49 5 1
50 5 1
51 5 1
52 4 1
53 4 1
54 4 1
55 4 1
56 4 1
57 4 1
58 4 1
59 4 1
60 4 1
61 3 1
62 4 0
63 3 1
64 3 1
65 3 1
66 3 1
67 3 1
68 2 1
69 2 1
70 2 1
71 2 1
72 3 0
73 2 1
##=========================================
##[Voxel Mapper]Iteration 600 keyframe id, used times, remaining times:
0 13 0
1 13 0
2 13 0
3 13 0
4 13 0
6 12 1
8 13 0
9 13 0
10 13 0
11 13 0
12 13 0
13 13 0
14 12 1
15 12 1
16 13 0
17 13 0
18 12 1
19 12 1
20 13 0
21 12 1
22 13 0
23 13 0
24 12 0
25 12 0
26 12 0
27 11 0
28 11 0
29 11 0
30 11 0
31 9 1
32 10 0
33 9 1
34 9 0
35 9 0
36 8 1
37 9 0
38 8 0
39 8 0
40 7 1
41 8 0
42 7 0
43 7 0
44 7 0
45 6 1
46 6 0
47 6 0
48 6 0
49 6 0
50 6 0
51 6 0
52 4 1
53 4 1
54 5 0
55 4 1
56 5 0
57 4 1
58 5 0
59 5 0
60 4 1
61 3 1
62 4 0
63 4 0
64 4 0
65 3 1
66 3 1
67 4 0
68 3 0
69 3 0
70 3 0
71 2 1
72 3 0
73 3 0
75 1 1
##=========================================
##[Voxel Mapper]Iteration 650 keyframe id, used times, remaining times:
0 13 1
1 13 1
2 14 0
3 13 1
4 14 0
6 13 1
8 13 1
9 13 1
10 13 1
11 13 1
12 14 0
13 14 0
14 13 1
15 14 0
16 13 1
17 13 1
18 13 1
19 14 0
20 13 1
21 14 0
22 13 1
23 14 0
24 13 0
25 12 1
26 12 1
27 12 0
28 11 1
29 11 1
30 12 0
31 10 1
32 10 1
33 10 1
34 9 1
35 10 0
36 9 1
37 9 1
38 9 0
39 8 1
40 9 0
41 8 1
42 8 0
43 7 1
44 7 1
45 7 1
46 7 0
47 6 1
48 6 1
49 6 1
50 6 1
51 7 0
52 5 1
53 6 0
54 5 1
55 6 0
56 5 1
57 5 1
58 5 1
59 5 1
60 5 1
61 4 1
62 4 1
63 4 1
64 5 0
65 4 1
66 4 1
67 5 0
68 3 1
69 3 1
70 3 1
71 3 1
72 3 1
73 3 1
74 3 0
75 2 1
76 2 1
77 3 0
##=========================================
##[Voxel Mapper]Iteration 700 keyframe id, used times, remaining times:
0 14 0
1 14 0
2 14 0
3 14 0
4 14 0
6 14 0
8 14 0
9 14 0
10 14 0
11 14 0
12 14 0
13 14 0
14 14 0
15 14 0
16 13 1
17 14 0
18 14 0
19 14 0
20 14 0
21 14 0
22 13 1
23 14 0
24 13 0
25 13 0
26 12 1
27 12 0
28 12 0
29 12 0
30 12 0
31 11 0
32 11 0
33 11 0
34 9 1
35 10 0
36 10 0
37 10 0
38 9 0
39 9 0
40 9 0
41 9 0
42 8 0
43 8 0
44 8 0
45 8 0
46 7 0
47 7 0
48 7 0
49 7 0
50 7 0
51 7 0
52 6 0
53 6 0
54 6 0
55 6 0
56 6 0
57 6 0
58 6 0
59 6 0
60 6 0
61 5 0
62 5 0
63 5 0
64 5 0
65 5 0
66 4 1
67 5 0
68 4 0
69 3 1
70 4 0
71 4 0
72 4 0
73 4 0
74 3 0
75 3 0
76 3 0
77 3 0
79 1 1
80 1 1
81 1 1
##=========================================
##[Voxel Mapper]Iteration 750 keyframe id, used times, remaining times:
0 15 0
1 15 0
2 14 1
3 15 0
4 15 0
6 14 1
8 15 0
9 15 0
10 14 1
11 15 0
12 14 1
13 15 0
14 15 0
15 15 0
16 14 1
17 15 0
18 14 1
19 14 1
20 14 1
21 14 1
22 14 1
23 14 1
24 14 0
25 13 1
26 14 0
27 13 0
28 12 1
29 13 0
30 12 1
31 11 1
32 12 0
33 12 0
34 10 1
35 11 0
36 11 0
37 11 0
38 9 1
39 9 1
40 9 1
41 9 1
42 8 1
43 9 0
44 8 1
45 9 0
46 7 1
47 8 0
48 8 0
49 7 1
50 7 1
51 7 1
52 6 1
53 7 0
54 7 0
55 7 0
56 7 0
57 6 1
58 7 0
59 6 1
60 6 1
61 6 0
62 5 1
63 5 1
64 5 1
65 5 1
66 6 0
67 5 1
68 4 1
69 4 1
70 4 1
71 4 1
72 5 0
73 5 0
74 4 0
75 3 1
76 3 1
77 4 0
78 3 0
79 3 0
80 2 1
81 2 1
82 1 1
83 1 1
##=========================================
##[Voxel Mapper]Iteration 800 keyframe id, used times, remaining times:
0 15 0
1 15 0
2 15 0
3 15 0
4 15 0
6 15 0
8 15 0
9 15 0
10 15 0
11 15 0
12 15 0
13 15 0
14 15 0
15 15 0
16 15 0
17 15 0
18 15 0
19 15 0
20 15 0
21 15 0
22 15 0
23 15 0
24 14 0
25 14 0
26 14 0
27 13 0
28 13 0
29 13 0
30 13 0
31 12 0
32 12 0
33 12 0
34 11 0
35 11 0
36 11 0
37 11 0
38 10 0
39 10 0
40 10 0
41 10 0
42 9 0
43 9 0
44 9 0
45 9 0
46 8 0
47 8 0
48 8 0
49 8 0
50 8 0
51 8 0
52 7 0
53 7 0
54 7 0
55 7 0
56 7 0
57 7 0
58 7 0
59 7 0
60 7 0
61 6 0
62 6 0
63 6 0
64 6 0
65 6 0
66 6 0
67 6 0
68 5 0
69 5 0
70 5 0
71 5 0
72 5 0
73 5 0
74 4 0
75 4 0
76 4 0
77 4 0
78 3 0
79 3 0
80 3 0
81 3 0
82 2 0
83 2 0
84 2 0
85 2 0
86 1 1
##=========================================
##[Voxel Mapper]Iteration 850 keyframe id, used times, remaining times:
0 15 1
1 16 0
2 15 1
3 16 0
4 16 0
6 15 1
8 15 1
9 16 0
10 16 0
11 16 0
12 15 1
13 15 1
14 16 0
15 15 1
16 15 1
17 15 1
18 16 0
19 15 1
20 16 0
21 16 0
22 16 0
23 16 0
24 15 0
25 15 0
26 15 0
27 13 1
28 14 0
29 13 1
30 14 0
31 13 0
32 13 0
33 13 0
34 12 0
35 11 1
36 11 1
37 11 1
38 10 1
39 10 1
40 11 0
41 10 1
42 10 0
43 9 1
44 10 0
45 10 0
46 8 1
47 9 0
48 9 0
49 9 0
50 9 0
51 8 1
52 7 1
53 8 0
54 8 0
55 8 0
56 8 0
57 8 0
58 7 1
59 8 0
60 8 0
61 7 0
62 7 0
63 6 1
64 6 1
65 7 0
66 6 1
67 6 1
68 6 0
69 6 0
70 6 0
71 5 1
72 5 1
73 6 0
74 5 0
75 5 0
76 5 0
77 5 0
78 3 1
79 3 1
80 3 1
81 3 1
82 2 1
83 2 1
84 3 0
85 2 1
86 3 0
##=========================================
##[Voxel Mapper]Iteration 900 keyframe id, used times, remaining times:
0 16 0
1 16 0
2 16 0
3 16 0
4 16 0
6 16 0
8 16 0
9 16 0
10 16 0
11 16 0
12 16 0
13 16 0
14 16 0
15 16 0
16 16 0
17 16 0
18 16 0
19 16 0
20 16 0
21 16 0
22 16 0
23 16 0
24 15 0
25 15 0
26 15 0
27 14 0
28 14 0
29 14 0
30 14 0
31 13 0
32 13 0
33 13 0
34 12 0
35 12 0
36 12 0
37 12 0
38 11 0
39 11 0
40 11 0
41 11 0
42 10 0
43 10 0
44 10 0
45 10 0
46 9 0
47 9 0
48 9 0
49 9 0
50 9 0
51 9 0
52 8 0
53 8 0
54 8 0
55 8 0
56 8 0
57 8 0
58 8 0
59 8 0
60 8 0
61 7 0
62 7 0
63 7 0
64 7 0
65 7 0
66 7 0
67 7 0
68 6 0
69 6 0
70 6 0
71 6 0
72 6 0
73 6 0
74 5 0
75 5 0
76 5 0
77 5 0
78 4 0
79 4 0
80 4 0
81 4 0
82 3 0
83 3 0
84 3 0
85 3 0
86 3 0
87 2 0
88 2 0
89 2 0
90 2 0
91 2 0
92 2 0
93 2 0
##=========================================
##[Voxel Mapper]Iteration 950 keyframe id, used times, remaining times:
0 17 0
1 17 0
2 16 1
3 16 1
4 16 1
6 17 0
8 17 0
9 17 0
10 16 1
11 17 0
12 16 1
13 17 0
14 16 1
15 17 0
16 17 0
17 16 1
18 17 0
19 16 1
20 17 0
21 16 1
22 17 0
23 16 1
24 16 0
25 16 0
26 16 0
27 15 0
28 15 0
29 15 0
30 15 0
31 14 0
32 13 1
33 14 0
34 13 0
35 13 0
36 12 1
37 13 0
38 12 0
39 11 1
40 12 0
41 12 0
42 10 1
43 10 1
44 11 0
45 10 1
46 9 1
47 9 1
48 9 1
49 10 0
50 10 0
51 10 0
52 9 0
53 9 0
54 8 1
55 9 0
56 9 0
57 8 1
58 9 0
59 8 1
60 8 1
61 8 0
62 7 1
63 7 1
64 7 1
65 8 0
66 8 0
67 7 1
68 7 0
69 6 1
70 6 1
71 7 0
72 7 0
73 6 1
74 6 0
75 5 1
76 5 1
77 6 0
78 5 0
79 4 1
80 4 1
81 4 1
82 4 0
83 3 1
84 3 1
85 3 1
86 3 1
87 2 1
88 3 0
89 2 1
90 2 1
91 2 1
92 3 0
93 3 0
95 1 1
##=========================================
##[Voxel Mapper]Iteration 1000 keyframe id, used times, remaining times:
0 17 0
1 17 0
2 17 0
3 17 0
4 17 0
6 17 0
8 17 0
9 17 0
10 17 0
11 17 0
12 17 0
13 17 0
14 17 0
15 17 0
16 17 0
17 17 0
18 17 0
19 17 0
20 17 0
21 17 0
22 17 0
23 17 0
24 16 0
25 16 0
26 16 0
27 15 0
28 15 0
29 15 0
30 15 0
31 14 0
32 14 0
33 14 0
34 13 0
35 13 0
36 13 0
37 13 0
38 12 0
39 12 0
40 12 0
41 12 0
42 11 0
43 11 0
44 11 0
45 11 0
46 10 0
47 10 0
48 10 0
49 10 0
50 10 0
51 10 0
52 9 0
53 9 0
54 9 0
55 9 0
56 9 0
57 9 0
58 9 0
59 9 0
60 9 0
61 8 0
62 8 0
63 8 0
64 8 0
65 8 0
66 8 0
67 8 0
68 7 0
69 7 0
70 7 0
71 7 0
72 7 0
73 7 0
74 6 0
75 6 0
76 6 0
77 6 0
78 5 0
79 5 0
80 5 0
81 5 0
82 4 0
83 4 0
84 4 0
85 4 0
86 4 0
87 3 0
88 3 0
89 3 0
90 3 0
91 3 0
92 3 0
93 3 0
94 1 1
95 2 0
96 2 0
97 1 1
98 2 0
##=========================================
##[Voxel Mapper]Iteration 1050 keyframe id, used times, remaining times:
0 18 0
1 17 1
2 18 0
3 17 1
4 18 0
6 17 1
8 17 1
9 18 0
10 17 1
11 17 1
12 18 0
13 17 1
14 17 1
15 18 0
16 18 0
17 17 1
18 18 0
19 17 1
20 18 0
21 17 1
22 17 1
23 17 1
24 16 1
25 17 0
26 16 1
27 16 0
28 16 0
29 16 0
30 16 0
31 14 1
32 14 1
33 14 1
34 14 0
35 14 0
36 13 1
37 14 0
38 12 1
39 12 1
40 12 1
41 12 1
42 11 1
43 12 0
44 12 0
45 12 0
46 10 1
47 11 0
48 10 1
49 11 0
50 11 0
51 11 0
52 10 0
53 10 0
54 9 1
55 10 0
56 10 0
57 10 0
58 10 0
59 9 1
60 9 1
61 8 1
62 9 0
63 9 0
64 8 1
65 8 1
66 9 0
67 8 1
68 7 1
69 7 1
70 7 1
71 8 0
72 8 0
73 7 1
74 6 1
75 6 1
76 6 1
77 7 0
78 5 1
79 6 0
80 5 1
81 6 0
82 4 1
83 4 1
84 5 0
85 4 1
86 4 1
87 4 0
88 4 0
89 3 1
90 4 0
91 3 1
92 4 0
93 3 1
94 2 1
95 2 1
96 3 0
97 3 0
98 2 1
99 3 0
##=========================================
##[Voxel Mapper]Iteration 50 keyframe id, used times, remaining times:
0 2 1
1 2 1
2 2 1
3 2 1
4 2 1
5 3 0
7 2 1
8 2 1
9 2 1
10 3 0
11 2 1
12 3 0
13 2 1
14 2 1
15 3 0
16 2 1
17 2 1
18 2 1
19 3 0
20 2 1
21 3 0
22 2 1
##=========================================
##[Voxel Mapper]Iteration 100 keyframe id, used times, remaining times:
0 4 0
1 4 0
2 4 0
3 4 0
4 4 0
5 4 0
7 4 0
8 4 0
9 4 0
10 4 0
11 4 0
12 4 0
13 4 0
14 4 0
15 4 0
16 4 0
17 4 0
18 4 0
19 4 0
20 4 0
21 4 0
22 3 1
23 3 0
24 3 0
25 3 0
26 2 0
28 1 1
29 1 1
##=========================================
##[Voxel Mapper]Iteration 150 keyframe id, used times, remaining times:
0 6 0
1 5 1
2 5 1
3 5 1
4 5 1
5 5 1
7 6 0
8 5 1
9 5 1
10 5 1
11 6 0
12 5 1
13 5 1
14 5 1
15 6 0
16 5 1
17 5 1
18 5 1
19 5 1
20 5 1
21 5 1
22 5 1
23 4 1
24 4 1
25 5 0
26 3 1
27 3 1
28 3 1
29 3 1
30 3 1
31 2 1
32 2 1
33 2 1
34 2 1
##=========================================
##[Voxel Mapper]Iteration 200 keyframe id, used times, remaining times:
0 6 1
1 6 1
2 7 0
3 6 1
4 6 1
5 6 1
7 6 1
8 7 0
9 6 1
10 7 0
11 6 1
12 6 1
13 6 1
14 6 1
15 6 1
16 7 0
17 6 1
18 6 1
19 6 1
20 7 0
21 7 0
22 6 1
23 5 1
24 5 1
25 5 1
26 4 1
27 4 1
28 4 1
29 4 1
30 4 1
31 4 0
32 4 0
33 3 1
34 3 1
35 2 1
36 3 0
37 3 0
38 2 1
39 3 0
##=========================================
##[Voxel Mapper]Iteration 250 keyframe id, used times, remaining times:
0 8 0
1 7 1
2 8 0
3 7 1
4 7 1
5 7 1
7 7 1
8 7 1
9 7 1
10 7 1
11 8 0
12 8 0
13 7 1
14 7 1
15 7 1
16 8 0
17 7 1
18 8 0
19 7 1
20 7 1
21 8 0
22 7 1
23 7 0
24 6 1
25 6 1
26 5 1
27 6 0
28 5 1
29 5 1
30 5 1
31 4 1
32 4 1
33 5 0
34 4 1
35 3 1
36 3 1
37 4 0
38 4 0
39 3 1
40 3 0
41 2 1
42 3 0
43 2 1
##=========================================
##[Voxel Mapper]Iteration 300 keyframe id, used times, remaining times:
0 8 1
1 8 1
2 8 1
3 8 1
4 8 1
5 8 1
7 8 1
8 8 1
9 8 1
10 8 1
11 8 1
12 8 1
13 8 1
14 8 1
15 8 1
16 8 1
17 8 1
18 8 1
19 8 1
20 8 1
21 8 1
22 8 1
23 7 1
24 7 1
25 7 1
26 6 1
27 6 1
28 6 1
29 6 1
30 6 1
31 5 1
32 5 1
33 5 1
34 5 1
35 4 1
36 4 1
37 4 1
38 5 0
39 4 1
40 3 1
41 3 1
42 3 1
43 3 1
44 2 1
45 3 0
46 3 0
47 2 1
48 2 1
49 2 1
50 2 1
51 2 1
52 2 1
##=========================================
##[Voxel Mapper]Iteration 350 keyframe id, used times, remaining times:
0 9 0
1 9 0
2 9 0
3 9 0
4 9 0
5 9 0
7 9 0
8 9 0
9 9 0
10 9 0
11 9 0
12 9 0
13 8 1
14 9 0
15 9 0
16 9 0
17 9 0
18 9 0
19 9 0
20 9 0
21 9 0
22 9 0
23 8 0
24 8 0
25 7 1
26 7 0
27 6 1
28 7 0
29 7 0
30 7 0
31 6 0
32 6 0
33 6 0
34 6 0
35 5 0
36 5 0
37 5 0
38 5 0
39 5 0
40 4 0
41 4 0
42 4 0
43 4 0
44 2 1
45 3 0
46 3 0
47 3 0
48 3 0
49 3 0
50 3 0
51 2 1
52 3 0
53 2 0
54 1 1
55 1 1
58 1 1
59 1 1
##=========================================
##[Voxel Mapper]Iteration 400 keyframe id, used times, remaining times:
0 10 0
1 10 0
2 9 1
3 9 1
4 10 0
5 9 1
7 9 1
8 9 1
9 9 1
10 10 0
11 10 0
12 9 1
13 10 0
14 9 1
15 10 0
16 9 1
17 9 1
18 9 1
19 9 1
20 9 1
21 10 0
22 9 1
23 8 1
24 8 1
25 9 0
26 7 1
27 8 0
28 8 0
29 7 1
30 8 0
31 7 0
32 6 1
33 6 1
34 6 1
35 6 0
36 6 0
37 6 0
38 6 0
39 5 1
40 5 0
41 4 1
42 5 0
43 5 0
44 4 0
45 4 0
46 4 0
47 3 1
48 3 1
49 3 1
50 4 0
51 4 0
52 3 1
53 3 0
54 2 1
55 2 1
56 3 0
57 2 1
58 3 0
59 2 1
60 2 1
61 2 1
62 3 0
63 2 0
##=========================================
##[Voxel Mapper]Iteration 450 keyframe id, used times, remaining times:
0 10 1
1 10 1
2 11 0
3 10 1
4 10 1
5 10 1
7 10 1
8 10 1
9 10 1
10 10 1
11 10 1
12 10 1
13 10 1
14 10 1
15 10 1
16 10 1
17 10 1
18 10 1
19 10 1
20 10 1
21 10 1
22 10 1
23 9 1
24 9 1
25 9 1
26 8 1
27 8 1
28 8 1
29 9 0
30 8 1
31 7 1
32 7 1
33 7 1
34 7 1
35 6 1
36 6 1
37 6 1
38 6 1
39 6 1
40 5 1
41 5 1
42 5 1
43 5 1
44 4 1
45 4 1
46 4 1
47 4 1
48 4 1
49 4 1
50 4 1
51 4 1
52 4 1
53 3 1
54 3 1
55 3 1
56 3 1
57 3 1
58 3 1
59 3 1
60 3 1
61 3 1
62 3 1
63 2 1
64 2 1
65 2 1
66 2 1
67 2 1
68 2 1
69 3 0
70 2 1
##=========================================
##[Voxel Mapper]Iteration 500 keyframe id, used times, remaining times:
0 10 1
1 11 0
2 11 0
3 11 0
4 11 0
5 11 0
7 11 0
8 11 0
9 11 0
10 11 0
11 11 0
12 10 1
13 11 0
14 11 0
15 10 1
16 10 1
17 11 0
18 11 0
19 11 0
20 11 0
21 11 0
22 10 1
23 10 0
24 10 0
25 9 1
26 9 0
27 9 0
28 9 0
29 9 0
30 9 0
31 8 0
32 8 0
33 7 1
34 8 0
35 6 1
36 7 0
37 7 0
38 7 0
39 7 0
40 6 0
41 5 1
42 5 1
43 6 0
44 4 1
45 5 0
46 5 0
47 4 1
48 5 0
49 5 0
50 5 0
51 5 0
52 5 0
53 3 1
54 3 1
55 4 0
56 3 1
57 3 1
58 3 1
59 4 0
60 4 0
61 4 0
62 3 1
63 3 0
64 2 1
65 3 0
66 3 0
67 3 0
68 3 0
69 3 0
70 3 0
71 1 1
73 1 1
##=========================================
##[Voxel Mapper]Iteration 550 keyframe id, used times, remaining times:
0 11 1
1 12 0
2 11 1
3 12 0
4 11 1
5 12 0
7 11 1
8 11 1
9 11 1
10 11 1
11 12 0
12 11 1
13 11 1
14 11 1
15 11 1
16 11 1
17 12 0
18 11 1
19 11 1
20 12 0
21 11 1
22 12 0
23 10 1
24 10 1
25 11 0
26 10 0
27 9 1
28 10 0
29 9 1
30 10 0
31 8 1
32 8 1
33 8 1
34 8 1
35 7 1
36 8 0
37 8 0
38 7 1
39 7 1
40 6 1
41 6 1
42 6 1
43 6 1
44 6 0
45 5 1
46 5 1
47 5 1
48 6 0
49 5 1
50 5 1
51 5 1
52 6 0
53 5 0
54 4 1
55 4 1
56 4 1
57 4 1
58 5 0
59 4 1
60 4 1
61 4 1
62 4 1
63 3 1
64 4 0
65 3 1
66 4 0
67 3 1
68 3 1
69 4 0
70 4 0
71 2 1
72 2 1
73 2 1
74 3 0
75 2 1
##=========================================
##[Voxel Mapper]Iteration 600 keyframe id, used times, remaining times:
0 12 0
1 12 0
2 12 0
3 12 0
4 12 0
5 12 0
7 12 0
8 12 0
9 12 0
10 11 1
11 12 0
12 11 1
13 11 1
14 12 0
15 12 0
16 12 0
17 12 0
18 12 0
19 12 0
20 12 0
21 12 0
22 12 0
23 10 1
24 11 0
25 11 0
26 10 0
27 9 1
28 10 0
29 10 0
30 10 0
31 9 0
32 9 0
33 9 0
34 9 0
35 8 0
36 8 0
37 8 0
38 8 0
39 8 0
40 7 0
41 7 0
42 7 0
43 7 0
44 6 0
45 6 0
46 6 0
47 6 0
48 6 0
49 6 0
50 6 0
51 6 0
52 6 0
53 5 0
54 4 1
55 5 0
56 5 0
57 4 1
58 5 0
59 5 0
60 5 0
61 5 0
62 5 0
63 4 0
64 4 0
65 4 0
66 4 0
67 4 0
68 4 0
69 4 0
70 4 0
71 3 0
72 2 1
73 3 0
74 3 0
75 3 0
76 1 1
77 2 0
78 2 0
79 1 1
##=========================================
##[Voxel Mapper]Iteration 650 keyframe id, used times, remaining times:
0 12 1
1 13 0
2 12 1
3 12 1
4 13 0
5 12 1
7 12 1
8 13 0
9 13 0
10 12 1
11 12 1
12 13 0
13 12 1
14 13 0
15 13 0
16 12 1
17 13 0
18 13 0
19 12 1
20 13 0
21 13 0
22 13 0
23 12 0
24 11 1
25 11 1
26 10 1
27 10 1
28 10 1
29 10 1
30 10 1
31 10 0
32 9 1
33 9 1
34 10 0
35 8 1
36 8 1
37 8 1
38 8 1
39 8 1
40 7 1
41 8 0
42 8 0
43 8 0
44 7 0
45 6 1
46 7 0
47 7 0
48 7 0
49 6 1
50 6 1
51 6 1
52 7 0
53 5 1
54 6 0
55 5 1
56 6 0
57 6 0
58 5 1
59 6 0
60 5 1
61 5 1
62 5 1
63 4 1
64 5 0
65 4 1
66 5 0
67 4 1
68 5 0
69 4 1
70 4 1
71 4 0
72 3 1
73 4 0
74 3 1
75 4 0
76 2 1
77 2 1
78 2 1
79 2 1
80 3 0
81 3 0
83 1 1
##=========================================
##[Voxel Mapper]Iteration 700 keyframe id, used times, remaining times:
0 13 0
1 13 0
2 13 0
3 13 0
4 13 0
5 13 0
7 13 0
8 13 0
9 13 0
10 13 0
11 13 0
12 13 0
13 13 0
14 13 0
15 13 0
16 13 0
17 13 0
18 13 0
19 13 0
20 13 0
21 13 0
22 13 0
23 12 0
24 12 0
25 12 0
26 11 0
27 11 0
28 11 0
29 11 0
30 11 0
31 10 0
32 10 0
33 10 0
34 10 0
35 9 0
36 9 0
37 9 0
38 9 0
39 9 0
40 8 0
41 8 0
42 8 0
43 8 0
44 7 0
45 7 0
46 7 0
47 7 0
48 7 0
49 7 0
50 7 0
51 7 0
52 7 0
53 6 0
54 6 0
55 6 0
56 6 0
57 6 0
58 6 0
59 6 0
60 6 0
61 6 0
62 6 0
63 5 0
64 5 0
65 5 0
66 5 0
67 5 0
68 5 0
69 5 0
70 5 0
71 4 0
72 4 0
73 4 0
74 4 0
75 4 0
76 3 0
77 3 0
78 3 0
79 2 1
80 3 0
81 3 0
82 2 0
83 2 0
84 1 1
86 1 1
##=========================================
##[Voxel Mapper]Iteration 750 keyframe id, used times, remaining times:
0 14 0
1 13 1
2 14 0
3 14 0
4 13 1
5 14 0
7 13 1
8 13 1
9 13 1
10 13 1
11 14 0
12 13 1
13 14 0
14 13 1
15 13 1
16 13 1
17 14 0
18 13 1
19 14 0
20 13 1
21 13 1
22 14 0
23 13 0
24 13 0
25 12 1
26 12 0
27 12 0
28 12 0
29 11 1
30 12 0
31 10 1
32 10 1
33 10 1
34 10 1
35 10 0
36 10 0
37 10 0
38 9 1
39 9 1
40 9 0
41 8 1
42 9 0
43 9 0
44 7 1
45 8 0
46 7 1
47 7 1
48 7 1
49 8 0
50 7 1
51 7 1
52 7 1
53 7 0
54 7 0
55 6 1
56 7 0
57 7 0
58 7 0
59 6 1
60 6 1
61 6 1
62 7 0
63 5 1
64 6 0
65 5 1
66 5 1
67 6 0
68 5 1
69 6 0
70 5 1
71 4 1
72 4 1
73 5 0
74 5 0
75 5 0
76 4 0
77 4 0
78 3 1
79 3 1
80 4 0
81 4 0
82 2 1
83 2 1
84 3 0
85 2 1
86 3 0
87 3 0
90 1 1
##=========================================
##[Voxel Mapper]Iteration 800 keyframe id, used times, remaining times:
0 14 0
1 14 0
2 14 0
3 14 0
4 14 0
5 14 0
7 14 0
8 14 0
9 14 0
10 14 0
11 14 0
12 14 0
13 14 0
14 14 0
15 14 0
16 14 0
17 14 0
18 14 0
19 14 0
20 14 0
21 14 0
22 14 0
23 13 0
24 13 0
25 13 0
26 12 0
27 12 0
28 12 0
29 12 0
30 12 0
31 11 0
32 11 0
33 11 0
34 11 0
35 10 0
36 10 0
37 10 0
38 10 0
39 10 0
40 9 0
41 9 0
42 9 0
43 9 0
44 8 0
45 8 0
46 8 0
47 8 0
48 8 0
49 8 0
50 8 0
51 8 0
52 8 0
53 7 0
54 7 0
55 7 0
56 7 0
57 7 0
58 7 0
59 7 0
60 7 0
61 7 0
62 7 0
63 6 0
64 6 0
65 6 0
66 5 1
67 6 0
68 6 0
69 6 0
70 6 0
71 5 0
72 5 0
73 5 0
74 5 0
75 5 0
76 4 0
77 4 0
78 3 1
79 4 0
80 4 0
81 4 0
82 3 0
83 3 0
84 3 0
85 3 0
86 3 0
87 3 0
88 2 0
89 1 1
90 1 1
91 1 1
92 1 1
93 1 1
94 1 1
##=========================================
##[Voxel Mapper]Iteration 850 keyframe id, used times, remaining times:
0 14 1
1 15 0
2 15 0
3 14 1
4 14 1
5 14 1
7 14 1
8 15 0
9 14 1
10 15 0
11 14 1
12 14 1
13 14 1
14 14 1
15 14 1
16 14 1
17 14 1
18 14 1
19 14 1
20 15 0
21 14 1
22 15 0
23 14 0
24 14 0
25 13 1
26 12 1
27 13 0
28 13 0
29 13 0
30 12 1
31 12 0
32 11 1
33 11 1
34 12 0
35 11 0
36 10 1
37 10 1
38 10 1
39 11 0
40 10 0
41 9 1
42 10 0
43 10 0
44 8 1
45 8 1
46 9 0
47 8 1
48 8 1
49 8 1
50 8 1
51 8 1
52 9 0
53 7 1
54 8 0
55 7 1
56 7 1
57 7 1
58 8 0
59 7 1
60 7 1
61 8 0
62 7 1
63 7 0
64 6 1
65 7 0
66 7 0
67 7 0
68 6 1
69 6 1
70 7 0
71 6 0
72 6 0
73 5 1
74 5 1
75 5 1
76 5 0
77 5 0
78 5 0
79 5 0
80 4 1
81 4 1
82 4 0
83 4 0
84 3 1
85 3 1
86 4 0
87 4 0
88 3 0
89 3 0
90 3 0
91 2 1
92 2 1
93 2 1
94 3 0
##=========================================
##[Voxel Mapper]Iteration 50 keyframe id, used times, remaining times:
0 3 0
1 3 0
2 2 1
3 2 1
4 3 0
5 2 1
7 2 1
8 2 1
9 3 0
10 3 0
11 2 1
12 3 0
13 2 1
14 2 1
15 2 1
16 2 1
17 2 1
18 2 1
19 2 1
20 2 1
21 2 1
22 2 1
##=========================================
##[Voxel Mapper]Iteration 100 keyframe id, used times, remaining times:
0 4 0
1 4 0
2 3 1
3 4 0
4 4 0
5 4 0
7 3 1
8 4 0
9 4 0
10 4 0
11 4 0
12 4 0
13 4 0
14 4 0
15 4 0
16 3 1
17 4 0
18 4 0
19 4 0
20 4 0
21 4 0
22 4 0
23 3 0
24 3 0
25 3 0
26 3 0
27 2 0
28 1 1
##=========================================
##[Voxel Mapper]Iteration 150 keyframe id, used times, remaining times:
0 5 1
1 5 1
2 5 1
3 5 1
4 5 1
5 5 1
7 5 1
8 5 1
9 5 1
10 5 1
11 5 1
12 5 1
13 5 1
14 5 1
15 5 1
16 5 1
17 5 1
18 5 1
19 5 1
20 5 1
21 5 1
22 5 1
23 4 1
24 4 1
25 4 1
26 4 1
27 3 1
28 3 1
29 3 1
30 3 1
31 3 1
32 2 1
33 2 1
34 2 1
35 3 0
##=========================================
##[Voxel Mapper]Iteration 200 keyframe id, used times, remaining times:
0 6 1
1 6 1
2 6 1
3 6 1
4 6 1
5 6 1
7 6 1
8 6 1
9 6 1
10 7 0
11 7 0
12 7 0
13 6 1
14 6 1
15 6 1
16 6 1
17 6 1
18 6 1
19 7 0
20 6 1
21 7 0
22 6 1
23 5 1
24 5 1
25 5 1
26 5 1
27 4 1
28 5 0
29 4 1
30 4 1
31 4 1
32 3 1
33 3 1
34 3 1
35 4 0
36 2 1
37 2 1
38 2 1
39 3 0
##=========================================
##[Voxel Mapper]Iteration 250 keyframe id, used times, remaining times:
0 7 1
1 7 1
2 7 1
3 7 1
4 7 1
5 7 1
7 7 1
8 7 1
9 7 1
10 7 1
11 8 0
12 8 0
13 8 0
14 7 1
15 7 1
16 8 0
17 7 1
18 7 1
19 7 1
20 7 1
21 7 1
22 7 1
23 6 1
24 7 0
25 7 0
26 6 1
27 5 1
28 6 0
29 5 1
30 5 1
31 5 1
32 4 1
33 5 0
34 4 1
35 4 1
36 3 1
37 3 1
38 3 1
39 4 0
40 2 1
41 2 1
42 2 1
43 2 1
44 2 1
##=========================================
##[Voxel Mapper]Iteration 300 keyframe id, used times, remaining times:
0 8 1
1 9 0
2 8 1
3 8 1
4 8 1
5 8 1
7 8 1
8 8 1
9 8 1
10 8 1
11 8 1
12 8 1
13 8 1
14 8 1
15 8 1
16 8 1
17 8 1
18 8 1
19 8 1
20 8 1
21 8 1
22 8 1
23 7 1
24 7 1
25 7 1
26 7 1
27 6 1
28 6 1
29 6 1
30 6 1
31 6 1
32 5 1
33 5 1
34 5 1
35 5 1
36 4 1
37 4 1
38 4 1
39 4 1
40 3 1
41 3 1
42 3 1
43 3 1
44 3 1
45 3 0
46 2 1
47 2 1
48 2 1
49 2 1
50 3 0
##=========================================
##[Voxel Mapper]Iteration 350 keyframe id, used times, remaining times:
0 9 0
1 9 0
2 9 0
3 9 0
4 8 1
5 8 1
7 9 0
8 9 0
9 9 0
10 9 0
11 9 0
12 9 0
13 9 0
14 9 0
15 9 0
16 9 0
17 9 0
18 9 0
19 9 0
20 8 1
21 9 0
22 9 0
23 8 0
24 8 0
25 7 1
26 8 0
27 6 1
28 7 0
29 7 0
30 6 1
31 7 0
32 6 0
33 5 1
34 6 0
35 6 0
36 5 0
37 5 0
38 5 0
39 5 0
40 4 0
41 4 0
42 4 0
43 4 0
44 3 1
45 3 0
46 3 0
47 3 0
48 3 0
49 3 0
50 3 0
51 2 0
52 2 0
53 2 0
54 2 0
55 1 1
56 1 1
57 1 1
##=========================================
##[Voxel Mapper]Iteration 400 keyframe id, used times, remaining times:
0 9 1
1 10 0
2 10 0
3 10 0
4 9 1
5 10 0
7 9 1
8 10 0
9 10 0
10 9 1
11 10 0
12 9 1
13 10 0
14 10 0
15 10 0
16 10 0
17 10 0
18 10 0
19 9 1
20 10 0
21 9 1
22 10 0
23 8 1
24 9 0
25 9 0
26 9 0
27 8 0
28 7 1
29 7 1
30 7 1
31 8 0
32 7 0
33 7 0
34 6 1
35 7 0
36 6 0
37 5 1
38 5 1
39 5 1
40 4 1
41 4 1
42 5 0
43 5 0
44 5 0
45 4 0
46 4 0
47 4 0
48 3 1
49 4 0
50 3 1
51 2 1
52 2 1
53 2 1
54 3 0
55 2 1
56 2 1
57 3 0
58 2 1
59 3 0
64 1 1
##=========================================
##[Voxel Mapper]Iteration 450 keyframe id, used times, remaining times:
0 10 1
1 10 1
2 10 1
3 11 0
4 10 1
5 10 1
7 10 1
8 10 1
9 10 1
10 10 1
11 11 0
12 10 1
13 10 1
14 10 1
15 10 1
16 10 1
17 10 1
18 10 1
19 10 1
20 10 1
21 10 1
22 10 1
23 9 1
24 9 1
25 9 1
26 9 1
27 8 1
28 8 1
29 8 1
30 8 1
31 8 1
32 7 1
33 7 1
34 7 1
35 7 1
36 7 0
37 6 1
38 7 0
39 6 1
40 5 1
41 5 1
42 6 0
43 5 1
44 5 1
45 4 1
46 4 1
47 4 1
48 4 1
49 4 1
50 4 1
51 3 1
52 4 0
53 3 1
54 3 1
55 3 1
56 3 1
57 3 1
58 3 1
59 4 0
60 2 1
61 2 1
62 2 1
63 2 1
64 2 1
65 2 1
66 2 1
67 3 0
68 2 1
##=========================================
##[Voxel Mapper]Iteration 500 keyframe id, used times, remaining times:
0 10 1
1 11 0
2 11 0
3 11 0
4 11 0
5 11 0
7 11 0
8 10 1
9 11 0
10 10 1
11 11 0
12 11 0
13 11 0
14 11 0
15 11 0
16 10 1
17 11 0
18 11 0
19 10 1
20 11 0
21 11 0
22 11 0
23 10 0
24 10 0
25 9 1
26 10 0
27 8 1
28 9 0
29 9 0
30 9 0
31 9 0
32 8 0
33 8 0
34 8 0
35 8 0
36 7 0
37 7 0
38 7 0
39 7 0
40 5 1
41 6 0
42 6 0
43 6 0
44 6 0
45 5 0
46 5 0
47 5 0
48 5 0
49 5 0
50 5 0
51 4 0
52 4 0
53 4 0
54 4 0
55 4 0
56 3 1
57 4 0
58 4 0
59 4 0
60 2 1
61 2 1
62 3 0
63 3 0
64 3 0
65 2 1
66 3 0
67 3 0
68 2 1
69 1 1
70 1 1
71 1 1
##=========================================
##[Voxel Mapper]Iteration 550 keyframe id, used times, remaining times:
0 12 0
1 11 1
2 11 1
3 11 1
4 11 1
5 12 0
7 11 1
8 11 1
9 11 1
10 11 1
11 12 0
12 12 0
13 11 1
14 11 1
15 11 1
16 12 0
17 11 1
18 11 1
19 12 0
20 12 0
21 12 0
22 12 0
23 11 0
24 11 0
25 11 0
26 11 0
27 9 1
28 10 0
29 9 1
30 9 1
31 10 0
32 8 1
33 8 1
34 8 1
35 8 1
36 8 0
37 7 1
38 8 0
39 8 0
40 6 1
41 7 0
42 7 0
43 6 1
44 6 1
45 6 0
46 5 1
47 6 0
48 5 1
49 6 0
50 5 1
51 5 0
52 4 1
53 4 1
54 4 1
55 4 1
56 4 1
57 5 0
58 4 1
59 5 0
60 3 1
61 3 1
62 4 0
63 4 0
64 4 0
65 3 1
66 3 1
67 3 1
68 3 1
69 3 0
70 2 1
71 3 0
72 3 0
##=========================================
##[Voxel Mapper]Iteration 600 keyframe id, used times, remaining times:
0 12 0
1 12 0
2 12 0
3 12 0
4 12 0
5 12 0
7 12 0
8 12 0
9 12 0
10 12 0
11 12 0
12 12 0
13 12 0
14 12 0
15 12 0
16 12 0
17 12 0
18 12 0
19 12 0
20 12 0
21 12 0
22 12 0
23 11 0
24 11 0
25 11 0
26 11 0
27 10 0
28 10 0
29 10 0
30 10 0
31 10 0
32 9 0
33 9 0
34 9 0
35 9 0
36 8 0
37 8 0
38 8 0
39 8 0
40 7 0
41 7 0
42 7 0
43 7 0
44 7 0
45 6 0
46 6 0
47 6 0
48 6 0
49 6 0
50 6 0
51 5 0
52 5 0
53 5 0
54 5 0
55 5 0
56 5 0
57 5 0
58 5 0
59 5 0
60 4 0
61 4 0
62 4 0
63 4 0
64 4 0
65 4 0
66 4 0
67 4 0
68 4 0
69 3 0
70 3 0
71 3 0
72 3 0
73 2 0
74 2 0
75 2 0
76 2 0
77 2 0
##=========================================
##[Voxel Mapper]Iteration 650 keyframe id, used times, remaining times:
0 13 0
1 13 0
2 13 0
3 13 0
4 13 0
5 12 1
7 13 0
8 13 0
9 13 0
10 12 1
11 13 0
12 12 1
13 13 0
14 12 1
15 13 0
16 12 1
17 12 1
18 13 0
19 13 0
20 12 1
21 12 1
22 12 1
23 12 0
24 12 0
25 11 1
26 12 0
27 10 1
28 11 0
29 10 1
30 11 0
31 11 0
32 10 0
33 10 0
34 9 1
35 10 0
36 8 1
37 9 0
38 9 0
39 8 1
40 8 0
41 7 1
42 8 0
43 8 0
44 8 0
45 7 0
46 7 0
47 6 1
48 6 1
49 6 1
50 6 1
51 6 0
52 6 0
53 5 1
54 6 0
55 6 0
56 6 0
57 6 0
58 5 1
59 6 0
60 4 1
61 5 0
62 5 0
63 5 0
64 5 0
65 5 0
66 4 1
67 4 1
68 5 0
69 4 0
70 3 1
71 4 0
72 4 0
73 2 1
74 3 0
75 3 0
76 2 1
77 3 0
79 1 1
##=========================================
##[Voxel Mapper]Iteration 700 keyframe id, used times, remaining times:
0 13 1
1 13 1
2 13 1
3 14 0
4 13 1
5 13 1
7 13 1
8 13 1
9 13 1
10 14 0
11 13 1
12 13 1
13 13 1
14 13 1
15 13 1
16 13 1
17 14 0
18 13 1
19 13 1
20 13 1
21 13 1
22 13 1
23 12 1
24 12 1
25 13 0
26 12 1
27 11 1
28 12 0
29 12 0
30 11 1
31 11 1
32 10 1
33 10 1
34 10 1
35 10 1
36 9 1
37 9 1
38 9 1
39 9 1
40 8 1
41 8 1
42 8 1
43 8 1
44 8 1
45 7 1
46 8 0
47 7 1
48 7 1
49 7 1
50 7 1
51 6 1
52 6 1
53 6 1
54 6 1
55 6 1
56 6 1
57 7 0
58 6 1
59 6 1
60 5 1
61 5 1
62 5 1
63 5 1
64 5 1
65 5 1
66 5 1
67 5 1
68 5 1
69 4 1
70 4 1
71 4 1
72 5 0
73 3 1
74 3 1
75 3 1
76 3 1
77 3 1
78 2 1
79 3 0
80 2 1
81 2 1
82 3 0
83 2 1
##=========================================
##[Voxel Mapper]Iteration 750 keyframe id, used times, remaining times:
0 14 0
1 13 1
2 14 0
3 14 0
4 14 0
5 14 0
7 14 0
8 13 1
9 14 0
10 14 0
11 14 0
12 13 1
13 14 0
14 14 0
15 13 1
16 13 1
17 14 0
18 14 0
19 14 0
20 14 0
21 13 1
22 13 1
23 12 1
24 12 1
25 13 0
26 12 1
27 12 0
28 12 0
29 12 0
30 12 0
31 12 0
32 10 1
33 11 0
34 11 0
35 11 0
36 10 0
37 9 1
38 10 0
39 9 1
40 9 0
41 9 0
42 9 0
43 9 0
44 9 0
45 8 0
46 8 0
47 7 1
48 8 0
49 8 0
50 7 1
51 6 1
52 7 0
53 6 1
54 7 0
55 7 0
56 7 0
57 7 0
58 7 0
59 7 0
60 6 0
61 6 0
62 5 1
63 5 1
64 6 0
65 5 1
66 6 0
67 6 0
68 6 0
69 4 1
70 5 0
71 4 1
72 5 0
73 3 1
74 4 0
75 3 1
76 4 0
77 3 1
78 3 0
79 3 0
80 2 1
81 3 0
82 3 0
83 2 1
84 2 0
85 2 0
87 1 1
##=========================================
##[Voxel Mapper]Iteration 800 keyframe id, used times, remaining times:
0 14 1
1 14 1
2 14 1
3 14 1
4 14 1
5 14 1
7 14 1
8 15 0
9 14 1
10 14 1
11 14 1
12 14 1
13 14 1
14 14 1
15 14 1
16 14 1
17 14 1
18 14 1
19 15 0
20 15 0
21 14 1
22 14 1
23 13 1
24 13 1
25 13 1
26 13 1
27 12 1
28 12 1
29 12 1
30 12 1
31 12 1
32 11 1
33 11 1
34 12 0
35 12 0
36 10 1
37 10 1
38 10 1
39 10 1
40 9 1
41 9 1
42 9 1
43 9 1
44 9 1
45 8 1
46 8 1
47 8 1
48 8 1
49 8 1
50 8 1
51 7 1
52 8 0
53 7 1
54 7 1
55 8 0
56 7 1
57 8 0
58 7 1
59 7 1
60 6 1
61 6 1
62 6 1
63 6 1
64 6 1
65 6 1
66 7 0
67 6 1
68 6 1
69 6 0
70 5 1
71 5 1
72 6 0
73 4 1
74 4 1
75 4 1
76 5 0
77 4 1
78 3 1
79 3 1
80 3 1
81 3 1
82 3 1
83 3 1
84 2 1
85 2 1
86 2 1
87 2 1
88 2 1
89 2 1
90 2 1
91 2 1
##=========================================
##[Voxel Mapper]Iteration 850 keyframe id, used times, remaining times:
0 14 1
1 15 0
2 15 0
3 15 0
4 15 0
5 15 0
7 15 0
8 15 0
9 15 0
10 15 0
11 15 0
12 15 0
13 15 0
14 14 1
15 15 0
16 15 0
17 14 1
18 14 1
19 15 0
20 15 0
21 15 0
22 15 0
23 13 1
24 14 0
25 14 0
26 13 1
27 13 0
28 13 0
29 12 1
30 12 1
31 12 1
32 12 0
33 11 1
34 12 0
35 12 0
36 11 0
37 11 0
38 11 0
39 10 1
40 9 1
41 10 0
42 9 1
43 9 1
44 10 0
45 9 0
46 8 1
47 9 0
48 8 1
49 9 0
50 9 0
51 7 1
52 8 0
53 8 0
54 8 0
55 8 0
56 8 0
57 8 0
58 8 0
59 7 1
60 7 0
61 7 0
62 7 0
63 7 0
64 7 0
65 6 1
66 7 0
67 6 1
68 6 1
69 6 0
70 6 0
71 6 0
72 6 0
73 5 0
74 5 0
75 4 1
76 5 0
77 5 0
78 4 0
79 3 1
80 3 1
81 4 0
82 3 1
83 3 1
84 3 0
85 2 1
86 2 1
87 3 0
88 2 1
89 3 0
90 3 0
91 2 1
92 1 1
##=========================================
##[Voxel Mapper]Iteration 900 keyframe id, used times, remaining times:
0 15 1
1 15 1
2 15 1
3 15 1
4 15 1
5 15 1
7 15 1
8 16 0
9 16 0
10 16 0
11 15 1
12 15 1
13 16 0
14 15 1
15 16 0
16 15 1
17 15 1
18 15 1
19 15 1
20 15 1
21 15 1
22 15 1
23 14 1
24 14 1
25 15 0
26 14 1
27 13 1
28 13 1
29 13 1
30 13 1
31 13 1
32 12 1
33 12 1
34 12 1
35 12 1
36 11 1
37 12 0
38 11 1
39 11 1
40 10 1
41 10 1
42 10 1
43 10 1
44 10 1
45 10 0
46 9 1
47 9 1
48 9 1
49 9 1
50 10 0
51 8 1
52 9 0
53 9 0
54 8 1
55 8 1
56 8 1
57 8 1
58 8 1
59 8 1
60 7 1
61 7 1
62 8 0
63 7 1
64 7 1
65 7 1
66 8 0
67 7 1
68 7 1
69 7 0
70 6 1
71 6 1
72 6 1
73 5 1
74 5 1
75 5 1
76 6 0
77 6 0
78 4 1
79 4 1
80 4 1
81 4 1
82 4 1
83 4 1
84 3 1
85 3 1
86 3 1
87 3 1
88 3 1
89 4 0
90 4 0
91 3 1
92 3 0
##=========================================
##[Voxel Mapper]Iteration 950 keyframe id, used times, remaining times:
0 16 0
1 16 0
2 15 1
3 15 1
4 15 1
5 15 1
7 15 1
8 16 0
9 16 0
10 16 0
11 16 0
12 16 0
13 16 0
14 16 0
15 16 0
16 16 0
17 16 0
18 16 0
19 16 0
20 16 0
21 16 0
22 15 1
23 15 0
24 14 1
25 15 0
26 14 1
27 14 0
28 13 1
29 14 0
30 14 0
31 14 0
32 12 1
33 13 0
34 13 0
35 13 0
36 11 1
37 12 0
38 12 0
39 12 0
40 11 0
41 11 0
42 11 0
43 11 0
44 10 1
45 10 0
46 10 0
47 9 1
48 10 0
49 10 0
50 10 0
51 9 0
52 9 0
53 9 0
54 9 0
55 8 1
56 8 1
57 9 0
58 9 0
59 9 0
60 8 0
61 8 0
62 8 0
63 8 0
64 7 1
65 8 0
66 8 0
67 7 1
68 8 0
69 7 0
70 7 0
71 6 1
72 7 0
73 5 1
74 5 1
75 5 1
76 6 0
77 6 0
78 5 0
79 5 0
80 5 0
81 5 0
82 4 1
83 5 0
84 4 0
85 4 0
86 4 0
87 3 1
88 4 0
89 4 0
90 4 0
91 4 0
92 3 0
##=========================================
##[Voxel Mapper]Iteration 50 keyframe id, used times, remaining times:
0 3 0
1 2 1
2 2 1
3 2 1
4 2 1
6 2 1
7 3 0
8 3 0
9 3 0
10 2 1
11 2 1
12 2 1
13 3 0
14 3 0
15 3 0
16 2 1
17 2 1
18 2 1
19 2 1
20 3 0
21 2 1
##=========================================
##[Voxel Mapper]Iteration 100 keyframe id, used times, remaining times:
0 4 0
1 4 0
2 4 0
3 4 0
4 4 0
6 4 0
7 4 0
8 4 0
9 4 0
10 4 0
11 4 0
12 4 0
13 4 0
14 4 0
15 4 0
16 4 0
17 4 0
18 4 0
19 4 0
20 4 0
21 4 0
22 3 0
23 3 0
24 3 0
25 1 1
26 2 0
27 2 0
28 1 1
29 1 1
##=========================================
##[Voxel Mapper]Iteration 150 keyframe id, used times, remaining times:
0 6 0
1 6 0
2 5 1
3 5 1
4 5 1
6 5 1
7 5 1
8 5 1
9 6 0
10 5 1
11 5 1
12 5 1
13 5 1
14 5 1
15 5 1
16 5 1
17 5 1
18 6 0
19 6 0
20 5 1
21 5 1
22 5 0
23 4 1
24 4 1
25 3 1
26 4 0
27 3 1
28 3 1
29 3 1
30 2 1
31 2 1
32 2 1
33 3 0
34 2 1
##=========================================
##[Voxel Mapper]Iteration 200 keyframe id, used times, remaining times:
0 7 0
1 6 1
2 6 1
3 7 0
4 7 0
6 6 1
7 6 1
8 6 1
9 7 0
10 7 0
11 6 1
12 7 0
13 7 0
14 7 0
15 7 0
16 7 0
17 6 1
18 7 0
19 6 1
20 7 0
21 7 0
22 5 1
23 5 1
24 5 1
25 4 1
26 5 0
27 5 0
28 4 1
29 4 1
30 4 0
31 3 1
32 3 1
33 3 1
34 3 1
35 2 1
36 3 0
37 2 1
38 1 1
##=========================================
##[Voxel Mapper]Iteration 250 keyframe id, used times, remaining times:
0 7 1
1 7 1
2 7 1
3 7 1
4 8 0
6 7 1
7 8 0
8 7 1
9 8 0
10 8 0
11 7 1
12 7 1
13 7 1
14 8 0
15 8 0
16 8 0
17 7 1
18 7 1
19 8 0
20 8 0
21 8 0
22 6 1
23 6 1
24 7 0
25 6 0
26 6 0
27 6 0
28 5 1
29 5 1
30 4 1
31 5 0
32 5 0
33 4 1
34 5 0
35 4 0
36 4 0
37 4 0
38 2 1
39 3 0
40 3 0
41 3 0
##=========================================
##[Voxel Mapper]Iteration 300 keyframe id, used times, remaining times:
0 8 1
1 8 1
2 8 1
3 8 1
4 9 0
6 9 0
7 8 1
8 9 0
9 9 0
10 8 1
11 8 1
12 8 1
13 8 1
14 8 1
15 8 1
16 8 1
17 8 1
18 9 0
19 8 1
20 8 1
21 8 1
22 7 1
23 7 1
24 7 1
25 6 1
26 7 0
27 6 1
28 6 1
29 6 1
30 5 1
31 6 0
32 5 1
33 6 0
34 5 1
35 4 1
36 5 0
37 4 1
38 3 1
39 3 1
40 4 0
41 3 1
42 3 0
43 2 1
44 2 1
45 3 0
46 2 1
47 2 1
48 2 1
49 2 1
50 3 0
52 1 1
##=========================================
##[Voxel Mapper]Iteration 350 keyframe id, used times, remaining times:
0 9 0
1 9 0
2 9 0
3 9 0
4 9 0
6 9 0
7 9 0
8 9 0
9 9 0
10 9 0
11 9 0
12 9 0
13 9 0
14 9 0
15 9 0
16 9 0
17 9 0
18 9 0
19 9 0
20 9 0
21 9 0
22 8 0
23 8 0
24 8 0
25 7 0
26 7 0
27 7 0
28 7 0
29 7 0
30 6 0
31 6 0
32 6 0
33 6 0
34 6 0
35 5 0
36 5 0
37 5 0
38 4 0
39 4 0
40 4 0
41 4 0
42 3 0
43 3 0
44 3 0
45 3 0
46 3 0
47 3 0
48 3 0
49 3 0
50 3 0
51 2 0
52 2 0
53 2 0
54 2 0
55 2 0
56 2 0
57 1 1
58 1 1
##=========================================
##[Voxel Mapper]Iteration 400 keyframe id, used times, remaining times:
0 10 0
1 9 1
2 9 1
3 10 0
4 10 0
6 10 0
7 10 0
8 9 1
9 10 0
10 10 0
11 10 0
12 10 0
13 10 0
14 10 0
15 10 0
16 10 0
17 10 0
18 9 1
19 10 0
20 9 1
21 10 0
22 9 0
23 9 0
24 8 1
25 8 0
26 8 0
27 8 0
28 7 1
29 8 0
30 7 0
31 7 0
32 7 0
33 7 0
34 7 0
35 6 0
36 6 0
37 5 1
38 4 1
39 5 0
40 5 0
41 4 1
42 4 0
43 3 1
44 4 0
45 4 0
46 4 0
47 4 0
48 3 1
49 4 0
50 4 0
51 3 0
52 3 0
53 2 1
54 3 0
55 3 0
56 3 0
57 2 1
58 3 0
59 3 0
64 1 1
##=========================================
##[Voxel Mapper]Iteration 450 keyframe id, used times, remaining times:
0 11 0
1 11 0
2 10 1
3 10 1
4 10 1
6 11 0
7 10 1
8 10 1
9 10 1
10 10 1
11 11 0
12 10 1
13 10 1
14 10 1
15 10 1
16 10 1
17 10 1
18 10 1
19 10 1
20 11 0
21 10 1
22 9 1
23 9 1
24 10 0
25 8 1
26 8 1
27 8 1
28 8 1
29 8 1
30 7 1
31 7 1
32 7 1
33 7 1
34 7 1
35 6 1
36 7 0
37 6 1
38 6 0
39 5 1
40 5 1
41 5 1
42 4 1
43 4 1
44 4 1
45 5 0
46 4 1
47 5 0
48 4 1
49 4 1
50 5 0
51 3 1
52 3 1
53 3 1
54 4 0
55 4 0
56 3 1
57 3 1
58 4 0
59 3 1
60 3 0
61 3 0
62 3 0
63 3 0
64 3 0
65 2 1
66 3 0
67 3 0
##=========================================
##[Voxel Mapper]Iteration 500 keyframe id, used times, remaining times:
0 11 0
1 11 0
2 10 1
3 11 0
4 11 0
6 11 0
7 11 0
8 11 0
9 11 0
10 11 0
11 11 0
12 11 0
13 11 0
14 11 0
15 11 0
16 11 0
17 11 0
18 11 0
19 11 0
20 11 0
21 11 0
22 10 0
23 10 0
24 10 0
25 9 0
26 9 0
27 9 0
28 9 0
29 9 0
30 8 0
31 7 1
32 8 0
33 8 0
34 8 0
35 7 0
36 7 0
37 7 0
38 6 0
39 6 0
40 6 0
41 6 0
42 5 0
43 5 0
44 5 0
45 5 0
46 5 0
47 5 0
48 5 0
49 5 0
50 5 0
51 4 0
52 4 0
53 4 0
54 4 0
55 4 0
56 4 0
57 4 0
58 4 0
59 4 0
60 3 0
61 3 0
62 3 0
63 3 0
64 3 0
65 3 0
66 3 0
67 3 0
68 2 0
69 2 0
70 2 0
##=========================================
##[Voxel Mapper]Iteration 550 keyframe id, used times, remaining times:
0 12 0
1 11 1
2 12 0
3 12 0
4 12 0
6 11 1
7 12 0
8 12 0
9 12 0
10 11 1
11 12 0
12 12 0
13 11 1
14 11 1
15 11 1
16 11 1
17 11 1
18 11 1
19 11 1
20 12 0
21 11 1
22 11 0
23 10 1
24 11 0
25 9 1
26 9 1
27 9 1
28 10 0
29 10 0
30 8 1
31 8 1
32 9 0
33 8 1
34 8 1
35 8 0
36 8 0
37 8 0
38 6 1
39 7 0
40 6 1
41 7 0
42 6 0
43 6 0
44 6 0
45 6 0
46 6 0
47 6 0
48 5 1
49 6 0
50 6 0
51 5 0
52 5 0
53 5 0
54 4 1
55 5 0
56 4 1
57 5 0
58 5 0
59 5 0
60 3 1
61 4 0
62 4 0
63 4 0
64 3 1
65 3 1
66 4 0
67 4 0
68 3 0
69 3 0
70 2 1
71 3 0
72 1 1
73 2 0
##=========================================
##[Voxel Mapper]Iteration 600 keyframe id, used times, remaining times:
0 12 1
1 12 1
2 12 1
3 12 1
4 12 1
6 12 1
7 12 1
8 12 1
9 12 1
10 12 1
11 13 0
12 12 1
13 13 0
14 12 1
15 12 1
16 12 1
17 12 1
18 13 0
19 12 1
20 12 1
21 12 1
22 11 1
23 11 1
24 11 1
25 10 1
26 10 1
27 11 0
28 10 1
29 10 1
30 10 0
31 9 1
32 9 1
33 9 1
34 9 1
35 8 1
36 8 1
37 8 1
38 7 1
39 7 1
40 7 1
41 8 0
42 6 1
43 7 0
44 6 1
45 6 1
46 6 1
47 6 1
48 6 1
49 6 1
50 6 1
51 6 0
52 6 0
53 5 1
54 5 1
55 5 1
56 5 1
57 5 1
58 5 1
59 5 1
60 4 1
61 5 0
62 4 1
63 4 1
64 5 0
65 4 1
66 4 1
67 4 1
68 3 1
69 4 0
70 3 1
71 4 0
72 2 1
73 2 1
74 2 1
75 2 1
76 2 1
77 2 1
##=========================================
##[Voxel Mapper]Iteration 650 keyframe id, used times, remaining times:
0 13 0
1 13 0
2 13 0
3 12 1
4 13 0
6 12 1
7 13 0
8 13 0
9 13 0
10 13 0
11 13 0
12 12 1
13 13 0
14 13 0
15 13 0
16 13 0
17 13 0
18 13 0
19 13 0
20 13 0
21 13 0
22 11 1
23 12 0
24 12 0
25 10 1
26 11 0
27 11 0
28 10 1
29 10 1
30 10 0
31 10 0
32 10 0
33 10 0
34 10 0
35 9 0
36 9 0
37 9 0
38 7 1
39 8 0
40 7 1
41 8 0
42 7 0
43 7 0
44 7 0
45 7 0
46 6 1
47 6 1
48 7 0
49 6 1
50 7 0
51 6 0
52 6 0
53 6 0
54 6 0
55 6 0
56 6 0
57 6 0
58 6 0
59 6 0
60 5 0
61 5 0
62 4 1
63 5 0
64 5 0
65 5 0
66 5 0
67 4 1
68 4 0
69 4 0
70 3 1
71 4 0
72 3 0
73 3 0
74 3 0
75 3 0
76 3 0
77 3 0
80 1 1
##=========================================
##[Voxel Mapper]Iteration 700 keyframe id, used times, remaining times:
0 14 0
1 14 0
2 13 1
3 13 1
4 14 0
6 13 1
7 14 0
8 13 1
9 14 0
10 14 0
11 14 0
12 13 1
13 13 1
14 13 1
15 13 1
16 14 0
17 14 0
18 14 0
19 13 1
20 13 1
21 13 1
22 12 1
23 12 1
24 12 1
25 11 1
26 12 0
27 12 0
28 11 1
29 11 1
30 10 1
31 10 1
32 11 0
33 10 1
34 11 0
35 9 1
36 9 1
37 9 1
38 8 1
39 8 1
40 8 1
41 8 1
42 7 1
43 7 1
44 7 1
45 8 0
46 8 0
47 7 1
48 7 1
49 7 1
50 7 1
51 6 1
52 6 1
53 6 1
54 6 1
55 6 1
56 6 1
57 6 1
58 7 0
59 7 0
60 5 1
61 5 1
62 5 1
63 6 0
64 6 0
65 5 1
66 5 1
67 5 1
68 5 0
69 4 1
70 5 0
71 4 1
72 3 1
73 3 1
74 4 0
75 3 1
76 3 1
77 3 1
78 2 1
79 3 0
80 3 0
81 2 1
82 2 1
83 1 1
##=========================================
##[Voxel Mapper]Iteration 750 keyframe id, used times, remaining times:
0 14 0
1 14 0
2 14 0
3 14 0
4 14 0
6 14 0
7 14 0
8 14 0
9 14 0
10 14 0
11 14 0
12 14 0
13 14 0
14 14 0
15 13 1
16 14 0
17 14 0
18 14 0
19 14 0
20 14 0
21 14 0
22 13 0
23 13 0
24 12 1
25 11 1
26 12 0
27 12 0
28 12 0
29 12 0
30 11 0
31 10 1
32 11 0
33 11 0
34 11 0
35 10 0
36 9 1
37 10 0
38 9 0
39 9 0
40 9 0
41 9 0
42 7 1
43 8 0
44 8 0
45 8 0
46 8 0
47 8 0
48 8 0
49 7 1
50 8 0
51 7 0
52 7 0
53 7 0
54 6 1
55 6 1
56 7 0
57 7 0
58 7 0
59 7 0
60 6 0
61 6 0
62 6 0
63 6 0
64 6 0
65 5 1
66 6 0
67 6 0
68 5 0
69 5 0
70 5 0
71 5 0
72 4 0
73 4 0
74 4 0
75 4 0
76 4 0
77 4 0
78 3 0
79 3 0
80 3 0
81 3 0
82 3 0
83 1 1
84 1 1
85 1 1
86 1 1
##=========================================
##[Voxel Mapper]Iteration 800 keyframe id, used times, remaining times:
0 14 1
1 14 1
2 15 0
3 14 1
4 14 1
6 15 0
7 15 0
8 14 1
9 15 0
10 15 0
11 14 1
12 14 1
13 14 1
14 15 0
15 15 0
16 15 0
17 14 1
18 15 0
19 14 1
20 14 1
21 14 1
22 13 1
23 13 1
24 13 1
25 13 0
26 12 1
27 12 1
28 12 1
29 12 1
30 12 0
31 11 1
32 12 0
33 11 1
34 12 0
35 11 0
36 11 0
37 10 1
38 10 0
39 9 1
40 9 1
41 9 1
42 8 1
43 8 1
44 8 1
45 8 1
46 8 1
47 8 1
48 8 1
49 8 1
50 9 0
51 7 1
52 7 1
53 8 0
54 7 1
55 7 1
56 8 0
57 8 0
58 7 1
59 7 1
60 6 1
61 7 0
62 6 1
63 6 1
64 6 1
65 6 1
66 7 0
67 7 0
68 6 0
69 5 1
70 5 1
71 5 1
72 4 1
73 4 1
74 4 1
75 4 1
76 4 1
77 4 1
78 3 1
79 3 1
80 3 1
81 3 1
82 4 0
83 3 0
84 2 1
85 3 0
86 2 1
87 2 1
88 2 1
89 2 1
90 3 0
##=========================================
##[Voxel Mapper]Iteration 850 keyframe id, used times, remaining times:
0 15 0
1 14 1
2 15 0
3 15 0
4 15 0
6 15 0
7 15 0
8 14 1
9 15 0
10 15 0
11 15 0
12 14 1
13 15 0
14 15 0
15 15 0
16 15 0
17 15 0
18 15 0
19 14 1
20 15 0
21 15 0
22 14 0
23 14 0
24 13 1
25 13 0
26 13 0
27 13 0
28 13 0
29 13 0
30 12 0
31 12 0
32 12 0
33 11 1
34 12 0
35 11 0
36 11 0
37 11 0
38 10 0
39 10 0
40 9 1
41 9 1
42 8 1
43 9 0
44 9 0
45 9 0
46 8 1
47 8 1
48 9 0
49 9 0
50 9 0
51 8 0
52 7 1
53 8 0
54 8 0
55 8 0
56 8 0
57 8 0
58 8 0
59 8 0
60 7 0
61 7 0
62 7 0
63 7 0
64 7 0
65 6 1
66 7 0
67 7 0
68 6 0
69 6 0
70 6 0
71 6 0
72 5 0
73 5 0
74 4 1
75 5 0
76 5 0
77 5 0
78 4 0
79 4 0
80 4 0
81 4 0
82 4 0
83 3 0
84 3 0
85 3 0
86 2 1
87 3 0
88 3 0
89 3 0
90 3 0
91 1 1
92 1 1
93 1 1
##=========================================
##[Voxel Mapper]Iteration 900 keyframe id, used times, remaining times:
0 15 1
1 16 0
2 15 1
3 15 1
4 15 1
6 15 1
7 16 0
8 16 0
9 16 0
10 15 1
11 15 1
12 16 0
13 15 1
14 15 1
15 16 0
16 15 1
17 15 1
18 16 0
19 16 0
20 15 1
21 15 1
22 14 1
23 14 1
24 15 0
25 13 1
26 13 1
27 13 1
28 13 1
29 13 1
30 13 0
31 12 1
32 12 1
33 13 0
34 12 1
35 11 1
36 12 0
37 11 1
38 11 0
39 10 1
40 11 0
41 11 0
42 10 0
43 9 1
44 9 1
45 9 1
46 10 0
47 10 0
48 9 1
49 9 1
50 9 1
51 8 1
52 9 0
53 9 0
54 9 0
55 8 1
56 8 1
57 9 0
58 8 1
59 8 1
60 7 1
61 8 0
62 7 1
63 7 1
64 7 1
65 8 0
66 8 0
67 7 1
68 7 0
69 7 0
70 6 1
71 6 1
72 5 1
73 5 1
74 6 0
75 5 1
76 5 1
77 5 1
78 4 1
79 4 1
80 4 1
81 4 1
82 4 1
83 4 0
84 3 1
85 4 0
86 4 0
87 3 1
88 3 1
89 3 1
90 3 1
91 2 1
92 2 1
93 3 0
##=========================================
##[Voxel Mapper]Iteration 950 keyframe id, used times, remaining times:
0 16 0
1 16 0
2 16 0
3 15 1
4 16 0
6 16 0
7 16 0
8 16 0
9 16 0
10 16 0
11 16 0
12 16 0
13 16 0
14 16 0
15 16 0
16 16 0
17 16 0
18 16 0
19 16 0
20 16 0
21 16 0
22 14 1
23 14 1
24 15 0
25 14 0
26 13 1
27 14 0
28 14 0
29 14 0
30 13 0
31 13 0
32 13 0
33 13 0
34 13 0
35 12 0
36 12 0
37 12 0
38 11 0
39 10 1
40 11 0
41 11 0
42 10 0
43 10 0
44 10 0
45 10 0
46 10 0
47 10 0
48 9 1
49 10 0
50 10 0
51 9 0
52 9 0
53 9 0
54 9 0
55 9 0
56 9 0
57 9 0
58 9 0
59 9 0
60 8 0
61 8 0
62 7 1
63 8 0
64 8 0
65 8 0
66 8 0
67 8 0
68 7 0
69 7 0
70 7 0
71 7 0
72 6 0
73 6 0
74 6 0
75 5 1
76 6 0
77 5 1
78 5 0
79 5 0
80 5 0
81 5 0
82 5 0
83 4 0
84 4 0
85 4 0
86 4 0
87 3 1
88 4 0
89 4 0
90 4 0
91 2 1
92 3 0
93 3 0
##=========================================
##[Voxel Mapper]Iteration 50 keyframe id, used times, remaining times:
0 2 1
1 2 1
2 3 0
3 3 0
4 2 1
6 2 1
7 2 1
8 2 1
9 2 1
10 3 0
11 2 1
12 3 0
13 2 1
14 2 1
15 3 0
16 2 1
17 2 1
18 3 0
19 3 0
20 3 0
21 2 1
##=========================================
##[Voxel Mapper]Iteration 100 keyframe id, used times, remaining times:
0 4 0
1 4 0
2 4 0
3 4 0
4 4 0
6 4 0
7 4 0
8 4 0
9 4 0
10 4 0
11 4 0
12 4 0
13 4 0
14 4 0
15 4 0
16 4 0
17 4 0
18 4 0
19 4 0
20 4 0
21 4 0
22 3 0
23 3 0
24 3 0
25 3 0
26 1 1
27 2 0
29 1 1
##=========================================
##[Voxel Mapper]Iteration 150 keyframe id, used times, remaining times:
0 6 0
1 6 0
2 6 0
3 5 1
4 5 1
6 5 1
7 5 1
8 5 1
9 5 1
10 5 1
11 5 1
12 5 1
13 5 1
14 5 1
15 5 1
16 5 1
17 5 1
18 5 1
19 5 1
20 5 1
21 5 1
22 4 1
23 4 1
24 5 0
25 4 1
26 3 1
27 3 1
28 3 1
29 3 1
30 2 1
31 2 1
32 2 1
33 2 1
34 2 1
35 3 0
##=========================================
##[Voxel Mapper]Iteration 200 keyframe id, used times, remaining times:
0 6 1
1 7 0
2 7 0
3 7 0
4 6 1
6 7 0
7 7 0
8 6 1
9 6 1
10 6 1
11 6 1
12 6 1
13 7 0
14 6 1
15 7 0
16 6 1
17 7 0
18 6 1
19 6 1
20 6 1
21 6 1
22 5 1
23 5 1
24 5 1
25 5 1
26 5 0
27 4 1
28 4 1
29 5 0
30 3 1
31 3 1
32 3 1
33 3 1
34 3 1
35 3 1
36 2 1
37 2 1
38 3 0
39 3 0
##=========================================
##[Voxel Mapper]Iteration 250 keyframe id, used times, remaining times:
0 7 1
1 7 1
2 8 0
3 7 1
4 8 0
6 7 1
7 7 1
8 7 1
9 7 1
10 7 1
11 8 0
12 8 0
13 8 0
14 7 1
15 8 0
16 7 1
17 7 1
18 7 1
19 7 1
20 7 1
21 8 0
22 6 1
23 6 1
24 7 0
25 6 1
26 5 1
27 5 1
28 5 1
29 5 1
30 5 0
31 4 1
32 4 1
33 5 0
34 5 0
35 4 1
36 3 1
37 4 0
38 3 1
39 4 0
40 3 0
41 3 0
42 2 1
43 2 1
##=========================================
##[Voxel Mapper]Iteration 300 keyframe id, used times, remaining times:
0 9 0
1 9 0
2 9 0
3 9 0
4 9 0
6 8 1
7 8 1
8 8 1
9 8 1
10 8 1
11 8 1
12 8 1
13 8 1
14 8 1
15 8 1
16 8 1
17 8 1
18 9 0
19 8 1
20 8 1
21 9 0
22 7 1
23 8 0
24 7 1
25 7 1
26 7 0
27 6 1
28 6 1
29 6 1
30 5 1
31 6 0
32 5 1
33 5 1
34 5 1
35 5 1
36 4 1
37 4 1
38 4 1
39 5 0
40 4 0
41 3 1
42 4 0
43 3 1
44 2 1
45 2 1
46 2 1
47 3 0
##=========================================
##[Voxel Mapper]Iteration 350 keyframe id, used times, remaining times:
0 9 1
1 9 1
2 9 1
3 9 1
4 9 1
6 9 1
7 9 1
8 10 0
9 9 1
10 9 1
11 9 1
12 9 1
13 9 1
14 9 1
15 9 1
16 9 1
17 9 1
18 9 1
19 9 1
20 9 1
21 9 1
22 8 1
23 8 1
24 8 1
25 8 1
26 7 1
27 7 1
28 7 1
29 7 1
30 6 1
31 6 1
32 6 1
33 6 1
34 6 1
35 6 1
36 5 1
37 5 1
38 5 1
39 5 1
40 4 1
41 4 1
42 4 1
43 4 1
44 3 1
45 3 1
46 3 1
47 3 1
48 2 1
49 2 1
50 2 1
51 2 1
52 2 1
53 2 1
54 2 1
55 2 1
##=========================================
##[Voxel Mapper]Iteration 400 keyframe id, used times, remaining times:
0 10 0
1 10 0
2 10 0
3 10 0
4 10 0
6 10 0
7 10 0
8 10 0
9 10 0
10 10 0
11 9 1
12 10 0
13 10 0
14 10 0
15 9 1
16 10 0
17 10 0
18 9 1
19 10 0
20 10 0
21 10 0
22 9 0
23 9 0
24 9 0
25 8 1
26 8 0
27 7 1
28 7 1
29 8 0
30 7 0
31 7 0
32 7 0
33 7 0
34 7 0
35 7 0
36 6 0
37 6 0
38 6 0
39 6 0
40 5 0
41 4 1
42 4 1
43 5 0
44 4 0
45 4 0
46 3 1
47 4 0
48 3 0
49 2 1
50 3 0
51 3 0
52 2 1
53 3 0
54 3 0
55 3 0
56 2 0
57 1 1
58 2 0
59 1 1
61 1 1
##=========================================
##[Voxel Mapper]Iteration 450 keyframe id, used times, remaining times:
0 10 1
1 10 1
2 10 1
3 10 1
4 10 1
6 11 0
7 10 1
8 11 0
9 10 1
10 11 0
11 10 1
12 10 1
13 10 1
14 10 1
15 10 1
16 10 1
17 11 0
18 10 1
19 10 1
20 11 0
21 11 0
22 10 0
23 10 0
24 9 1
25 9 1
26 8 1
27 8 1
28 8 1
29 8 1
30 8 0
31 8 0
32 8 0
33 8 0
34 7 1
35 7 1
36 6 1
37 7 0
38 7 0
39 6 1
40 6 0
41 6 0
42 6 0
43 6 0
44 5 0
45 4 1
46 5 0
47 4 1
48 4 0
49 4 0
50 4 0
51 3 1
52 3 1
53 4 0
54 3 1
55 4 0
56 3 0
57 3 0
58 2 1
59 2 1
60 2 1
61 3 0
62 3 0
63 2 1
64 1 1
##=========================================
##[Voxel Mapper]Iteration 500 keyframe id, used times, remaining times:
0 11 1
1 11 1
2 11 1
3 11 1
4 12 0
6 11 1
7 11 1
8 11 1
9 11 1
10 11 1
11 11 1
12 11 1
13 11 1
14 12 0
15 11 1
16 12 0
17 11 1
18 11 1
19 11 1
20 11 1
21 11 1
22 10 1
23 10 1
24 10 1
25 10 1
26 9 1
27 9 1
28 10 0
29 9 1
30 8 1
31 8 1
32 8 1
33 8 1
34 8 1
35 8 1
36 7 1
37 7 1
38 7 1
39 7 1
40 6 1
41 6 1
42 6 1
43 6 1
44 5 1
45 5 1
46 5 1
47 5 1
48 4 1
49 4 1
50 4 1
51 4 1
52 4 1
53 4 1
54 4 1
55 4 1
56 3 1
57 4 0
58 3 1
59 3 1
60 3 1
61 3 1
62 3 1
63 3 1
64 2 1
65 3 0
66 2 1
67 2 1
68 3 0
##=========================================
##[Voxel Mapper]Iteration 550 keyframe id, used times, remaining times:
0 11 1
1 12 0
2 12 0
3 11 1
4 12 0
6 11 1
7 12 0
8 12 0
9 12 0
10 12 0
11 12 0
12 12 0
13 12 0
14 12 0
15 11 1
16 12 0
17 12 0
18 12 0
19 12 0
20 12 0
21 12 0
22 11 0
23 11 0
24 10 1
25 11 0
26 10 0
27 9 1
28 10 0
29 10 0
30 9 0
31 9 0
32 8 1
33 9 0
34 9 0
35 9 0
36 7 1
37 8 0
38 7 1
39 8 0
40 7 0
41 7 0
42 7 0
43 7 0
44 6 0
45 6 0
46 6 0
47 6 0
48 4 1
49 5 0
50 5 0
51 5 0
52 5 0
53 5 0
54 5 0
55 4 1
56 4 0
57 4 0
58 4 0
59 4 0
60 4 0
61 4 0
62 4 0
63 3 1
64 3 0
65 3 0
66 2 1
67 3 0
68 3 0
70 2 0
##=========================================
##[Voxel Mapper]Iteration 600 keyframe id, used times, remaining times:
0 13 0
1 13 0
2 12 1
3 13 0
4 13 0
6 12 1
7 13 0
8 12 1
9 12 1
10 13 0
11 13 0
12 12 1
13 13 0
14 12 1
15 12 1
16 12 1
17 12 1
18 12 1
19 12 1
20 13 0
21 13 0
22 11 1
23 11 1
24 12 0
25 12 0
26 10 1
27 10 1
28 10 1
29 11 0
30 9 1
31 10 0
32 9 1
33 9 1
34 10 0
35 9 1
36 8 1
37 8 1
38 9 0
39 9 0
40 7 1
41 8 0
42 7 1
43 7 1
44 6 1
45 6 1
46 7 0
47 6 1
48 6 0
49 5 1
50 5 1
51 5 1
52 5 1
53 6 0
54 5 1
55 6 0
56 4 1
57 4 1
58 4 1
59 4 1
60 4 1
61 4 1
62 4 1
63 4 1
64 4 0
65 3 1
66 4 0
67 4 0
68 4 0
69 3 0
70 3 0
71 2 1
72 2 1
73 3 0
##=========================================
##[Voxel Mapper]Iteration 650 keyframe id, used times, remaining times:
0 13 0
1 13 0
2 13 0
3 13 0
4 13 0
6 12 1
7 13 0
8 13 0
9 13 0
10 13 0
11 13 0
12 13 0
13 13 0
14 13 0
15 13 0
16 13 0
17 13 0
18 13 0
19 13 0
20 13 0
21 13 0
22 12 0
23 12 0
24 12 0
25 12 0
26 11 0
27 11 0
28 11 0
29 11 0
30 10 0
31 10 0
32 10 0
33 10 0
34 10 0
35 10 0
36 9 0
37 9 0
38 9 0
39 9 0
40 8 0
41 8 0
42 8 0
43 8 0
44 7 0
45 7 0
46 7 0
47 7 0
48 6 0
49 6 0
50 6 0
51 6 0
52 6 0
53 6 0
54 6 0
55 6 0
56 5 0
57 5 0
58 5 0
59 5 0
60 5 0
61 4 1
62 5 0
63 5 0
64 4 0
65 4 0
66 4 0
67 4 0
68 4 0
69 3 0
70 3 0
71 2 1
72 3 0
73 3 0
74 2 0
75 2 0
76 2 0
77 2 0
78 1 1
##=========================================
##[Voxel Mapper]Iteration 700 keyframe id, used times, remaining times:
0 14 0
1 13 1
2 13 1
3 13 1
4 14 0
6 14 0
7 13 1
8 13 1
9 14 0
10 13 1
11 13 1
12 14 0
13 14 0
14 14 0
15 14 0
16 13 1
17 13 1
18 13 1
19 14 0
20 13 1
21 14 0
22 13 0
23 12 1
24 13 0
25 12 1
26 11 1
27 12 0
28 11 1
29 11 1
30 10 1
31 11 0
32 11 0
33 10 1
34 11 0
35 10 1
36 10 0
37 10 0
38 10 0
39 10 0
40 8 1
41 8 1
42 9 0
43 9 0
44 8 0
45 7 1
46 7 1
47 8 0
48 6 1
49 7 0
50 7 0
51 7 0
52 7 0
53 7 0
54 6 1
55 6 1
56 5 1
57 6 0
58 6 0
59 6 0
60 5 1
61 5 1
62 5 1
63 6 0
64 5 0
65 5 0
66 4 1
67 5 0
68 5 0
69 4 0
70 4 0
71 3 1
72 3 1
73 4 0
74 2 1
75 3 0
76 3 0
77 2 1
78 3 0
79 2 0
80 1 1
##=========================================
##[Voxel Mapper]Iteration 750 keyframe id, used times, remaining times:
0 14 1
1 14 1
2 14 1
3 14 1
4 14 1
6 14 1
7 14 1
8 14 1
9 14 1
10 14 1
11 14 1
12 14 1
13 14 1
14 14 1
15 14 1
16 14 1
17 14 1
18 14 1
19 14 1
20 14 1
21 14 1
22 13 1
23 13 1
24 13 1
25 13 1
26 12 1
27 12 1
28 12 1
29 12 1
30 11 1
31 11 1
32 11 1
33 11 1
34 11 1
35 12 0
36 10 1
37 10 1
38 10 1
39 10 1
40 9 1
41 9 1
42 9 1
43 9 1
44 8 1
45 8 1
46 8 1
47 8 1
48 7 1
49 7 1
50 7 1
51 7 1
52 7 1
53 7 1
54 7 1
55 7 1
56 6 1
57 6 1
58 6 1
59 6 1
60 6 1
61 6 1
62 6 1
63 6 1
64 5 1
65 5 1
66 5 1
67 5 1
68 5 1
69 4 1
70 4 1
71 4 1
72 4 1
73 4 1
74 3 1
75 3 1
76 3 1
77 3 1
78 3 1
79 2 1
80 2 1
81 2 1
82 2 1
83 3 0
84 2 1
85 2 1
86 2 1
##=========================================
##[Voxel Mapper]Iteration 800 keyframe id, used times, remaining times:
0 15 0
1 15 0
2 14 1
3 15 0
4 15 0
6 15 0
7 14 1
8 15 0
9 15 0
10 15 0
11 15 0
12 14 1
13 15 0
14 14 1
15 14 1
16 15 0
17 15 0
18 15 0
19 15 0
20 15 0
21 15 0
22 13 1
23 14 0
24 13 1
25 13 1
26 13 0
27 13 0
28 13 0
29 13 0
30 11 1
31 12 0
32 12 0
33 11 1
34 11 1
35 12 0
36 11 0
37 10 1
38 10 1
39 11 0
40 9 1
41 9 1
42 10 0
43 10 0
44 8 1
45 9 0
46 9 0
47 9 0
48 8 0
49 7 1
50 8 0
51 8 0
52 7 1
53 7 1
54 8 0
55 7 1
56 6 1
57 6 1
58 6 1
59 7 0
60 7 0
61 6 1
62 6 1
63 6 1
64 5 1
65 5 1
66 5 1
67 5 1
68 5 1
69 5 0
70 5 0
71 5 0
72 5 0
73 5 0
74 4 0
75 3 1
76 3 1
77 4 0
78 4 0
79 3 0
80 2 1
81 3 0
82 2 1
83 3 0
84 3 0
85 3 0
86 2 1
88 1 1
89 1 1
##=========================================
##[Voxel Mapper]Iteration 850 keyframe id, used times, remaining times:
0 15 1
1 15 1
2 15 1
3 15 1
4 15 1
6 15 1
7 15 1
8 16 0
9 15 1
10 16 0
11 15 1
12 15 1
13 15 1
14 15 1
15 15 1
16 15 1
17 15 1
18 15 1
19 15 1
20 15 1
21 15 1
22 14 1
23 15 0
24 14 1
25 14 1
26 13 1
27 13 1
28 14 0
29 13 1
30 12 1
31 12 1
32 12 1
33 12 1
34 12 1
35 12 1
36 11 1
37 11 1
38 11 1
39 11 1
40 10 1
41 10 1
42 10 1
43 10 1
44 9 1
45 9 1
46 9 1
47 9 1
48 8 1
49 8 1
50 8 1
51 8 1
52 8 1
53 8 1
54 8 1
55 8 1
56 7 1
57 7 1
58 7 1
59 7 1
60 7 1
61 7 1
62 7 1
63 7 1
64 6 1
65 6 1
66 6 1
67 6 1
68 6 1
69 5 1
70 5 1
71 5 1
72 5 1
73 5 1
74 4 1
75 4 1
76 4 1
77 4 1
78 5 0
79 3 1
80 3 1
81 4 0
82 3 1
83 4 0
84 3 1
85 3 1
86 3 1
87 3 0
88 2 1
89 2 1
90 2 1
##=========================================
##[Voxel Mapper]Iteration 50 keyframe id, used times, remaining times:
0 2 1
1 2 1
2 2 1
3 2 1
4 2 1
6 2 1
8 3 0
9 2 1
10 2 1
11 3 0
12 2 1
13 2 1
14 3 0
15 3 0
16 3 0
17 2 1
18 3 0
19 2 1
20 2 1
21 2 1
22 2 1
23 2 1
##=========================================
##[Voxel Mapper]Iteration 100 keyframe id, used times, remaining times:
0 4 0
1 4 0
2 4 0
3 4 0
4 3 1
6 4 0
8 4 0
9 4 0
10 4 0
11 3 1
12 4 0
13 4 0
14 3 1
15 4 0
16 4 0
17 4 0
18 4 0
19 4 0
20 4 0
21 4 0
22 4 0
23 3 1
24 3 0
25 3 0
26 2 1
27 3 0
28 3 0
29 2 0
##=========================================
##[Voxel Mapper]Iteration 150 keyframe id, used times, remaining times:
0 5 1
1 5 1
2 5 1
3 5 1
4 5 1
6 5 1
8 5 1
9 5 1
10 5 1
11 5 1
12 5 1
13 5 1
14 5 1
15 5 1
16 5 1
17 5 1
18 5 1
19 5 1
20 5 1
21 5 1
22 5 1
23 5 1
24 4 1
25 4 1
26 4 1
27 4 1
28 4 1
29 3 1
30 3 1
31 3 1
32 2 1
33 2 1
34 2 1
35 2 1
36 3 0
##=========================================
##[Voxel Mapper]Iteration 200 keyframe id, used times, remaining times:
0 6 1
1 6 1
2 6 1
3 6 1
4 7 0
6 7 0
8 7 0
9 6 1
10 7 0
11 6 1
12 7 0
13 6 1
14 6 1
15 6 1
16 6 1
17 6 1
18 6 1
19 6 1
20 6 1
21 6 1
22 6 1
23 7 0
24 5 1
25 5 1
26 5 1
27 6 0
28 5 1
29 4 1
30 4 1
31 4 1
32 4 0
33 3 1
34 3 1
35 3 1
36 3 1
37 2 1
38 2 1
39 2 1
40 2 1
##=========================================
##[Voxel Mapper]Iteration 250 keyframe id, used times, remaining times:
0 7 1
1 7 1
2 7 1
3 7 1
4 7 1
6 7 1
8 7 1
9 7 1
10 7 1
11 7 1
12 8 0
13 7 1
14 7 1
15 7 1
16 8 0
17 7 1
18 7 1
19 7 1
20 7 1
21 7 1
22 7 1
23 7 1
24 6 1
25 6 1
26 6 1
27 6 1
28 6 1
29 5 1
30 5 1
31 5 1
32 4 1
33 4 1
34 4 1
35 4 1
36 4 1
37 3 1
38 3 1
39 3 1
40 3 1
41 2 1
42 2 1
43 2 1
44 2 1
45 3 0
46 2 1
47 2 1
48 2 1
##=========================================
##[Voxel Mapper]Iteration 300 keyframe id, used times, remaining times:
0 8 0
1 8 0
2 8 0
3 8 0
4 8 0
6 8 0
8 8 0
9 8 0
10 8 0
11 8 0
12 8 0
13 8 0
14 8 0
15 8 0
16 8 0
17 8 0
18 7 1
19 8 0
20 8 0
21 8 0
22 8 0
23 8 0
24 7 0
25 7 0
26 6 1
27 7 0
28 7 0
29 6 0
30 6 0
31 6 0
32 5 0
33 5 0
34 5 0
35 5 0
36 5 0
37 4 0
38 4 0
39 4 0
40 4 0
41 3 0
42 3 0
43 3 0
44 3 0
45 3 0
46 3 0
47 3 0
48 3 0
49 1 1
50 2 0
51 1 1
52 2 0
53 1 1
54 1 1
##=========================================
##[Voxel Mapper]Iteration 350 keyframe id, used times, remaining times:
0 9 0
1 8 1
2 9 0
3 9 0
4 8 1
6 8 1
8 8 1
9 8 1
10 9 0
11 8 1
12 9 0
13 9 0
14 9 0
15 8 1
16 9 0
17 9 0
18 9 0
19 9 0
20 9 0
21 9 0
22 9 0
23 9 0
24 7 1
25 8 0
26 7 1
27 8 0
28 8 0
29 6 1
30 7 0
31 7 0
32 6 0
33 6 0
34 6 0
35 6 0
36 5 1
37 4 1
38 5 0
39 5 0
40 4 1
41 3 1
42 3 1
43 4 0
44 3 1
45 3 1
46 4 0
47 4 0
48 4 0
49 3 0
50 2 1
51 3 0
52 2 1
53 2 1
54 3 0
55 3 0
56 2 1
57 3 0
59 2 0
60 1 1
##=========================================
##[Voxel Mapper]Iteration 400 keyframe id, used times, remaining times:
0 9 1
1 9 1
2 9 1
3 9 1
4 9 1
6 9 1
8 9 1
9 9 1
10 9 1
11 9 1
12 9 1
13 9 1
14 9 1
15 9 1
16 9 1
17 9 1
18 9 1
19 9 1
20 10 0
21 9 1
22 9 1
23 9 1
24 9 0
25 8 1
26 9 0
27 8 1
28 8 1
29 8 0
30 7 1
31 7 1
32 7 0
33 7 0
34 7 0
35 6 1
36 6 1
37 5 1
38 5 1
39 5 1
40 5 1
41 5 0
42 4 1
43 4 1
44 4 1
45 5 0
46 4 1
47 4 1
48 4 1
49 3 1
50 3 1
51 3 1
52 4 0
53 3 1
54 4 0
55 3 1
56 4 0
57 4 0
58 2 1
59 2 1
60 2 1
61 2 1
62 3 0
63 3 0
64 2 1
65 3 0
##=========================================
##[Voxel Mapper]Iteration 450 keyframe id, used times, remaining times:
0 10 0
1 10 0
2 10 0
3 10 0
4 10 0
6 10 0
8 10 0
9 10 0
10 10 0
11 10 0
12 9 1
13 10 0
14 10 0
15 10 0
16 10 0
17 10 0
18 10 0
19 10 0
20 10 0
21 10 0
22 10 0
23 10 0
24 9 0
25 9 0
26 9 0
27 9 0
28 9 0
29 8 0
30 7 1
31 7 1
32 7 0
33 7 0
34 7 0
35 7 0
36 7 0
37 6 0
38 5 1
39 5 1
40 6 0
41 5 0
42 5 0
43 5 0
44 5 0
45 5 0
46 5 0
47 5 0
48 5 0
49 4 0
50 4 0
51 4 0
52 4 0
53 4 0
54 4 0
55 4 0
56 4 0
57 4 0
58 3 0
59 3 0
60 3 0
61 3 0
62 3 0
63 3 0
64 3 0
65 3 0
66 2 0
67 1 1
68 2 0
69 1 1
70 1 1
##=========================================
##[Voxel Mapper]Iteration 500 keyframe id, used times, remaining times:
0 11 0
1 11 0
2 11 0
3 11 0
4 11 0
6 11 0
8 10 1
9 10 1
10 11 0
11 11 0
12 11 0
13 11 0
14 11 0
15 10 1
16 11 0
17 10 1
18 11 0
19 11 0
20 11 0
21 11 0
22 11 0
23 11 0
24 9 1
25 9 1
26 10 0
27 10 0
28 9 1
29 9 0
30 9 0
31 9 0
32 7 1
33 7 1
34 8 0
35 8 0
36 8 0
37 6 1
38 7 0
39 7 0
40 6 1
41 6 0
42 5 1
43 5 1
44 6 0
45 5 1
46 6 0
47 5 1
48 5 1
49 5 0
50 4 1
51 5 0
52 5 0
53 5 0
54 5 0
55 4 1
56 5 0
57 4 1
58 3 1
59 4 0
60 3 1
61 3 1
62 3 1
63 4 0
64 3 1
65 3 1
66 3 0
67 2 1
68 3 0
69 2 1
70 3 0
##=========================================
##[Voxel Mapper]Iteration 550 keyframe id, used times, remaining times:
0 11 1
1 12 0
2 12 0
3 11 1
4 12 0
6 11 1
8 11 1
9 11 1
10 11 1
11 11 1
12 11 1
13 11 1
14 11 1
15 11 1
16 11 1
17 11 1
18 11 1
19 11 1
20 11 1
21 11 1
22 12 0
23 12 0
24 10 1
25 10 1
26 11 0
27 10 1
28 10 1
29 9 1
30 9 1
31 9 1
32 8 1
33 8 1
34 9 0
35 8 1
36 8 1
37 7 1
38 7 1
39 7 1
40 7 1
41 6 1
42 6 1
43 6 1
44 6 1
45 6 1
46 6 1
47 6 1
48 6 1
49 5 1
50 5 1
51 6 0
52 5 1
53 5 1
54 5 1
55 5 1
56 6 0
57 5 1
58 4 1
59 4 1
60 4 1
61 4 1
62 4 1
63 4 1
64 4 1
65 4 1
66 3 1
67 3 1
68 3 1
69 3 1
70 4 0
71 2 1
72 3 0
73 2 1
74 2 1
75 3 0
76 1 1
##=========================================
##[Voxel Mapper]Iteration 600 keyframe id, used times, remaining times:
0 12 0
1 12 0
2 12 0
3 12 0
4 12 0
6 12 0
8 12 0
9 12 0
10 12 0
11 12 0
12 11 1
13 12 0
14 12 0
15 12 0
16 12 0
17 11 1
18 12 0
19 12 0
20 12 0
21 12 0
22 12 0
23 12 0
24 11 0
25 11 0
26 11 0
27 11 0
28 10 1
29 10 0
30 9 1
31 10 0
32 9 0
33 9 0
34 9 0
35 9 0
36 9 0
37 8 0
38 8 0
39 7 1
40 8 0
41 7 0
42 7 0
43 7 0
44 6 1
45 6 1
46 6 1
47 7 0
48 6 1
49 6 0
50 6 0
51 6 0
52 5 1
53 6 0
54 6 0
55 6 0
56 6 0
57 5 1
58 5 0
59 5 0
60 5 0
61 5 0
62 5 0
63 5 0
64 5 0
65 4 1
66 4 0
67 3 1
68 3 1
69 3 1
70 4 0
71 3 0
72 3 0
73 3 0
74 2 1
75 3 0
76 1 1
77 2 0
78 1 1
79 1 1
##=========================================
##[Voxel Mapper]Iteration 650 keyframe id, used times, remaining times:
0 12 1
1 13 0
2 12 1
3 12 1
4 12 1
6 13 0
8 13 0
9 12 1
10 12 1
11 12 1
12 13 0
13 13 0
14 12 1
15 12 1
16 12 1
17 12 1
18 12 1
19 12 1
20 12 1
21 12 1
22 12 1
23 12 1
24 11 1
25 12 0
26 12 0
27 11 1
28 11 1
29 10 1
30 10 1
31 10 1
32 9 1
33 9 1
34 9 1
35 9 1
36 10 0
37 8 1
38 8 1
39 8 1
40 8 1
41 8 0
42 8 0
43 8 0
44 7 1
45 7 1
46 8 0
47 7 1
48 8 0
49 6 1
50 6 1
51 6 1
52 6 1
53 7 0
54 7 0
55 6 1
56 7 0
57 6 1
58 5 1
59 5 1
60 6 0
61 5 1
62 5 1
63 5 1
64 5 1
65 5 1
66 5 0
67 4 1
68 4 1
69 5 0
70 5 0
71 3 1
72 4 0
73 3 1
74 4 0
75 3 1
76 3 0
77 3 0
78 2 1
79 3 0
80 3 0
81 3 0
##=========================================
##[Voxel Mapper]Iteration 700 keyframe id, used times, remaining times:
0 13 0
1 13 0
2 13 0
3 13 0
4 13 0
6 13 0
8 13 0
9 13 0
10 13 0
11 13 0
12 13 0
13 13 0
14 12 1
15 13 0
16 13 0
17 13 0
18 13 0
19 13 0
20 13 0
21 13 0
22 13 0
23 13 0
24 12 0
25 12 0
26 12 0
27 12 0
28 12 0
29 11 0
30 11 0
31 11 0
32 10 0
33 10 0
34 10 0
35 9 1
36 10 0
37 9 0
38 9 0
39 8 1
40 9 0
41 8 0
42 8 0
43 8 0
44 7 1
45 8 0
46 8 0
47 8 0
48 8 0
49 7 0
50 7 0
51 7 0
52 6 1
53 7 0
54 7 0
55 7 0
56 7 0
57 7 0
58 6 0
59 6 0
60 6 0
61 6 0
62 6 0
63 6 0
64 6 0
65 6 0
66 5 0
67 5 0
68 5 0
69 5 0
70 5 0
71 4 0
72 4 0
73 4 0
74 4 0
75 4 0
76 3 0
77 3 0
78 3 0
79 3 0
80 3 0
81 3 0
85 1 1
86 1 1
##=========================================
##[Voxel Mapper]Iteration 750 keyframe id, used times, remaining times:
0 14 0
1 13 1
2 13 1
3 13 1
4 14 0
6 13 1
8 14 0
9 14 0
10 13 1
11 13 1
12 13 1
13 13 1
14 14 0
15 14 0
16 14 0
17 14 0
18 14 0
19 13 1
20 13 1
21 13 1
22 13 1
23 14 0
24 12 1
25 13 0
26 13 0
27 12 1
28 12 1
29 11 1
30 11 1
31 12 0
32 10 1
33 10 1
34 10 1
35 10 1
36 11 0
37 9 1
38 10 0
39 9 1
40 9 1
41 8 1
42 8 1
43 9 0
44 8 1
45 8 1
46 8 1
47 9 0
48 9 0
49 8 0
50 7 1
51 8 0
52 8 0
53 8 0
54 8 0
55 8 0
56 8 0
57 8 0
58 6 1
59 7 0
60 6 1
61 6 1
62 6 1
63 6 1
64 6 1
65 6 1
66 5 1
67 5 1
68 6 0
69 6 0
70 5 1
71 4 1
72 4 1
73 4 1
74 4 1
75 5 0
76 3 1
77 3 1
78 4 0
79 3 1
80 3 1
81 4 0
82 3 0
83 2 1
84 2 1
85 3 0
86 3 0
87 2 1
##=========================================
##[Voxel Mapper]Iteration 800 keyframe id, used times, remaining times:
0 14 0
1 14 0
2 14 0
3 13 1
4 14 0
6 14 0
8 14 0
9 14 0
10 13 1
11 14 0
12 14 0
13 14 0
14 14 0
15 14 0
16 14 0
17 14 0
18 14 0
19 14 0
20 14 0
21 14 0
22 14 0
23 14 0
24 13 0
25 13 0
26 13 0
27 13 0
28 13 0
29 12 0
30 12 0
31 12 0
32 11 0
33 11 0
34 11 0
35 11 0
36 11 0
37 10 0
38 10 0
39 10 0
40 10 0
41 9 0
42 9 0
43 9 0
44 9 0
45 9 0
46 9 0
47 9 0
48 9 0
49 8 0
50 8 0
51 8 0
52 8 0
53 8 0
54 8 0
55 8 0
56 8 0
57 8 0
58 7 0
59 7 0
60 7 0
61 7 0
62 7 0
63 6 1
64 6 1
65 6 1
66 6 0
67 6 0
68 6 0
69 6 0
70 6 0
71 4 1
72 5 0
73 5 0
74 4 1
75 5 0
76 4 0
77 4 0
78 4 0
79 4 0
80 4 0
81 4 0
82 3 0
83 3 0
84 3 0
85 3 0
86 3 0
87 3 0
89 2 0
90 1 1
91 1 1
92 1 1
93 1 1
##=========================================
##[Voxel Mapper]Iteration 850 keyframe id, used times, remaining times:
0 14 1
1 15 0
2 15 0
3 14 1
4 14 1
6 14 1
8 15 0
9 14 1
10 14 1
11 14 1
12 15 0
13 15 0
14 14 1
15 14 1
16 15 0
17 14 1
18 14 1
19 15 0
20 14 1
21 14 1
22 15 0
23 14 1
24 13 1
25 13 1
26 13 1
27 13 1
28 13 1
29 12 1
30 13 0
31 13 0
32 11 1
33 12 0
34 12 0
35 11 1
36 11 1
37 10 1
38 10 1
39 10 1
40 10 1
41 10 0
42 9 1
43 9 1
44 10 0
45 10 0
46 10 0
47 9 1
48 9 1
49 8 1
50 9 0
51 9 0
52 8 1
53 9 0
54 9 0
55 9 0
56 8 1
57 8 1
58 7 1
59 8 0
60 8 0
61 7 1
62 7 1
63 7 1
64 7 1
65 7 1
66 7 0
67 7 0
68 7 0
69 6 1
70 6 1
71 5 1
72 6 0
73 5 1
74 5 1
75 6 0
76 4 1
77 5 0
78 5 0
79 5 0
80 5 0
81 5 0
82 3 1
83 3 1
84 4 0
85 3 1
86 4 0
87 3 1
88 3 0
89 2 1
90 2 1
91 2 1
92 3 0
93 2 1
##=========================================
##[Voxel Mapper]Iteration 50 keyframe id, used times, remaining times:
0 2 1
1 2 1
2 3 0
3 3 0
4 2 1
6 3 0
7 2 1
9 2 1
10 2 1
11 3 0
12 2 1
13 2 1
14 2 1
15 2 1
16 2 1
17 2 1
18 3 0
19 2 1
20 3 0
21 3 0
22 3 0
##=========================================
##[Voxel Mapper]Iteration 100 keyframe id, used times, remaining times:
0 4 0
1 4 0
2 4 0
3 4 0
4 4 0
6 4 0
7 4 0
9 4 0
10 4 0
11 4 0
12 4 0
13 4 0
14 4 0
15 4 0
16 3 1
17 4 0
18 4 0
19 4 0
20 4 0
21 4 0
22 4 0
23 3 0
24 3 0
25 3 0
26 3 0
27 1 1
28 2 0
29 1 1
30 1 1
##=========================================
##[Voxel Mapper]Iteration 150 keyframe id, used times, remaining times:
0 5 1
1 5 1
2 5 1
3 5 1
4 5 1
6 5 1
7 5 1
9 5 1
10 6 0
11 6 0
12 5 1
13 6 0
14 5 1
15 5 1
16 6 0
17 5 1
18 6 0
19 5 1
20 5 1
21 5 1
22 6 0
23 5 0
24 5 0
25 4 1
26 4 1
27 3 1
28 3 1
29 3 1
30 3 1
31 2 1
32 3 0
33 3 0
34 1 1
##=========================================
##[Voxel Mapper]Iteration 200 keyframe id, used times, remaining times:
0 6 1
1 7 0
2 6 1
3 6 1
4 7 0
6 6 1
7 7 0
9 6 1
10 6 1
11 7 0
12 6 1
13 6 1
14 6 1
15 6 1
16 6 1
17 7 0
18 6 1
19 7 0
20 7 0
21 7 0
22 7 0
23 6 0
24 6 0
25 6 0
26 5 1
27 4 1
28 5 0
29 5 0
30 5 0
31 3 1
32 3 1
33 4 0
34 2 1
35 3 0
36 2 1
37 3 0
38 2 1
39 1 1
##=========================================
##[Voxel Mapper]Iteration 250 keyframe id, used times, remaining times:
0 8 0
1 8 0
2 8 0
3 7 1
4 7 1
6 8 0
7 8 0
9 7 1
10 8 0
11 8 0
12 7 1
13 8 0
14 8 0
15 8 0
16 8 0
17 7 1
18 7 1
19 8 0
20 7 1
21 8 0
22 8 0
23 7 0
24 6 1
25 6 1
26 6 1
27 6 0
28 6 0
29 6 0
30 6 0
31 5 0
32 4 1
33 4 1
34 4 0
35 4 0
36 3 1
37 3 1
38 4 0
39 2 1
40 2 1
41 3 0
42 1 1
43 1 1
##=========================================
##[Voxel Mapper]Iteration 300 keyframe id, used times, remaining times:
0 8 1
1 9 0
2 9 0
3 9 0
4 8 1
6 8 1
7 8 1
9 8 1
10 9 0
11 8 1
12 9 0
13 8 1
14 8 1
15 8 1
16 9 0
17 8 1
18 9 0
19 8 1
20 9 0
21 8 1
22 8 1
23 8 0
24 8 0
25 8 0
26 7 1
27 7 0
28 6 1
29 6 1
30 7 0
31 6 0
32 6 0
33 5 1
34 4 1
35 4 1
36 4 1
37 5 0
38 5 0
39 4 0
40 4 0
41 3 1
42 2 1
43 3 0
44 3 0
45 3 0
46 2 1
47 3 0
50 1 1
##=========================================
##[Voxel Mapper]Iteration 350 keyframe id, used times, remaining times:
0 10 0
1 10 0
2 9 1
3 9 1
4 10 0
6 9 1
7 9 1
9 9 1
10 9 1
11 9 1
12 9 1
13 9 1
14 9 1
15 10 0
16 9 1
17 9 1
18 10 0
19 10 0
20 9 1
21 9 1
22 9 1
23 8 1
24 8 1
25 8 1
26 8 1
27 7 1
28 7 1
29 7 1
30 8 0
31 7 0
32 7 0
33 6 1
34 5 1
35 5 1
36 5 1
37 5 1
38 6 0
39 4 1
40 4 1
41 4 1
42 4 0
43 3 1
44 3 1
45 3 1
46 3 1
47 3 1
48 2 1
49 2 1
50 2 1
51 3 0
52 2 1
53 2 1
54 2 1
55 2 1
##=========================================
##[Voxel Mapper]Iteration 400 keyframe id, used times, remaining times:
0 10 0
1 10 0
2 10 0
3 10 0
4 10 0
6 10 0
7 10 0
9 10 0
10 10 0
11 10 0
12 10 0
13 10 0
14 10 0
15 10 0
16 10 0
17 10 0
18 10 0
19 10 0
20 10 0
21 10 0
22 10 0
23 9 0
24 9 0
25 9 0
26 9 0
27 7 1
28 8 0
29 8 0
30 8 0
31 7 0
32 7 0
33 7 0
34 6 0
35 6 0
36 6 0
37 6 0
38 6 0
39 5 0
40 5 0
41 5 0
42 4 0
43 4 0
44 4 0
45 4 0
46 4 0
47 4 0
48 3 0
49 3 0
50 3 0
51 3 0
52 2 1
53 3 0
54 3 0
55 3 0
56 1 1
57 2 0
58 2 0
59 1 1
60 1 1
61 1 1
62 2 0
##=========================================
##[Voxel Mapper]Iteration 450 keyframe id, used times, remaining times:
0 11 0
1 11 0
2 11 0
3 10 1
4 11 0
6 11 0
7 11 0
9 11 0
10 11 0
11 10 1
12 11 0
13 10 1
14 11 0
15 10 1
16 10 1
17 11 0
18 11 0
19 10 1
20 11 0
21 11 0
22 11 0
23 10 0
24 9 1
25 9 1
26 10 0
27 9 0
28 8 1
29 9 0
30 9 0
31 8 0
32 7 1
33 8 0
34 6 1
35 7 0
36 6 1
37 7 0
38 6 1
39 6 0
40 5 1
41 6 0
42 4 1
43 5 0
44 5 0
45 5 0
46 5 0
47 5 0
48 3 1
49 3 1
50 3 1
51 4 0
52 4 0
53 3 1
54 4 0
55 3 1
56 2 1
57 2 1
58 2 1
59 3 0
60 3 0
61 2 1
62 2 1
63 3 0
64 3 0
66 2 0
##=========================================
##[Voxel Mapper]Iteration 500 keyframe id, used times, remaining times:
0 11 1
1 11 1
2 12 0
3 11 1
4 11 1
6 11 1
7 11 1
9 12 0
10 11 1
11 11 1
12 11 1
13 11 1
14 11 1
15 11 1
16 12 0
17 11 1
18 11 1
19 11 1
20 11 1
21 11 1
22 11 1
23 10 1
24 11 0
25 10 1
26 10 1
27 9 1
28 9 1
29 9 1
30 9 1
31 9 0
32 9 0
33 8 1
34 8 0
35 7 1
36 7 1
37 7 1
38 7 1
39 6 1
40 6 1
41 6 1
42 5 1
43 5 1
44 5 1
45 5 1
46 5 1
47 5 1
48 4 1
49 4 1
50 4 1
51 4 1
52 4 1
53 4 1
54 4 1
55 4 1
56 3 1
57 3 1
58 3 1
59 3 1
60 3 1
61 3 1
62 4 0
63 4 0
64 4 0
65 3 0
66 2 1
67 3 0
68 2 1
69 3 0
70 3 0
71 1 1
##=========================================
##[Voxel Mapper]Iteration 550 keyframe id, used times, remaining times:
0 12 0
1 12 0
2 12 0
3 12 0
4 12 0
6 12 0
7 12 0
9 12 0
10 12 0
11 12 0
12 11 1
13 11 1
14 12 0
15 12 0
16 12 0
17 12 0
18 11 1
19 12 0
20 12 0
21 12 0
22 12 0
23 10 1
24 11 0
25 11 0
26 11 0
27 10 0
28 10 0
29 10 0
30 9 1
31 9 0
32 9 0
33 9 0
34 8 0
35 8 0
36 8 0
37 8 0
38 7 1
39 7 0
40 7 0
41 7 0
42 6 0
43 6 0
44 5 1
45 6 0
46 5 1
47 6 0
48 5 0
49 5 0
50 5 0
51 5 0
52 5 0
53 5 0
54 5 0
55 5 0
56 4 0
57 4 0
58 3 1
59 4 0
60 4 0
61 4 0
62 4 0
63 4 0
64 4 0
65 3 0
66 3 0
67 3 0
68 3 0
69 3 0
70 3 0
71 1 1
72 2 0
73 2 0
##=========================================
##[Voxel Mapper]Iteration 600 keyframe id, used times, remaining times:
0 13 0
1 13 0
2 12 1
3 12 1
4 12 1
6 13 0
7 13 0
9 13 0
10 13 0
11 12 1
12 12 1
13 12 1
14 12 1
15 12 1
16 12 1
17 13 0
18 13 0
19 13 0
20 13 0
21 13 0
22 12 1
23 12 0
24 12 0
25 12 0
26 12 0
27 10 1
28 10 1
29 10 1
30 11 0
31 9 1
32 9 1
33 10 0
34 9 0
35 8 1
36 8 1
37 9 0
38 9 0
39 8 0
40 7 1
41 8 0
42 7 0
43 6 1
44 6 1
45 6 1
46 7 0
47 7 0
48 5 1
49 5 1
50 5 1
51 5 1
52 6 0
53 5 1
54 6 0
55 5 1
56 4 1
57 4 1
58 5 0
59 4 1
60 5 0
61 4 1
62 5 0
63 4 1
64 5 0
65 3 1
66 4 0
67 4 0
68 4 0
69 4 0
70 3 1
71 2 1
72 2 1
73 3 0
74 3 0
75 1 1
##=========================================
##[Voxel Mapper]Iteration 650 keyframe id, used times, remaining times:
0 13 1
1 13 1
2 13 1
3 13 1
4 13 1
6 13 1
7 13 1
9 13 1
10 13 1
11 13 1
12 13 1
13 13 1
14 13 1
15 13 1
16 13 1
17 13 1
18 14 0
19 14 0
20 13 1
21 13 1
22 13 1
23 12 1
24 12 1
25 12 1
26 12 1
27 11 1
28 11 1
29 11 1
30 11 1
31 10 1
32 10 1
33 10 1
34 9 1
35 10 0
36 9 1
37 9 1
38 9 1
39 8 1
40 8 1
41 8 1
42 7 1
43 7 1
44 7 1
45 7 1
46 7 1
47 7 1
48 6 1
49 6 1
50 6 1
51 6 1
52 6 1
53 6 1
54 6 1
55 6 1
56 5 1
57 5 1
58 5 1
59 5 1
60 5 1
61 5 1
62 5 1
63 5 1
64 5 1
65 4 1
66 4 1
67 4 1
68 4 1
69 4 1
70 4 1
71 3 1
72 3 1
73 3 1
74 3 1
75 2 1
76 3 0
77 2 1
78 2 1
79 2 1
80 1 1
##=========================================
##[Voxel Mapper]Iteration 700 keyframe id, used times, remaining times:
0 13 1
1 14 0
2 14 0
3 14 0
4 14 0
6 13 1
7 13 1
9 13 1
10 14 0
11 14 0
12 14 0
13 14 0
14 14 0
15 13 1
16 14 0
17 14 0
18 14 0
19 14 0
20 14 0
21 14 0
22 14 0
23 12 1
24 13 0
25 12 1
26 13 0
27 12 0
28 12 0
29 12 0
30 12 0
31 10 1
32 11 0
33 10 1
34 9 1
35 10 0
36 9 1
37 10 0
38 9 1
39 9 0
40 9 0
41 9 0
42 7 1
43 7 1
44 8 0
45 8 0
46 8 0
47 7 1
48 7 0
49 6 1
50 7 0
51 7 0
52 7 0
53 6 1
54 6 1
55 7 0
56 6 0
57 5 1
58 5 1
59 6 0
60 6 0
61 6 0
62 5 1
63 5 1
64 6 0
65 5 0
66 5 0
67 4 1
68 5 0
69 4 1
70 5 0
71 4 0
72 3 1
73 4 0
74 4 0
75 3 0
76 3 0
77 3 0
78 2 1
79 3 0
80 2 0
82 1 1
##=========================================
##[Voxel Mapper]Iteration 750 keyframe id, used times, remaining times:
0 14 1
1 14 1
2 14 1
3 14 1
4 14 1
6 14 1
7 14 1
9 14 1
10 14 1
11 14 1
12 14 1
13 14 1
14 14 1
15 14 1
16 14 1
17 14 1
18 15 0
19 14 1
20 14 1
21 14 1
22 14 1
23 13 1
24 13 1
25 13 1
26 13 1
27 12 1
28 12 1
29 12 1
30 12 1
31 11 1
32 11 1
33 11 1
34 10 1
35 10 1
36 10 1
37 10 1
38 10 1
39 9 1
40 9 1
41 10 0
42 8 1
43 8 1
44 8 1
45 8 1
46 8 1
47 8 1
48 7 1
49 7 1
50 7 1
51 7 1
52 8 0
53 7 1
54 7 1
55 7 1
56 7 0
57 6 1
58 6 1
59 7 0
60 6 1
61 6 1
62 6 1
63 6 1
64 7 0
65 5 1
66 5 1
67 5 1
68 5 1
69 6 0
70 6 0
71 4 1
72 5 0
73 5 0
74 4 1
75 3 1
76 3 1
77 4 0
78 3 1
79 3 1
80 3 0
81 3 0
82 2 1
83 2 1
84 2 1
85 3 0
86 1 1
##=========================================
##[Voxel Mapper]Iteration 800 keyframe id, used times, remaining times:
0 15 0
1 15 0
2 14 1
3 15 0
4 15 0
6 15 0
7 15 0
9 15 0
10 14 1
11 15 0
12 14 1
13 15 0
14 14 1
15 15 0
16 15 0
17 15 0
18 15 0
19 15 0
20 14 1
21 14 1
22 15 0
23 14 0
24 14 0
25 13 1
26 14 0
27 13 0
28 12 1
29 13 0
30 13 0
31 12 0
32 12 0
33 11 1
34 11 0
35 11 0
36 11 0
37 11 0
38 11 0
39 10 0
40 10 0
41 10 0
42 8 1
43 8 1
44 9 0
45 8 1
46 9 0
47 9 0
48 8 0
49 8 0
50 8 0
51 8 0
52 8 0
53 8 0
54 8 0
55 7 1
56 7 0
57 6 1
58 6 1
59 7 0
60 6 1
61 6 1
62 7 0
63 7 0
64 7 0
65 6 0
66 6 0
67 6 0
68 6 0
69 6 0
70 6 0
71 5 0
72 5 0
73 5 0
74 4 1
75 3 1
76 3 1
77 4 0
78 4 0
79 4 0
80 3 0
81 3 0
82 3 0
83 2 1
84 2 1
85 3 0
86 2 0
88 1 1
##=========================================
##[Voxel Mapper]Iteration 850 keyframe id, used times, remaining times:
0 15 1
1 15 1
2 15 1
3 15 1
4 15 1
6 16 0
7 15 1
9 15 1
10 15 1
11 15 1
12 15 1
13 16 0
14 15 1
15 15 1
16 16 0
17 16 0
18 15 1
19 15 1
20 15 1
21 15 1
22 15 1
23 14 1
24 14 1
25 14 1
26 14 1
27 13 1
28 14 0
29 14 0
30 13 1
31 12 1
32 12 1
33 12 1
34 11 1
35 11 1
36 11 1
37 11 1
38 11 1
39 11 0
40 10 1
41 10 1
42 9 1
43 9 1
44 10 0
45 10 0
46 9 1
47 9 1
48 9 0
49 9 0
50 8 1
51 8 1
52 9 0
53 8 1
54 9 0
55 8 1
56 7 1
57 7 1
58 8 0
59 7 1
60 7 1
61 7 1
62 8 0
63 7 1
64 8 0
65 6 1
66 7 0
67 7 0
68 6 1
69 6 1
70 6 1
71 5 1
72 5 1
73 5 1
74 5 1
75 4 1
76 4 1
77 4 1
78 4 1
79 5 0
80 3 1
81 3 1
82 3 1
83 4 0
84 3 1
85 3 1
86 2 1
87 3 0
88 2 1
89 2 1
90 2 1
##=========================================
##[Voxel Mapper]Iteration 50 keyframe id, used times, remaining times:
0 2 1
1 2 1
2 2 1
3 3 0
4 2 1
6 2 1
7 2 1
8 2 1
9 2 1
10 2 1
11 2 1
12 2 1
13 3 0
14 2 1
15 2 1
16 2 1
17 3 0
18 2 1
19 2 1
20 3 0
21 3 0
22 3 0
##=========================================
##[Voxel Mapper]Iteration 100 keyframe id, used times, remaining times:
0 4 0
1 4 0
2 3 1
3 4 0
4 4 0
6 4 0
7 4 0
8 4 0
9 4 0
10 4 0
11 4 0
12 4 0
13 4 0
14 4 0
15 4 0
16 4 0
17 4 0
18 4 0
19 3 1
20 4 0
21 4 0
22 4 0
23 2 1
24 3 0
25 3 0
26 2 0
27 2 0
28 1 1
29 1 1
##=========================================
##[Voxel Mapper]Iteration 150 keyframe id, used times, remaining times:
0 5 1
1 5 1
2 5 1
3 5 1
4 5 1
6 5 1
7 6 0
8 5 1
9 5 1
10 5 1
11 5 1
12 5 1
13 6 0
14 5 1
15 5 1
16 6 0
17 5 1
18 5 1
19 5 1
20 5 1
21 5 1
22 5 1
23 4 1
24 4 1
25 4 1
26 3 1
27 4 0
28 3 1
29 3 1
30 3 1
31 2 1
32 2 1
33 3 0
34 2 1
##=========================================
##[Voxel Mapper]Iteration 200 keyframe id, used times, remaining times:
0 6 1
1 6 1
2 7 0
3 6 1
4 6 1
6 7 0
7 6 1
8 7 0
9 7 0
10 6 1
11 6 1
12 7 0
13 6 1
14 7 0
15 6 1
16 6 1
17 7 0
18 7 0
19 6 1
20 6 1
21 6 1
22 6 1
23 6 0
24 5 1
25 5 1
26 4 1
27 4 1
28 5 0
29 4 1
30 4 1
31 3 1
32 3 1
33 3 1
34 3 1
35 3 0
36 3 0
37 2 1
38 3 0
##=========================================
##[Voxel Mapper]Iteration 250 keyframe id, used times, remaining times:
0 7 1
1 7 1
2 7 1
3 8 0
4 8 0
6 8 0
7 7 1
8 8 0
9 7 1
10 7 1
11 8 0
12 8 0
13 8 0
14 7 1
15 8 0
16 7 1
17 7 1
18 7 1
19 8 0
20 7 1
21 8 0
22 8 0
23 6 1
24 6 1
25 7 0
26 5 1
27 5 1
28 5 1
29 6 0
30 5 1
31 4 1
32 4 1
33 5 0
34 5 0
35 4 0
36 3 1
37 4 0
38 4 0
39 2 1
40 2 1
41 2 1
42 1 1
##=========================================
##[Voxel Mapper]Iteration 300 keyframe id, used times, remaining times:
0 9 0
1 9 0
2 9 0
3 8 1
4 8 1
6 8 1
7 8 1
8 9 0
9 8 1
10 8 1
11 8 1
12 8 1
13 8 1
14 8 1
15 8 1
16 9 0
17 9 0
18 9 0
19 8 1
20 8 1
21 8 1
22 8 1
23 7 1
24 8 0
25 7 1
26 6 1
27 6 1
28 7 0
29 6 1
30 6 1
31 5 1
32 5 1
33 6 0
34 6 0
35 4 1
36 5 0
37 4 1
38 5 0
39 3 1
40 3 1
41 3 1
42 3 0
43 2 1
44 3 0
45 3 0
46 3 0
47 1 1
##=========================================
##[Voxel Mapper]Iteration 350 keyframe id, used times, remaining times:
0 9 1
1 9 1
2 9 1
3 9 1
4 9 1
6 9 1
7 10 0
8 9 1
9 9 1
10 9 1
11 9 1
12 9 1
13 9 1
14 9 1
15 9 1
16 9 1
17 10 0
18 9 1
19 9 1
20 9 1
21 9 1
22 9 1
23 8 1
24 8 1
25 8 1
26 7 1
27 7 1
28 7 1
29 7 1
30 7 1
31 7 0
32 6 1
33 7 0
34 6 1
35 5 1
36 5 1
37 5 1
38 5 1
39 4 1
40 4 1
41 4 1
42 4 0
43 3 1
44 3 1
45 4 0
46 3 1
47 2 1
48 2 1
49 2 1
50 2 1
51 2 1
52 2 1
53 3 0
54 1 1
##=========================================
##[Voxel Mapper]Iteration 400 keyframe id, used times, remaining times:
0 10 0
1 10 0
2 10 0
3 10 0
4 10 0
6 9 1
7 10 0
8 10 0
9 10 0
10 10 0
11 10 0
12 10 0
13 10 0
14 10 0
15 10 0
16 10 0
17 10 0
18 10 0
19 10 0
20 10 0
21 10 0
22 9 1
23 9 0
24 9 0
25 9 0
26 8 0
27 8 0
28 8 0
29 8 0
30 8 0
31 7 0
32 7 0
33 7 0
34 7 0
35 6 0
36 6 0
37 6 0
38 6 0
39 5 0
40 5 0
41 5 0
42 4 0
43 4 0
44 4 0
45 4 0
46 4 0
47 3 0
48 3 0
49 3 0
50 3 0
51 3 0
52 3 0
53 3 0
54 2 0
55 2 0
56 1 1
58 1 1
59 1 1
##=========================================
##[Voxel Mapper]Iteration 450 keyframe id, used times, remaining times:
0 11 0
1 10 1
2 11 0
3 11 0
4 10 1
6 10 1
7 11 0
8 11 0
9 11 0
10 10 1
11 11 0
12 10 1
13 11 0
14 10 1
15 11 0
16 10 1
17 10 1
18 11 0
19 11 0
20 11 0
21 10 1
22 10 1
23 10 0
24 9 1
25 10 0
26 9 0
27 9 0
28 9 0
29 9 0
30 9 0
31 8 0
32 8 0
33 8 0
34 8 0
35 7 0
36 6 1
37 6 1
38 7 0
39 5 1
40 5 1
41 5 1
42 4 1
43 4 1
44 5 0
45 4 1
46 4 1
47 4 0
48 3 1
49 4 0
50 3 1
51 3 1
52 4 0
53 4 0
54 2 1
55 2 1
56 3 0
57 3 0
58 3 0
59 2 1
60 3 0
61 2 1
62 3 0
65 2 0
##=========================================
##[Voxel Mapper]Iteration 500 keyframe id, used times, remaining times:
0 11 1
1 11 1
2 11 1
3 11 1
4 11 1
6 12 0
7 11 1
8 11 1
9 11 1
10 12 0
11 11 1
12 11 1
13 11 1
14 11 1
15 12 0
16 11 1
17 11 1
18 11 1
19 11 1
20 11 1
21 11 1
22 11 1
23 10 1
24 10 1
25 10 1
26 9 1
27 9 1
28 9 1
29 9 1
30 9 1
31 8 1
32 8 1
33 9 0
34 8 1
35 7 1
36 7 1
37 7 1
38 7 1
39 6 1
40 6 1
41 6 1
42 5 1
43 5 1
44 5 1
45 5 1
46 5 1
47 4 1
48 4 1
49 4 1
50 5 0
51 4 1
52 4 1
53 4 1
54 4 0
55 3 1
56 3 1
57 3 1
58 3 1
59 3 1
60 3 1
61 3 1
62 3 1
63 2 1
64 3 0
65 2 1
66 2 1
67 2 1
68 2 1
69 2 1
70 2 1
71 2 1
##=========================================
##[Voxel Mapper]Iteration 550 keyframe id, used times, remaining times:
0 12 0
1 12 0
2 12 0
3 12 0
4 12 0
6 12 0
7 12 0
8 11 1
9 12 0
10 12 0
11 12 0
12 12 0
13 12 0
14 12 0
15 12 0
16 12 0
17 11 1
18 12 0
19 12 0
20 12 0
21 11 1
22 11 1
23 11 0
24 11 0
25 11 0
26 10 0
27 10 0
28 10 0
29 9 1
30 10 0
31 9 0
32 9 0
33 9 0
34 8 1
35 8 0
36 8 0
37 7 1
38 8 0
39 6 1
40 6 1
41 6 1
42 5 1
43 6 0
44 5 1
45 6 0
46 6 0
47 5 0
48 5 0
49 5 0
50 5 0
51 4 1
52 5 0
53 4 1
54 4 0
55 4 0
56 3 1
57 4 0
58 4 0
59 4 0
60 4 0
61 4 0
62 4 0
63 3 0
64 3 0
65 2 1
66 2 1
67 3 0
68 3 0
69 3 0
70 3 0
71 3 0
72 1 1
73 1 1
74 1 1
##=========================================
##[Voxel Mapper]Iteration 600 keyframe id, used times, remaining times:
0 12 1
1 12 1
2 12 1
3 12 1
4 12 1
6 12 1
7 13 0
8 13 0
9 12 1
10 12 1
11 12 1
12 12 1
13 12 1
14 13 0
15 13 0
16 12 1
17 12 1
18 12 1
19 12 1
20 13 0
21 13 0
22 12 1
23 11 1
24 12 0
25 11 1
26 11 0
27 10 1
28 10 1
29 10 1
30 11 0
31 10 0
32 9 1
33 10 0
34 9 1
35 8 1
36 8 1
37 8 1
38 9 0
39 7 1
40 8 0
41 7 1
42 6 1
43 6 1
44 7 0
45 7 0
46 6 1
47 5 1
48 5 1
49 5 1
50 5 1
51 5 1
52 6 0
53 5 1
54 4 1
55 4 1
56 5 0
57 5 0
58 5 0
59 5 0
60 4 1
61 5 0
62 4 1
63 4 0
64 3 1
65 3 1
66 3 1
67 3 1
68 3 1
69 4 0
70 4 0
71 4 0
72 2 1
73 2 1
74 2 1
75 3 0
76 2 1
##=========================================
##[Voxel Mapper]Iteration 650 keyframe id, used times, remaining times:
0 13 0
1 13 0
2 13 0
3 13 0
4 13 0
6 13 0
7 13 0
8 13 0
9 13 0
10 13 0
11 13 0
12 13 0
13 13 0
14 13 0
15 13 0
16 13 0
17 13 0
18 13 0
19 13 0
20 13 0
21 13 0
22 13 0
23 12 0
24 12 0
25 12 0
26 11 0
27 11 0
28 11 0
29 11 0
30 11 0
31 10 0
32 10 0
33 10 0
34 10 0
35 9 0
36 9 0
37 9 0
38 9 0
39 7 1
40 8 0
41 8 0
42 7 0
43 7 0
44 7 0
45 7 0
46 7 0
47 6 0
48 6 0
49 6 0
50 6 0
51 5 1
52 6 0
53 5 1
54 4 1
55 5 0
56 5 0
57 5 0
58 5 0
59 5 0
60 5 0
61 5 0
62 5 0
63 4 0
64 4 0
65 4 0
66 4 0
67 4 0
68 4 0
69 4 0
70 4 0
71 4 0
72 3 0
73 3 0
74 3 0
75 3 0
76 3 0
77 2 0
78 2 0
##=========================================
##[Voxel Mapper]Iteration 700 keyframe id, used times, remaining times:
0 14 0
1 14 0
2 14 0
3 13 1
4 13 1
6 13 1
7 14 0
8 13 1
9 13 1
10 14 0
11 14 0
12 14 0
13 14 0
14 13 1
15 13 1
16 13 1
17 14 0
18 13 1
19 14 0
20 14 0
21 14 0
22 13 1
23 13 0
24 12 1
25 13 0
26 12 0
27 11 1
28 12 0
29 12 0
30 11 1
31 11 0
32 10 1
33 11 0
34 10 1
35 10 0
36 9 1
37 10 0
38 9 1
39 9 0
40 9 0
41 8 1
42 7 1
43 8 0
44 8 0
45 7 1
46 7 1
47 6 1
48 6 1
49 6 1
50 6 1
51 6 1
52 7 0
53 6 1
54 6 0
55 5 1
56 6 0
57 6 0
58 6 0
59 5 1
60 5 1
61 5 1
62 6 0
63 5 0
64 4 1
65 4 1
66 4 1
67 5 0
68 5 0
69 4 1
70 5 0
71 5 0
72 4 0
73 4 0
74 3 1
75 3 1
76 3 1
77 3 0
78 2 1
79 2 1
80 3 0
82 2 0
##=========================================
##[Voxel Mapper]Iteration 750 keyframe id, used times, remaining times:
0 14 0
1 14 0
2 14 0
3 14 0
4 14 0
6 14 0
7 14 0
8 14 0
9 14 0
10 14 0
11 14 0
12 14 0
13 14 0
14 14 0
15 14 0
16 14 0
17 14 0
18 14 0
19 14 0
20 14 0
21 14 0
22 14 0
23 13 0
24 13 0
25 13 0
26 12 0
27 12 0
28 12 0
29 12 0
30 12 0
31 11 0
32 11 0
33 11 0
34 11 0
35 10 0
36 10 0
37 10 0
38 10 0
39 9 0
40 9 0
41 9 0
42 8 0
43 8 0
44 8 0
45 8 0
46 8 0
47 7 0
48 7 0
49 7 0
50 7 0
51 7 0
52 7 0
53 7 0
54 6 0
55 6 0
56 6 0
57 6 0
58 6 0
59 6 0
60 6 0
61 6 0
62 6 0
63 5 0
64 5 0
65 5 0
66 5 0
67 5 0
68 5 0
69 5 0
70 5 0
71 5 0
72 4 0
73 4 0
74 4 0
75 4 0
76 4 0
77 3 0
78 3 0
79 3 0
80 3 0
81 2 0
82 2 0
83 2 0
84 2 0
85 2 0
86 2 0
##=========================================
##[Voxel Mapper]Iteration 800 keyframe id, used times, remaining times:
0 15 0
1 15 0
2 15 0
3 15 0
4 14 1
6 15 0
7 14 1
8 14 1
9 15 0
10 14 1
11 14 1
12 15 0
13 14 1
14 14 1
15 14 1
16 14 1
17 14 1
18 14 1
19 15 0
20 14 1
21 15 0
22 15 0
23 13 1
24 13 1
25 14 0
26 12 1
27 13 0
28 12 1
29 13 0
30 12 1
31 12 0
32 12 0
33 11 1
34 11 1
35 11 0
36 11 0
37 11 0
38 11 0
39 10 0
40 10 0
41 9 1
42 9 0
43 8 1
44 9 0
45 9 0
46 8 1
47 7 1
48 7 1
49 8 0
50 7 1
51 7 1
52 7 1
53 7 1
54 7 0
55 6 1
56 7 0
57 7 0
58 7 0
59 7 0
60 7 0
61 7 0
62 7 0
63 6 0
64 5 1
65 6 0
66 5 1
67 6 0
68 6 0
69 6 0
70 6 0
71 5 1
72 5 0
73 5 0
74 5 0
75 4 1
76 5 0
77 3 1
78 4 0
79 4 0
80 4 0
81 2 1
82 3 0
83 2 1
84 3 0
85 3 0
86 3 0
##=========================================
##[Voxel Mapper]Iteration 850 keyframe id, used times, remaining times:
0 15 1
1 15 1
2 15 1
3 15 1
4 15 1
6 15 1
7 15 1
8 15 1
9 15 1
10 15 1
11 15 1
12 15 1
13 15 1
14 16 0
15 15 1
16 15 1
17 15 1
18 15 1
19 15 1
20 15 1
21 15 1
22 15 1
23 14 1
24 14 1
25 14 1
26 13 1
27 13 1
28 13 1
29 13 1
30 13 1
31 12 1
32 12 1
33 12 1
34 12 1
35 11 1
36 11 1
37 11 1
38 11 1
39 10 1
40 10 1
41 10 1
42 9 1
43 9 1
44 9 1
45 9 1
46 9 1
47 8 1
48 8 1
49 8 1
50 8 1
51 8 1
52 8 1
53 8 1
54 7 1
55 7 1
56 7 1
57 7 1
58 7 1
59 7 1
60 7 1
61 7 1
62 7 1
63 6 1
64 6 1
65 6 1
66 6 1
67 6 1
68 6 1
69 6 1
70 6 1
71 6 1
72 5 1
73 5 1
74 5 1
75 5 1
76 5 1
77 4 1
78 4 1
79 4 1
80 4 1
81 3 1
82 3 1
83 3 1
84 3 1
85 3 1
86 3 1
87 2 1
88 2 1
89 2 1
90 2 1
91 2 1
92 3 0
##=========================================
##[Voxel Mapper]Iteration 50 keyframe id, used times, remaining times:
0 2 1
1 2 1
2 3 0
3 3 0
4 2 1
6 2 1
9 3 0
10 2 1
11 2 1
12 3 0
13 2 1
14 3 0
15 2 1
16 2 1
17 2 1
18 3 0
19 2 1
20 2 1
21 2 1
22 2 1
23 2 1
24 2 1
##=========================================
##[Voxel Mapper]Iteration 100 keyframe id, used times, remaining times:
0 4 0
1 4 0
2 4 0
3 4 0
4 3 1
6 4 0
9 4 0
10 4 0
11 3 1
12 4 0
13 3 1
14 4 0
15 4 0
16 4 0
17 4 0
18 3 1
19 4 0
20 4 0
21 4 0
22 4 0
23 4 0
24 4 0
25 3 0
26 2 1
27 3 0
28 3 0
29 3 0
30 1 1
31 1 1
##=========================================
##[Voxel Mapper]Iteration 150 keyframe id, used times, remaining times:
0 5 0
1 5 0
2 5 0
3 5 0
4 5 0
6 5 0
9 5 0
10 5 0
11 5 0
12 5 0
13 5 0
14 5 0
15 5 0
16 5 0
17 5 0
18 5 0
19 5 0
20 5 0
21 5 0
22 5 0
23 5 0
24 5 0
25 4 0
26 4 0
27 4 0
28 4 0
29 4 0
30 3 0
31 3 0
32 3 0
33 3 0
34 2 0
35 2 0
36 2 0
37 2 0
##=========================================
##[Voxel Mapper]Iteration 200 keyframe id, used times, remaining times:
0 6 1
1 6 1
2 6 1
3 6 1
4 6 1
6 6 1
9 6 1
10 6 1
11 6 1
12 6 1
13 6 1
14 6 1
15 7 0
16 6 1
17 6 1
18 6 1
19 6 1
20 6 1
21 6 1
22 6 1
23 6 1
24 7 0
25 5 1
26 6 0
27 5 1
28 6 0
29 5 1
30 4 1
31 5 0
32 4 1
33 4 1
34 3 1
35 3 1
36 3 1
37 3 1
38 3 1
39 2 1
40 2 1
41 3 0
##=========================================
##[Voxel Mapper]Iteration 250 keyframe id, used times, remaining times:
0 8 0
1 7 1
2 7 1
3 7 1
4 8 0
6 7 1
9 7 1
10 7 1
11 8 0
12 7 1
13 8 0
14 7 1
15 7 1
16 7 1
17 7 1
18 7 1
19 7 1
20 7 1
21 7 1
22 7 1
23 7 1
24 7 1
25 6 1
26 6 1
27 6 1
28 6 1
29 6 1
30 5 1
31 5 1
32 5 1
33 5 1
34 4 1
35 4 1
36 4 1
37 4 1
38 4 1
39 3 1
40 3 1
41 4 0
42 2 1
43 3 0
44 2 1
45 3 0
46 2 1
##=========================================
##[Voxel Mapper]Iteration 300 keyframe id, used times, remaining times:
0 8 1
1 8 1
2 9 0
3 8 1
4 8 1
6 8 1
9 8 1
10 8 1
11 8 1
12 8 1
13 8 1
14 8 1
15 8 1
16 8 1
17 8 1
18 8 1
19 8 1
20 8 1
21 8 1
22 8 1
23 8 1
24 8 1
25 7 1
26 7 1
27 7 1
28 7 1
29 7 1
30 6 1
31 6 1
32 6 1
33 6 1
34 5 1
35 5 1
36 5 1
37 5 1
38 5 1
39 4 1
40 4 1
41 4 1
42 3 1
43 3 1
44 3 1
45 3 1
46 3 1
47 2 1
48 2 1
49 2 1
50 2 1
51 2 1
52 2 1
##=========================================
##[Voxel Mapper]Iteration 350 keyframe id, used times, remaining times:
0 9 0
1 8 1
2 9 0
3 9 0
4 9 0
6 8 1
9 9 0
10 9 0
11 9 0
12 9 0
13 9 0
14 9 0
15 9 0
16 8 1
17 9 0
18 9 0
19 8 1
20 9 0
21 9 0
22 9 0
23 9 0
24 9 0
25 8 0
26 8 0
27 7 1
28 8 0
29 8 0
30 7 0
31 7 0
32 7 0
33 7 0
34 6 0
35 6 0
36 6 0
37 5 1
38 6 0
39 5 0
40 5 0
41 5 0
42 4 0
43 3 1
44 4 0
45 4 0
46 4 0
47 3 0
48 3 0
49 2 1
50 3 0
51 3 0
52 3 0
53 2 0
54 2 0
55 2 0
57 2 0
58 1 1
##=========================================
##[Voxel Mapper]Iteration 400 keyframe id, used times, remaining times:
0 10 0
1 10 0
2 10 0
3 9 1
4 10 0
6 10 0
9 10 0
10 9 1
11 9 1
12 9 1
13 9 1
14 9 1
15 10 0
16 9 1
17 10 0
18 9 1
19 10 0
20 10 0
21 9 1
22 9 1
23 10 0
24 10 0
25 9 0
26 9 0
27 9 0
28 8 1
29 8 1
30 7 1
31 8 0
32 8 0
33 7 1
34 6 1
35 7 0
36 6 1
37 6 1
38 6 1
39 5 1
40 5 1
41 6 0
42 4 1
43 4 1
44 5 0
45 5 0
46 5 0
47 3 1
48 3 1
49 3 1
50 3 1
51 4 0
52 3 1
53 2 1
54 3 0
55 3 0
56 2 1
57 2 1
58 3 0
59 2 1
60 3 0
61 2 1
62 3 0
63 2 0
65 1 1
##=========================================
##[Voxel Mapper]Iteration 450 keyframe id, used times, remaining times:
0 10 1
1 10 1
2 10 1
3 11 0
4 10 1
6 10 1
9 10 1
10 10 1
11 10 1
12 10 1
13 10 1
14 10 1
15 10 1
16 11 0
17 10 1
18 10 1
19 10 1
20 10 1
21 10 1
22 10 1
23 10 1
24 10 1
25 9 1
26 9 1
27 9 1
28 9 1
29 9 1
30 8 1
31 8 1
32 9 0
33 8 1
34 7 1
35 7 1
36 7 1
37 7 1
38 7 1
39 6 1
40 6 1
41 6 1
42 5 1
43 5 1
44 5 1
45 5 1
46 5 1
47 4 1
48 5 0
49 5 0
50 5 0
51 4 1
52 4 1
53 3 1
54 3 1
55 3 1
56 3 1
57 3 1
58 3 1
59 3 1
60 3 1
61 3 1
62 3 1
63 2 1
64 2 1
65 2 1
66 2 1
67 2 1
68 3 0
69 2 1
##=========================================
##[Voxel Mapper]Iteration 500 keyframe id, used times, remaining times:
0 10 1
1 11 0
2 10 1
3 11 0
4 11 0
6 11 0
9 11 0
10 11 0
11 10 1
12 11 0
13 11 0
14 11 0
15 11 0
16 11 0
17 11 0
18 11 0
19 11 0
20 11 0
21 11 0
22 11 0
23 11 0
24 11 0
25 10 0
26 9 1
27 9 1
28 10 0
29 9 1
30 8 1
31 8 1
32 9 0
33 9 0
34 8 0
35 7 1
36 8 0
37 8 0
38 8 0
39 7 0
40 7 0
41 7 0
42 6 0
43 6 0
44 6 0
45 6 0
46 5 1
47 5 0
48 5 0
49 5 0
50 5 0
51 5 0
52 5 0
53 4 0
54 3 1
55 4 0
56 4 0
57 4 0
58 3 1
59 4 0
60 4 0
61 4 0
62 4 0
63 3 0
64 3 0
65 3 0
66 3 0
67 2 1
68 3 0
69 3 0
70 1 1
71 1 1
73 1 1
##=========================================
##[Voxel Mapper]Iteration 550 keyframe id, used times, remaining times:
0 12 0
1 11 1
2 12 0
3 12 0
4 11 1
6 11 1
9 11 1
10 11 1
11 11 1
12 11 1
13 11 1
14 11 1
15 11 1
16 11 1
17 12 0
18 12 0
19 11 1
20 11 1
21 11 1
22 11 1
23 12 0
24 12 0
25 10 1
26 10 1
27 11 0
28 10 1
29 11 0
30 9 1
31 10 0
32 10 0
33 9 1
34 9 0
35 9 0
36 8 1
37 8 1
38 8 1
39 7 1
40 7 1
41 7 1
42 6 1
43 6 1
44 6 1
45 6 1
46 7 0
47 5 1
48 5 1
49 5 1
50 6 0
51 6 0
52 5 1
53 5 0
54 4 1
55 4 1
56 4 1
57 5 0
58 5 0
59 4 1
60 4 1
61 5 0
62 5 0
63 4 0
64 4 0
65 4 0
66 3 1
67 4 0
68 3 1
69 4 0
70 2 1
71 3 0
72 3 0
73 3 0
74 3 0
##=========================================
##[Voxel Mapper]Iteration 600 keyframe id, used times, remaining times:
0 12 0
1 12 0
2 12 0
3 12 0
4 12 0
6 12 0
9 12 0
10 12 0
11 12 0
12 12 0
13 12 0
14 12 0
15 12 0
16 12 0
17 12 0
18 12 0
19 12 0
20 12 0
21 12 0
22 12 0
23 12 0
24 12 0
25 11 0
26 11 0
27 11 0
28 11 0
29 11 0
30 10 0
31 10 0
32 10 0
33 10 0
34 9 0
35 9 0
36 9 0
37 9 0
38 8 1
39 8 0
40 8 0
41 8 0
42 7 0
43 7 0
44 7 0
45 7 0
46 7 0
47 6 0
48 6 0
49 6 0
50 6 0
51 6 0
52 6 0
53 5 0
54 5 0
55 5 0
56 5 0
57 5 0
58 5 0
59 5 0
60 5 0
61 5 0
62 5 0
63 4 0
64 4 0
65 4 0
66 4 0
67 4 0
68 4 0
69 4 0
70 3 0
71 3 0
72 3 0
73 3 0
74 3 0
75 1 1
76 2 0
77 1 1
78 2 0
79 2 0
80 1 1
##=========================================
##[Voxel Mapper]Iteration 650 keyframe id, used times, remaining times:
0 13 0
1 13 0
2 12 1
3 13 0
4 13 0
6 12 1
9 12 1
10 13 0
11 13 0
12 13 0
13 13 0
14 13 0
15 13 0
16 12 1
17 13 0
18 13 0
19 13 0
20 12 1
21 12 1
22 13 0
23 12 1
24 12 1
25 11 1
26 11 1
27 12 0
28 12 0
29 12 0
30 10 1
31 11 0
32 10 1
33 10 1
34 10 0
35 10 0
36 9 1
37 9 1
38 10 0
39 9 0
40 9 0
41 9 0
42 8 0
43 8 0
44 8 0
45 8 0
46 8 0
47 6 1
48 6 1
49 6 1
50 7 0
51 6 1
52 6 1
53 6 0
54 6 0
55 6 0
56 5 1
57 6 0
58 5 1
59 6 0
60 5 1
61 6 0
62 6 0
63 4 1
64 5 0
65 4 1
66 5 0
67 5 0
68 4 1
69 4 1
70 3 1
71 4 0
72 3 1
73 4 0
74 4 0
75 3 0
76 2 1
77 2 1
78 2 1
79 3 0
80 3 0
##=========================================
##[Voxel Mapper]Iteration 700 keyframe id, used times, remaining times:
0 13 1
1 13 1
2 13 1
3 13 1
4 13 1
6 13 1
9 13 1
10 13 1
11 13 1
12 13 1
13 13 1
14 13 1
15 13 1
16 13 1
17 13 1
18 13 1
19 13 1
20 13 1
21 13 1
22 13 1
23 13 1
24 13 1
25 12 1
26 12 1
27 12 1
28 13 0
29 12 1
30 11 1
31 11 1
32 11 1
33 11 1
34 10 1
35 10 1
36 10 1
37 10 1
38 10 1
39 9 1
40 9 1
41 9 1
42 8 1
43 8 1
44 8 1
45 8 1
46 8 1
47 7 1
48 7 1
49 7 1
50 7 1
51 7 1
52 7 1
53 6 1
54 6 1
55 6 1
56 7 0
57 6 1
58 6 1
59 6 1
60 6 1
61 6 1
62 6 1
63 5 1
64 5 1
65 5 1
66 5 1
67 5 1
68 5 1
69 5 1
70 4 1
71 4 1
72 4 1
73 4 1
74 4 1
75 3 1
76 3 1
77 3 1
78 3 1
79 3 1
80 3 1
81 2 1
82 3 0
83 2 1
84 2 1
85 2 1
86 2 1
87 3 0
##=========================================
##[Voxel Mapper]Iteration 750 keyframe id, used times, remaining times:
0 14 0
1 14 0
2 13 1
3 14 0
4 14 0
6 14 0
9 14 0
10 14 0
11 14 0
12 13 1
13 14 0
14 14 0
15 14 0
16 14 0
17 14 0
18 13 1
19 14 0
20 13 1
21 13 1
22 13 1
23 14 0
24 14 0
25 13 0
26 12 1
27 13 0
28 13 0
29 13 0
30 11 1
31 12 0
32 12 0
33 11 1
34 11 0
35 10 1
36 10 1
37 10 1
38 11 0
39 10 0
40 10 0
41 9 1
42 9 0
43 9 0
44 8 1
45 8 1
46 9 0
47 8 0
48 8 0
49 8 0
50 8 0
51 7 1
52 7 1
53 7 0
54 7 0
55 6 1
56 7 0
57 6 1
58 6 1
59 6 1
60 7 0
61 7 0
62 7 0
63 5 1
64 6 0
65 5 1
66 5 1
67 6 0
68 5 1
69 6 0
70 4 1
71 4 1
72 5 0
73 4 1
74 5 0
75 3 1
76 3 1
77 4 0
78 4 0
79 4 0
80 4 0
81 3 0
82 3 0
83 2 1
84 2 1
85 3 0
86 3 0
87 3 0
88 1 1
##=========================================
##[Voxel Mapper]Iteration 800 keyframe id, used times, remaining times:
0 14 1
1 14 1
2 14 1
3 14 1
4 14 1
6 14 1
9 14 1
10 14 1
11 14 1
12 14 1
13 14 1
14 14 1
15 14 1
16 14 1
17 14 1
18 14 1
19 14 1
20 14 1
21 14 1
22 14 1
23 14 1
24 14 1
25 13 1
26 13 1
27 13 1
28 13 1
29 13 1
30 12 1
31 12 1
32 12 1
33 12 1
34 11 1
35 12 0
36 12 0
37 11 1
38 11 1
39 10 1
40 10 1
41 10 1
42 9 1
43 9 1
44 9 1
45 9 1
46 9 1
47 8 1
48 8 1
49 8 1
50 8 1
51 8 1
52 8 1
53 7 1
54 7 1
55 7 1
56 7 1
57 7 1
58 7 1
59 7 1
60 7 1
61 7 1
62 8 0
63 7 0
64 6 1
65 6 1
66 6 1
67 6 1
68 6 1
69 6 1
70 5 1
71 5 1
72 5 1
73 5 1
74 5 1
75 5 0
76 4 1
77 4 1
78 4 1
79 4 1
80 4 1
81 3 1
82 3 1
83 4 0
84 3 1
85 3 1
86 3 1
87 3 1
88 2 1
89 2 1
90 2 1
91 3 0
92 2 1
93 2 1
##=========================================
##[Voxel Mapper]Iteration 850 keyframe id, used times, remaining times:
0 15 0
1 15 0
2 15 0
3 15 0
4 15 0
6 15 0
9 14 1
10 15 0
11 15 0
12 15 0
13 15 0
14 15 0
15 14 1
16 15 0
17 15 0
18 14 1
19 14 1
20 14 1
21 14 1
22 15 0
23 14 1
24 14 1
25 13 1
26 14 0
27 14 0
28 13 1
29 14 0
30 13 0
31 12 1
32 13 0
33 13 0
34 12 0
35 12 0
36 12 0
37 11 1
38 11 1
39 10 1
40 11 0
41 11 0
42 9 1
43 9 1
44 9 1
45 10 0
46 10 0
47 9 0
48 8 1
49 8 1
50 8 1
51 9 0
52 8 1
53 7 1
54 8 0
55 7 1
56 8 0
57 7 1
58 8 0
59 8 0
60 8 0
61 7 1
62 8 0
63 7 0
64 6 1
65 6 1
66 7 0
67 6 1
68 6 1
69 7 0
70 6 0
71 6 0
72 5 1
73 6 0
74 6 0
75 5 0
76 5 0
77 4 1
78 5 0
79 5 0
80 5 0
81 3 1
82 4 0
83 4 0
84 4 0
85 3 1
86 4 0
87 4 0
88 3 0
89 2 1
90 3 0
91 3 0
92 3 0
93 2 1
94 1 1
##=========================================
##[Voxel Mapper]Iteration 50 keyframe id, used times, remaining times:
0 2 1
1 2 1
2 3 0
3 3 0
4 2 1
6 2 1
8 3 0
9 2 1
10 2 1
11 2 1
12 2 1
13 2 1
14 3 0
15 2 1
16 3 0
17 3 0
18 2 1
19 2 1
20 2 1
21 2 1
22 3 0
23 1 1
##=========================================
##[Voxel Mapper]Iteration 100 keyframe id, used times, remaining times:
0 4 0
1 4 0
2 4 0
3 4 0
4 4 0
6 4 0
8 4 0
9 4 0
10 4 0
11 4 0
12 4 0
13 4 0
14 4 0
15 4 0
16 4 0
17 4 0
18 4 0
19 4 0
20 4 0
21 4 0
22 4 0
23 3 0
24 3 0
25 3 0
26 3 0
27 2 0
28 1 1
29 1 1
##=========================================
##[Voxel Mapper]Iteration 150 keyframe id, used times, remaining times:
0 5 1
1 5 1
2 5 1
3 6 0
4 5 1
6 5 1
8 5 1
9 5 1
10 6 0
11 5 1
12 5 1
13 5 1
14 6 0
15 5 1
16 5 1
17 5 1
18 5 1
19 5 1
20 5 1
21 5 1
22 5 1
23 5 0
24 4 1
25 4 1
26 4 1
27 3 1
28 3 1
29 3 1
30 4 0
31 2 1
32 3 0
33 3 0
34 2 1
35 2 1
##=========================================
##[Voxel Mapper]Iteration 200 keyframe id, used times, remaining times:
0 7 0
1 7 0
2 7 0
3 6 1
4 6 1
6 7 0
8 6 1
9 7 0
10 7 0
11 6 1
12 6 1
13 6 1
14 7 0
15 7 0
16 6 1
17 7 0
18 6 1
19 7 0
20 6 1
21 7 0
22 6 1
23 5 1
24 5 1
25 5 1
26 6 0
27 5 0
28 5 0
29 4 1
30 4 1
31 3 1
32 3 1
33 4 0
34 3 1
35 3 1
36 3 0
37 2 1
38 2 1
39 1 1
##=========================================
##[Voxel Mapper]Iteration 250 keyframe id, used times, remaining times:
0 7 1
1 7 1
2 7 1
3 7 1
4 7 1
6 8 0
8 7 1
9 7 1
10 7 1
11 7 1
12 7 1
13 8 0
14 7 1
15 8 0
16 8 0
17 8 0
18 7 1
19 7 1
20 7 1
21 7 1
22 8 0
23 7 0
24 7 0
25 6 1
26 6 1
27 5 1
28 5 1
29 6 0
30 5 1
31 4 1
32 4 1
33 5 0
34 4 1
35 4 1
36 3 1
37 4 0
38 4 0
39 3 0
40 2 1
41 2 1
42 3 0
43 3 0
44 3 0
45 1 1
47 1 1
##=========================================
##[Voxel Mapper]Iteration 300 keyframe id, used times, remaining times:
0 8 1
1 8 1
2 8 1
3 8 1
4 8 1
6 8 1
8 8 1
9 8 1
10 9 0
11 8 1
12 8 1
13 8 1
14 8 1
15 8 1
16 8 1
17 8 1
18 8 1
19 8 1
20 8 1
21 8 1
22 8 1
23 7 1
24 7 1
25 7 1
26 7 1
27 6 1
28 6 1
29 6 1
30 7 0
31 5 1
32 5 1
33 5 1
34 5 1
35 5 1
36 4 1
37 5 0
38 4 1
39 4 0
40 3 1
41 3 1
42 3 1
43 3 1
44 4 0
45 2 1
46 2 1
47 2 1
48 2 1
49 2 1
50 2 1
51 2 1
52 3 0
53 3 0
##=========================================
##[Voxel Mapper]Iteration 350 keyframe id, used times, remaining times:
0 9 0
1 9 0
2 9 0
3 9 0
4 8 1
6 9 0
8 9 0
9 9 0
10 9 0
11 9 0
12 9 0
13 9 0
14 9 0
15 9 0
16 9 0
17 9 0
18 9 0
19 9 0
20 9 0
21 9 0
22 9 0
23 8 0
24 8 0
25 8 0
26 8 0
27 7 0
28 7 0
29 7 0
30 7 0
31 6 0
32 6 0
33 6 0
34 6 0
35 6 0
36 5 0
37 5 0
38 5 0
39 4 0
40 4 0
41 4 0
42 4 0
43 4 0
44 4 0
45 3 0
46 3 0
47 3 0
48 3 0
49 3 0
50 3 0
51 3 0
52 3 0
53 3 0
54 1 1
55 2 0
56 1 1
58 1 1
60 1 1
##=========================================
##[Voxel Mapper]Iteration 400 keyframe id, used times, remaining times:
0 9 1
1 10 0
2 9 1
3 10 0
4 9 1
6 9 1
8 10 0
9 10 0
10 9 1
11 9 1
12 10 0
13 10 0
14 10 0
15 10 0
16 10 0
17 9 1
18 9 1
19 10 0
20 9 1
21 10 0
22 10 0
23 8 1
24 9 0
25 9 0
26 9 0
27 7 1
28 8 0
29 8 0
30 7 1
31 6 1
32 7 0
33 7 0
34 7 0
35 7 0
36 6 0
37 6 0
38 5 1
39 4 1
40 5 0
41 4 1
42 4 1
43 5 0
44 4 1
45 3 1
46 3 1
47 3 1
48 4 0
49 3 1
50 4 0
51 3 1
52 3 1
53 4 0
54 3 0
55 3 0
56 2 1
57 3 0
58 3 0
59 3 0
60 3 0
61 3 0
63 2 0
64 1 1
65 1 1
##=========================================
##[Voxel Mapper]Iteration 450 keyframe id, used times, remaining times:
0 10 1
1 10 1
2 10 1
3 10 1
4 11 0
6 11 0
8 10 1
9 11 0
10 10 1
11 10 1
12 10 1
13 10 1
14 11 0
15 10 1
16 10 1
17 10 1
18 10 1
19 10 1
20 10 1
21 10 1
22 10 1
23 9 1
24 9 1
25 9 1
26 9 1
27 9 0
28 8 1
29 8 1
30 8 1
31 8 0
32 7 1
33 8 0
34 7 1
35 7 1
36 6 1
37 6 1
38 6 1
39 5 1
40 6 0
41 5 1
42 5 1
43 5 1
44 5 1
45 5 0
46 4 1
47 4 1
48 5 0
49 4 1
50 4 1
51 4 1
52 4 1
53 5 0
54 3 1
55 3 1
56 3 1
57 3 1
58 4 0
59 4 0
60 3 1
61 3 1
62 2 1
63 2 1
64 2 1
65 3 0
66 2 1
67 2 1
68 3 0
##=========================================
##[Voxel Mapper]Iteration 500 keyframe id, used times, remaining times:
0 11 0
1 11 0
2 11 0
3 10 1
4 11 0
6 11 0
8 11 0
9 11 0
10 11 0
11 11 0
12 10 1
13 11 0
14 11 0
15 11 0
16 11 0
17 11 0
18 11 0
19 11 0
20 11 0
21 10 1
22 11 0
23 10 0
24 10 0
25 10 0
26 10 0
27 9 0
28 9 0
29 9 0
30 9 0
31 8 0
32 8 0
33 8 0
34 7 1
35 8 0
36 7 0
37 7 0
38 7 0
39 5 1
40 6 0
41 6 0
42 6 0
43 6 0
44 6 0
45 5 0
46 5 0
47 5 0
48 5 0
49 5 0
50 5 0
51 5 0
52 5 0
53 5 0
54 3 1
55 4 0
56 4 0
57 4 0
58 4 0
59 4 0
60 4 0
61 4 0
62 3 0
63 3 0
64 3 0
65 3 0
66 3 0
67 3 0
68 3 0
69 1 1
70 2 0
71 1 1
##=========================================
##[Voxel Mapper]Iteration 550 keyframe id, used times, remaining times:
0 12 0
1 12 0
2 11 1
3 11 1
4 12 0
6 11 1
8 12 0
9 12 0
10 11 1
11 11 1
12 11 1
13 12 0
14 11 1
15 12 0
16 11 1
17 12 0
18 12 0
19 11 1
20 12 0
21 12 0
22 11 1
23 11 0
24 11 0
25 11 0
26 11 0
27 9 1
28 10 0
29 9 1
30 9 1
31 8 1
32 8 1
33 8 1
34 8 1
35 8 1
36 8 0
37 8 0
38 7 1
39 7 0
40 7 0
41 6 1
42 6 1
43 7 0
44 7 0
45 6 0
46 6 0
47 6 0
48 5 1
49 5 1
50 5 1
51 6 0
52 6 0
53 6 0
54 5 0
55 4 1
56 4 1
57 5 0
58 5 0
59 5 0
60 4 1
61 4 1
62 4 0
63 4 0
64 3 1
65 4 0
66 3 1
67 4 0
68 4 0
69 2 1
70 2 1
71 2 1
72 3 0
73 1 1
74 1 1
##=========================================
##[Voxel Mapper]Iteration 600 keyframe id, used times, remaining times:
0 12 1
1 12 1
2 12 1
3 12 1
4 12 1
6 12 1
8 12 1
9 12 1
10 12 1
11 12 1
12 12 1
13 12 1
14 13 0
15 12 1
16 12 1
17 12 1
18 12 1
19 12 1
20 13 0
21 12 1
22 12 1
23 11 1
24 11 1
25 11 1
26 11 1
27 10 1
28 10 1
29 11 0
30 10 1
31 9 1
32 9 1
33 9 1
34 9 1
35 9 1
36 8 1
37 8 1
38 8 1
39 7 1
40 7 1
41 7 1
42 7 1
43 7 1
44 7 1
45 6 1
46 6 1
47 6 1
48 6 1
49 6 1
50 6 1
51 6 1
52 6 1
53 6 1
54 5 1
55 5 1
56 6 0
57 5 1
58 5 1
59 5 1
60 5 1
61 5 1
62 4 1
63 4 1
64 4 1
65 4 1
66 4 1
67 4 1
68 4 1
69 3 1
70 3 1
71 3 1
72 3 1
73 3 0
74 2 1
75 2 1
76 3 0
77 3 0
78 2 1
##=========================================
##[Voxel Mapper]Iteration 650 keyframe id, used times, remaining times:
0 13 0
1 13 0
2 13 0
3 13 0
4 13 0
6 13 0
8 13 0
9 13 0
10 12 1
11 12 1
12 12 1
13 12 1
14 13 0
15 12 1
16 13 0
17 13 0
18 13 0
19 12 1
20 13 0
21 13 0
22 13 0
23 11 1
24 12 0
25 12 0
26 12 0
27 10 1
28 11 0
29 11 0
30 11 0
31 10 0
32 10 0
33 10 0
34 9 1
35 10 0
36 9 0
37 8 1
38 8 1
39 8 0
40 8 0
41 8 0
42 8 0
43 7 1
44 8 0
45 7 0
46 6 1
47 7 0
48 7 0
49 6 1
50 7 0
51 7 0
52 7 0
53 7 0
54 6 0
55 6 0
56 6 0
57 5 1
58 6 0
59 6 0
60 6 0
61 5 1
62 5 0
63 5 0
64 4 1
65 5 0
66 5 0
67 5 0
68 4 1
69 3 1
70 4 0
71 3 1
72 4 0
73 3 0
74 3 0
75 3 0
76 3 0
77 3 0
78 3 0
##=========================================
##[Voxel Mapper]Iteration 700 keyframe id, used times, remaining times:
0 14 0
1 13 1
2 13 1
3 13 1
4 13 1
6 13 1
8 13 1
9 14 0
10 13 1
11 13 1
12 13 1
13 14 0
14 13 1
15 13 1
16 13 1
17 13 1
18 13 1
19 13 1
20 14 0
21 13 1
22 13 1
23 13 0
24 12 1
25 12 1
26 12 1
27 11 1
28 11 1
29 12 0
30 11 1
31 11 0
32 10 1
33 10 1
34 10 1
35 10 1
36 10 0
37 9 1
38 9 1
39 8 1
40 8 1
41 9 0
42 8 1
43 9 0
44 9 0
45 7 1
46 8 0
47 7 1
48 7 1
49 7 1
50 7 1
51 8 0
52 8 0
53 7 1
54 6 1
55 6 1
56 6 1
57 6 1
58 6 1
59 6 1
60 6 1
61 6 1
62 5 1
63 6 0
64 6 0
65 6 0
66 5 1
67 5 1
68 5 1
69 4 1
70 4 1
71 4 1
72 4 1
73 3 1
74 4 0
75 4 0
76 3 1
77 4 0
78 3 1
79 3 0
80 2 1
81 2 1
82 3 0
##=========================================
##[Voxel Mapper]Iteration 750 keyframe id, used times, remaining times:
0 14 0
1 13 1
2 14 0
3 13 1
4 14 0
6 14 0
8 13 1
9 14 0
10 14 0
11 14 0
12 14 0
13 14 0
14 14 0
15 14 0
16 14 0
17 13 1
18 14 0
19 14 0
20 14 0
21 14 0
22 14 0
23 13 0
24 13 0
25 12 1
26 13 0
27 12 0
28 12 0
29 12 0
30 11 1
31 11 0
32 11 0
33 11 0
34 10 1
35 11 0
36 10 0
37 9 1
38 10 0
39 9 0
40 9 0
41 9 0
42 9 0
43 9 0
44 9 0
45 7 1
46 8 0
47 8 0
48 8 0
49 8 0
50 7 1
51 8 0
52 8 0
53 7 1
54 6 1
55 7 0
56 7 0
57 7 0
58 7 0
59 6 1
60 7 0
61 6 1
62 6 0
63 6 0
64 6 0
65 6 0
66 6 0
67 6 0
68 6 0
69 4 1
70 5 0
71 5 0
72 5 0
73 4 0
74 4 0
75 4 0
76 4 0
77 4 0
78 4 0
79 3 0
80 3 0
81 3 0
82 3 0
84 1 1
85 2 0
86 2 0
87 1 1
##=========================================
##[Voxel Mapper]Iteration 800 keyframe id, used times, remaining times:
0 15 0
1 15 0
2 14 1
3 14 1
4 14 1
6 14 1
8 14 1
9 15 0
10 15 0
11 14 1
12 15 0
13 14 1
14 14 1
15 14 1
16 14 1
17 14 1
18 14 1
19 14 1
20 15 0
21 14 1
22 14 1
23 13 1
24 13 1
25 13 1
26 13 1
27 12 1
28 12 1
29 12 1
30 12 1
31 11 1
32 11 1
33 11 1
34 12 0
35 12 0
36 10 1
37 10 1
38 10 1
39 9 1
40 9 1
41 10 0
42 10 0
43 9 1
44 9 1
45 8 1
46 8 1
47 8 1
48 8 1
49 9 0
50 8 1
51 8 1
52 9 0
53 8 1
54 7 1
55 7 1
56 8 0
57 7 1
58 8 0
59 7 1
60 8 0
61 8 0
62 6 1
63 7 0
64 6 1
65 6 1
66 6 1
67 6 1
68 7 0
69 5 1
70 5 1
71 5 1
72 5 1
73 4 1
74 5 0
75 5 0
76 4 1
77 4 1
78 4 1
79 3 1
80 3 1
81 3 1
82 3 1
83 3 0
84 2 1
85 3 0
86 2 1
87 2 1
88 2 1
89 2 1
90 2 1
91 3 0
##=========================================
##[Voxel Mapper]Iteration 850 keyframe id, used times, remaining times:
0 15 0
1 15 0
2 14 1
3 14 1
4 15 0
6 15 0
8 15 0
9 15 0
10 15 0
11 15 0
12 15 0
13 14 1
14 15 0
15 14 1
16 15 0
17 14 1
18 14 1
19 15 0
20 15 0
21 15 0
22 15 0
23 13 1
24 13 1
25 14 0
26 14 0
27 13 0
28 13 0
29 13 0
30 13 0
31 11 1
32 12 0
33 12 0
34 12 0
35 12 0
36 10 1
37 11 0
38 11 0
39 10 0
40 10 0
41 10 0
42 10 0
43 10 0
44 9 1
45 9 0
46 9 0
47 8 1
48 9 0
49 9 0
50 8 1
51 9 0
52 9 0
53 9 0
54 8 0
55 8 0
56 8 0
57 8 0
58 8 0
59 7 1
60 8 0
61 8 0
62 7 0
63 7 0
64 7 0
65 7 0
66 6 1
67 7 0
68 7 0
69 6 0
70 6 0
71 5 1
72 5 1
73 5 0
74 5 0
75 5 0
76 5 0
77 5 0
78 5 0
79 4 0
80 4 0
81 4 0
82 4 0
83 3 0
84 3 0
85 3 0
86 3 0
87 2 1
88 3 0
89 3 0
90 3 0
91 3 0
93 1 1
##=========================================
##[Voxel Mapper]Iteration 50 keyframe id, used times, remaining times:
0 2 1
1 2 1
2 2 1
3 3 0
4 2 1
6 2 1
7 2 1
8 3 0
9 3 0
10 2 1
11 2 1
12 2 1
13 2 1
14 2 1
15 2 1
16 2 1
17 3 0
18 3 0
19 2 1
20 2 1
21 3 0
22 2 1
##=========================================
##[Voxel Mapper]Iteration 100 keyframe id, used times, remaining times:
0 4 0
1 4 0
2 4 0
3 4 0
4 4 0
6 4 0
7 4 0
8 3 1
9 3 1
10 4 0
11 4 0
12 4 0
13 4 0
14 4 0
15 4 0
16 4 0
17 4 0
18 3 1
19 4 0
20 4 0
21 4 0
22 4 0
23 3 0
24 3 0
25 3 0
26 3 0
27 2 0
29 1 1
##=========================================
##[Voxel Mapper]Iteration 150 keyframe id, used times, remaining times:
0 5 1
1 5 1
2 5 1
3 5 1
4 5 1
6 5 1
7 5 1
8 5 1
9 5 1
10 5 1
11 5 1
12 5 1
13 5 1
14 5 1
15 5 1
16 5 1
17 5 1
18 5 1
19 5 1
20 5 1
21 5 1
22 5 1
23 4 1
24 4 1
25 4 1
26 4 1
27 3 1
28 3 1
29 3 1
30 3 1
31 3 1
32 2 1
33 2 1
34 2 1
35 3 0
##=========================================
##[Voxel Mapper]Iteration 200 keyframe id, used times, remaining times:
0 6 1
1 7 0
2 6 1
3 6 1
4 6 1
6 7 0
7 6 1
8 6 1
9 6 1
10 6 1
11 7 0
12 6 1
13 6 1
14 6 1
15 6 1
16 6 1
17 6 1
18 6 1
19 6 1
20 6 1
21 6 1
22 7 0
23 5 1
24 5 1
25 5 1
26 6 0
27 4 1
28 4 1
29 4 1
30 4 1
31 4 1
32 4 0
33 3 1
34 3 1
35 4 0
36 2 1
37 2 1
38 2 1
39 3 0
##=========================================
##[Voxel Mapper]Iteration 250 keyframe id, used times, remaining times:
0 7 1
1 7 1
2 7 1
3 7 1
4 8 0
6 7 1
7 7 1
8 7 1
9 8 0
10 7 1
11 8 0
12 8 0
13 7 1
14 8 0
15 7 1
16 7 1
17 7 1
18 8 0
19 7 1
20 8 0
21 7 1
22 7 1
23 6 1
24 6 1
25 6 1
26 6 1
27 5 1
28 5 1
29 5 1
30 6 0
31 5 1
32 4 1
33 4 1
34 4 1
35 4 1
36 3 1
37 3 1
38 3 1
39 3 1
40 2 1
41 2 1
42 2 1
43 2 1
44 3 0
##=========================================
##[Voxel Mapper]Iteration 300 keyframe id, used times, remaining times:
0 8 0
1 8 0
2 8 0
3 8 0
4 8 0
6 8 0
7 8 0
8 8 0
9 8 0
10 8 0
11 8 0
12 8 0
13 8 0
14 8 0
15 8 0
16 8 0
17 8 0
18 8 0
19 8 0
20 8 0
21 8 0
22 8 0
23 7 0
24 7 0
25 7 0
26 7 0
27 6 0
28 6 0
29 6 0
30 6 0
31 6 0
32 5 0
33 5 0
34 5 0
35 5 0
36 4 0
37 4 0
38 4 0
39 4 0
40 3 0
41 3 0
42 3 0
43 3 0
44 3 0
45 2 0
46 2 0
47 2 0
48 2 0
49 2 0
50 2 0
51 2 0
52 1 1
##=========================================
##[Voxel Mapper]Iteration 350 keyframe id, used times, remaining times:
0 9 0
1 8 1
2 9 0
3 9 0
4 9 0
6 9 0
7 9 0
8 8 1
9 8 1
10 9 0
11 8 1
12 9 0
13 9 0
14 9 0
15 9 0
16 9 0
17 9 0
18 9 0
19 8 1
20 9 0
21 9 0
22 9 0
23 8 0
24 8 0
25 8 0
26 7 1
27 7 0
28 6 1
29 7 0
30 7 0
31 7 0
32 6 0
33 6 0
34 6 0
35 6 0
36 5 0
37 5 0
38 4 1
39 5 0
40 4 0
41 4 0
42 4 0
43 4 0
44 3 1
45 3 0
46 3 0
47 3 0
48 2 1
49 3 0
50 3 0
51 3 0
52 3 0
54 2 0
55 2 0
56 2 0
59 1 1
##=========================================
##[Voxel Mapper]Iteration 400 keyframe id, used times, remaining times:
0 9 1
1 10 0
2 9 1
3 10 0
4 9 1
6 9 1
7 9 1
8 9 1
9 9 1
10 10 0
11 10 0
12 9 1
13 9 1
14 10 0
15 9 1
16 10 0
17 10 0
18 10 0
19 9 1
20 10 0
21 9 1
22 10 0
23 8 1
24 9 0
25 9 0
26 9 0
27 7 1
28 8 0
29 7 1
30 8 0
31 7 1
32 6 1
33 7 0
34 7 0
35 7 0
36 6 0
37 5 1
38 6 0
39 6 0
40 4 1
41 4 1
42 4 1
43 4 1
44 4 1
45 3 1
46 3 1
47 3 1
48 3 1
49 4 0
50 3 1
51 3 1
52 3 1
53 3 0
54 3 0
55 2 1
56 3 0
57 3 0
58 3 0
59 3 0
60 2 1
61 3 0
##=========================================
##[Voxel Mapper]Iteration 450 keyframe id, used times, remaining times:
0 10 0
1 10 0
2 10 0
3 10 0
4 10 0
6 10 0
7 10 0
8 10 0
9 10 0
10 10 0
11 10 0
12 10 0
13 10 0
14 10 0
15 10 0
16 10 0
17 10 0
18 10 0
19 10 0
20 10 0
21 10 0
22 10 0
23 9 0
24 9 0
25 9 0
26 9 0
27 8 0
28 8 0
29 8 0
30 8 0
31 8 0
32 7 0
33 7 0
34 7 0
35 7 0
36 6 0
37 6 0
38 6 0
39 6 0
40 5 0
41 5 0
42 5 0
43 5 0
44 5 0
45 4 0
46 4 0
47 4 0
48 4 0
49 4 0
50 4 0
51 4 0
52 4 0
53 3 0
54 3 0
55 3 0
56 3 0
57 3 0
58 3 0
59 3 0
60 3 0
61 3 0
62 2 0
63 2 0
64 2 0
65 2 0
66 2 0
67 2 0
68 2 0
69 2 0
70 2 0
##=========================================
##[Voxel Mapper]Iteration 500 keyframe id, used times, remaining times:
0 10 1
1 11 0
2 11 0
3 10 1
4 11 0
6 11 0
7 11 0
8 11 0
9 10 1
10 10 1
11 10 1
12 11 0
13 11 0
14 11 0
15 11 0
16 11 0
17 10 1
18 10 1
19 11 0
20 11 0
21 11 0
22 11 0
23 10 0
24 10 0
25 10 0
26 9 1
27 8 1
28 8 1
29 9 0
30 9 0
31 8 1
32 8 0
33 8 0
34 8 0
35 7 1
36 7 0
37 7 0
38 6 1
39 7 0
40 6 0
41 6 0
42 6 0
43 5 1
44 6 0
45 5 0
46 5 0
47 4 1
48 5 0
49 5 0
50 4 1
51 4 1
52 4 1
53 4 0
54 4 0
55 3 1
56 4 0
57 4 0
58 4 0
59 4 0
60 3 1
61 4 0
62 2 1
63 3 0
64 3 0
65 3 0
66 3 0
67 2 1
68 3 0
69 3 0
70 3 0
71 1 1
72 1 1
##=========================================
##[Voxel Mapper]Iteration 550 keyframe id, used times, remaining times:
0 12 0
1 12 0
2 11 1
3 12 0
4 11 1
6 11 1
7 11 1
8 11 1
9 11 1
10 11 1
11 11 1
12 11 1
13 11 1
14 12 0
15 11 1
16 11 1
17 12 0
18 12 0
19 11 1
20 11 1
21 11 1
22 11 1
23 10 1
24 11 0
25 10 1
26 11 0
27 9 1
28 9 1
29 9 1
30 10 0
31 9 1
32 8 1
33 8 1
34 8 1
35 8 1
36 7 1
37 7 1
38 7 1
39 7 1
40 6 1
41 7 0
42 6 1
43 6 1
44 7 0
45 5 1
46 5 1
47 5 1
48 6 0
49 5 1
50 5 1
51 6 0
52 5 1
53 4 1
54 4 1
55 5 0
56 4 1
57 4 1
58 4 1
59 5 0
60 4 1
61 5 0
62 3 1
63 3 1
64 3 1
65 3 1
66 3 1
67 4 0
68 3 1
69 3 1
70 3 1
71 3 0
72 2 1
73 3 0
74 2 1
75 3 0
##=========================================
##[Voxel Mapper]Iteration 600 keyframe id, used times, remaining times:
0 12 0
1 12 0
2 12 0
3 12 0
4 12 0
6 12 0
7 11 1
8 11 1
9 12 0
10 11 1
11 12 0
12 12 0
13 12 0
14 12 0
15 12 0
16 11 1
17 12 0
18 12 0
19 12 0
20 12 0
21 11 1
22 12 0
23 10 1
24 11 0
25 11 0
26 11 0
27 10 0
28 10 0
29 10 0
30 10 0
31 10 0
32 9 0
33 8 1
34 9 0
35 9 0
36 7 1
37 7 1
38 8 0
39 8 0
40 7 0
41 7 0
42 7 0
43 7 0
44 7 0
45 6 0
46 6 0
47 6 0
48 6 0
49 6 0
50 6 0
51 6 0
52 6 0
53 5 0
54 5 0
55 5 0
56 5 0
57 5 0
58 5 0
59 5 0
60 5 0
61 5 0
62 4 0
63 4 0
64 4 0
65 4 0
66 4 0
67 4 0
68 4 0
69 3 1
70 4 0
71 3 0
72 3 0
73 3 0
74 3 0
75 3 0
76 1 1
77 1 1
78 2 0
79 1 1
##=========================================
##[Voxel Mapper]Iteration 650 keyframe id, used times, remaining times:
0 12 1
1 13 0
2 13 0
3 12 1
4 12 1
6 12 1
7 13 0
8 13 0
9 12 1
10 12 1
11 12 1
12 13 0
13 13 0
14 12 1
15 12 1
16 13 0
17 13 0
18 13 0
19 12 1
20 12 1
21 13 0
22 13 0
23 11 1
24 11 1
25 12 0
26 11 1
27 10 1
28 10 1
29 11 0
30 11 0
31 10 1
32 10 0
33 9 1
34 9 1
35 10 0
36 8 1
37 9 0
38 9 0
39 8 1
40 7 1
41 8 0
42 7 1
43 8 0
44 7 1
45 7 0
46 6 1
47 6 1
48 7 0
49 6 1
50 6 1
51 7 0
52 7 0
53 5 1
54 6 0
55 6 0
56 5 1
57 6 0
58 6 0
59 5 1
60 6 0
61 5 1
62 4 1
63 4 1
64 4 1
65 4 1
66 5 0
67 4 1
68 5 0
69 4 1
70 4 1
71 3 1
72 3 1
73 4 0
74 3 1
75 3 1
76 3 0
77 3 0
78 2 1
79 2 1
80 3 0
##=========================================
##[Voxel Mapper]Iteration 700 keyframe id, used times, remaining times:
0 13 0
1 13 0
2 13 0
3 13 0
4 13 0
6 13 0
7 13 0
8 13 0
9 13 0
10 13 0
11 13 0
12 13 0
13 13 0
14 13 0
15 13 0
16 13 0
17 13 0
18 13 0
19 13 0
20 13 0
21 13 0
22 13 0
23 12 0
24 12 0
25 12 0
26 12 0
27 11 0
28 10 1
29 11 0
30 11 0
31 11 0
32 10 0
33 10 0
34 10 0
35 10 0
36 9 0
37 9 0
38 9 0
39 9 0
40 8 0
41 8 0
42 7 1
43 8 0
44 8 0
45 7 0
46 7 0
47 7 0
48 7 0
49 7 0
50 7 0
51 7 0
52 7 0
53 6 0
54 6 0
55 6 0
56 6 0
57 6 0
58 6 0
59 6 0
60 6 0
61 6 0
62 5 0
63 5 0
64 5 0
65 5 0
66 5 0
67 5 0
68 5 0
69 5 0
70 4 1
71 4 0
72 4 0
73 4 0
74 4 0
75 4 0
76 3 0
77 3 0
78 3 0
79 2 1
80 3 0
81 1 1
82 2 0
83 2 0
84 2 0
85 2 0
##=========================================
##[Voxel Mapper]Iteration 750 keyframe id, used times, remaining times:
0 14 0
1 13 1
2 13 1
3 13 1
4 14 0
6 14 0
7 13 1
8 14 0
9 13 1
10 14 0
11 13 1
12 13 1
13 14 0
14 13 1
15 13 1
16 14 0
17 13 1
18 14 0
19 13 1
20 13 1
21 14 0
22 14 0
23 13 0
24 13 0
25 13 0
26 12 1
27 11 1
28 12 0
29 12 0
30 12 0
31 11 1
32 10 1
33 11 0
34 11 0
35 11 0
36 9 1
37 10 0
38 10 0
39 9 1
40 8 1
41 8 1
42 9 0
43 8 1
44 8 1
45 8 0
46 7 1
47 7 1
48 7 1
49 8 0
50 7 1
51 8 0
52 7 1
53 6 1
54 6 1
55 7 0
56 6 1
57 6 1
58 7 0
59 6 1
60 7 0
61 7 0
62 5 1
63 6 0
64 6 0
65 5 1
66 6 0
67 5 1
68 6 0
69 6 0
70 6 0
71 4 1
72 5 0
73 5 0
74 5 0
75 4 1
76 3 1
77 3 1
78 3 1
79 3 1
80 4 0
81 3 0
82 2 1
83 2 1
84 2 1
85 3 0
86 3 0
88 1 1
##=========================================
##[Voxel Mapper]Iteration 800 keyframe id, used times, remaining times:
0 14 0
1 14 0
2 14 0
3 14 0
4 14 0
6 14 0
7 14 0
8 14 0
9 13 1
10 14 0
11 14 0
12 14 0
13 14 0
14 14 0
15 14 0
16 14 0
17 14 0
18 14 0
19 14 0
20 14 0
21 14 0
22 14 0
23 13 0
24 13 0
25 13 0
26 13 0
27 12 0
28 12 0
29 12 0
30 12 0
31 12 0
32 11 0
33 11 0
34 11 0
35 11 0
36 10 0
37 10 0
38 10 0
39 10 0
40 9 0
41 9 0
42 9 0
43 9 0
44 9 0
45 8 0
46 7 1
47 8 0
48 8 0
49 8 0
50 7 1
51 8 0
52 8 0
53 7 0
54 7 0
55 7 0
56 7 0
57 7 0
58 7 0
59 7 0
60 7 0
61 7 0
62 6 0
63 6 0
64 6 0
65 6 0
66 6 0
67 6 0
68 6 0
69 6 0
70 6 0
71 5 0
72 5 0
73 5 0
74 5 0
75 5 0
76 4 0
77 4 0
78 4 0
79 4 0
80 4 0
81 3 0
82 3 0
83 3 0
84 3 0
85 3 0
86 3 0
87 2 0
88 2 0
89 1 1
90 1 1
92 2 0
93 1 1
94 1 1
##=========================================
##[Voxel Mapper]Iteration 850 keyframe id, used times, remaining times:
0 14 1
1 14 1
2 14 1
3 14 1
4 15 0
6 14 1
7 14 1
8 15 0
9 14 1
10 14 1
11 15 0
12 14 1
13 15 0
14 15 0
15 14 1
16 14 1
17 14 1
18 14 1
19 14 1
20 14 1
21 14 1
22 14 1
23 13 1
24 13 1
25 13 1
26 14 0
27 12 1
28 12 1
29 13 0
30 13 0
31 13 0
32 12 0
33 12 0
34 11 1
35 12 0
36 11 0
37 10 1
38 10 1
39 11 0
40 10 0
41 9 1
42 9 1
43 9 1
44 10 0
45 8 1
46 9 0
47 9 0
48 8 1
49 9 0
50 9 0
51 8 1
52 8 1
53 7 1
54 7 1
55 8 0
56 8 0
57 8 0
58 7 1
59 7 1
60 8 0
61 8 0
62 6 1
63 6 1
64 6 1
65 6 1
66 6 1
67 7 0
68 6 1
69 6 1
70 7 0
71 6 0
72 6 0
73 6 0
74 6 0
75 5 1
76 4 1
77 5 0
78 5 0
79 5 0
80 4 1
81 3 1
82 4 0
83 3 1
84 3 1
85 3 1
86 4 0
87 3 0
88 2 1
89 2 1
90 3 0
91 3 0
92 3 0
93 2 1
94 2 1
95 1 1
##=========================================
##[Voxel Mapper]Iteration 900 keyframe id, used times, remaining times:
0 15 0
1 15 0
2 15 0
3 15 0
4 15 0
6 15 0
7 14 1
8 15 0
9 15 0
10 14 1
11 15 0
12 15 0
13 15 0
14 15 0
15 15 0
16 15 0
17 15 0
18 15 0
19 15 0
20 15 0
21 15 0
22 15 0
23 14 0
24 14 0
25 14 0
26 14 0
27 13 0
28 13 0
29 13 0
30 13 0
31 13 0
32 12 0
33 12 0
34 12 0
35 12 0
36 11 0
37 11 0
38 11 0
39 11 0
40 10 0
41 10 0
42 10 0
43 10 0
44 10 0
45 9 0
46 9 0
47 9 0
48 9 0
49 9 0
50 9 0
51 8 1
52 9 0
53 8 0
54 8 0
55 8 0
56 8 0
57 8 0
58 8 0
59 8 0
60 8 0
61 8 0
62 7 0
63 7 0
64 7 0
65 7 0
66 7 0
67 7 0
68 7 0
69 7 0
70 7 0
71 6 0
72 6 0
73 6 0
74 6 0
75 6 0
76 5 0
77 5 0
78 5 0
79 5 0
80 5 0
81 4 0
82 4 0
83 3 1
84 4 0
85 4 0
86 4 0
87 3 0
88 3 0
89 3 0
90 3 0
91 3 0
92 3 0
93 3 0
94 3 0
95 1 1
##=========================================
##[Voxel Mapper]Iteration 950 keyframe id, used times, remaining times:
0 16 0
1 15 1
2 15 1
3 15 1
4 16 0
6 15 1
7 15 1
8 16 0
9 16 0
10 15 1
11 16 0
12 15 1
13 16 0
14 16 0
15 15 1
16 15 1
17 16 0
18 15 1
19 15 1
20 15 1
21 15 1
22 15 1
23 14 1
24 14 1
25 15 0
26 15 0
27 13 1
28 13 1
29 14 0
30 14 0
31 14 0
32 13 0
33 13 0
34 12 1
35 13 0
36 12 0
37 11 1
38 11 1
39 12 0
40 11 0
41 11 0
42 10 1
43 10 1
44 11 0
45 9 1
46 10 0
47 10 0
48 9 1
49 10 0
50 10 0
51 9 1
52 9 1
53 8 1
54 8 1
55 9 0
56 9 0
57 9 0
58 8 1
59 8 1
60 9 0
61 9 0
62 7 1
63 7 1
64 7 1
65 7 1
66 7 1
67 8 0
68 7 1
69 7 1
70 8 0
71 7 0
72 7 0
73 7 0
74 7 0
75 6 1
76 5 1
77 6 0
78 6 0
79 6 0
80 5 1
81 4 1
82 5 0
83 4 1
84 4 1
85 4 1
86 5 0
87 4 0
88 3 1
89 3 1
90 4 0
91 3 1
92 4 0
93 3 1
94 3 1
95 3 0
##=========================================
##[Voxel Mapper]Iteration 50 keyframe id, used times, remaining times:
0 2 1
1 3 0
2 2 1
3 2 1
4 2 1
7 2 1
8 2 1
9 2 1
10 3 0
11 3 0
12 2 1
13 2 1
14 2 1
15 3 0
16 3 0
17 2 1
18 3 0
19 2 1
20 2 1
21 2 1
22 2 1
23 2 1
##=========================================
##[Voxel Mapper]Iteration 100 keyframe id, used times, remaining times:
0 4 0
1 4 0
2 4 0
3 4 0
4 4 0
7 4 0
8 3 1
9 4 0
10 4 0
11 4 0
12 3 1
13 4 0
14 3 1
15 3 1
16 4 0
17 4 0
18 4 0
19 4 0
20 4 0
21 4 0
22 4 0
23 4 0
24 3 0
25 3 0
26 3 0
27 3 0
28 2 1
29 2 0
##=========================================
##[Voxel Mapper]Iteration 150 keyframe id, used times, remaining times:
0 5 0
1 5 0
2 5 0
3 5 0
4 5 0
7 5 0
8 5 0
9 5 0
10 5 0
11 5 0
12 5 0
13 5 0
14 5 0
15 5 0
16 5 0
17 5 0
18 5 0
19 5 0
20 5 0
21 5 0
22 5 0
23 5 0
24 4 0
25 4 0
26 4 0
27 4 0
28 4 0
29 3 0
30 3 0
31 3 0
32 3 0
33 2 0
34 2 0
35 2 0
36 1 1
37 1 1
##=========================================
##[Voxel Mapper]Iteration 200 keyframe id, used times, remaining times:
0 6 1
1 6 1
2 6 1
3 6 1
4 6 1
7 6 1
8 6 1
9 6 1
10 7 0
11 6 1
12 6 1
13 6 1
14 6 1
15 6 1
16 6 1
17 6 1
18 7 0
19 6 1
20 6 1
21 6 1
22 6 1
23 6 1
24 5 1
25 5 1
26 5 1
27 5 1
28 5 1
29 4 1
30 4 1
31 4 1
32 4 1
33 3 1
34 3 1
35 3 1
36 3 1
37 3 1
38 3 0
39 3 0
40 2 1
41 2 1
##=========================================
##[Voxel Mapper]Iteration 250 keyframe id, used times, remaining times:
0 7 1
1 7 1
2 7 1
3 7 1
4 7 1
7 7 1
8 7 1
9 7 1
10 7 1
11 7 1
12 7 1
13 7 1
14 7 1
15 7 1
16 8 0
17 7 1
18 7 1
19 7 1
20 7 1
21 7 1
22 7 1
23 8 0
24 6 1
25 6 1
26 6 1
27 6 1
28 6 1
29 5 1
30 5 1
31 5 1
32 6 0
33 4 1
34 4 1
35 4 1
36 4 1
37 4 1
38 3 1
39 3 1
40 3 1
41 3 1
42 2 1
43 2 1
44 2 1
45 2 1
46 3 0
##=========================================
##[Voxel Mapper]Iteration 300 keyframe id, used times, remaining times:
0 8 0
1 8 0
2 8 0
3 8 0
4 8 0
7 8 0
8 8 0
9 8 0
10 8 0
11 8 0
12 8 0
13 8 0
14 8 0
15 8 0
16 8 0
17 8 0
18 8 0
19 8 0
20 8 0
21 8 0
22 8 0
23 8 0
24 7 0
25 7 0
26 7 0
27 7 0
28 7 0
29 6 0
30 5 1
31 6 0
32 6 0
33 5 0
34 5 0
35 5 0
36 5 0
37 5 0
38 4 0
39 4 0
40 4 0
41 4 0
42 3 0
43 3 0
44 3 0
45 3 0
46 3 0
47 1 1
48 2 0
49 2 0
50 1 1
51 2 0
52 1 1
53 1 1
##=========================================
##[Voxel Mapper]Iteration 350 keyframe id, used times, remaining times:
0 9 0
1 9 0
2 9 0
3 9 0
4 9 0
7 9 0
8 9 0
9 8 1
10 8 1
11 8 1
12 9 0
13 8 1
14 8 1
15 9 0
16 8 1
17 8 1
18 9 0
19 9 0
20 9 0
21 8 1
22 8 1
23 9 0
24 8 0
25 8 0
26 8 0
27 8 0
28 8 0
29 7 0
30 7 0
31 6 1
32 7 0
33 6 0
34 6 0
35 6 0
36 6 0
37 6 0
38 4 1
39 4 1
40 5 0
41 5 0
42 4 0
43 4 0
44 3 1
45 4 0
46 3 1
47 3 0
48 3 0
49 3 0
50 3 0
51 3 0
52 3 0
53 3 0
54 3 0
57 2 0
58 1 1
59 1 1
##=========================================
##[Voxel Mapper]Iteration 400 keyframe id, used times, remaining times:
0 9 1
1 9 1
2 9 1
3 10 0
4 10 0
7 10 0
8 9 1
9 10 0
10 10 0
11 10 0
12 9 1
13 9 1
14 9 1
15 9 1
16 9 1
17 10 0
18 9 1
19 9 1
20 9 1
21 9 1
22 9 1
23 9 1
24 8 1
25 8 1
26 8 1
27 9 0
28 8 1
29 7 1
30 8 0
31 7 1
32 7 1
33 6 1
34 6 1
35 6 1
36 6 1
37 7 0
38 5 1
39 6 0
40 5 1
41 6 0
42 4 1
43 5 0
44 4 1
45 4 1
46 5 0
47 3 1
48 3 1
49 3 1
50 4 0
51 4 0
52 3 1
53 4 0
54 3 1
55 2 1
56 2 1
57 2 1
58 3 0
59 2 1
60 2 1
61 3 0
62 3 0
63 3 0
65 1 1
##=========================================
##[Voxel Mapper]Iteration 450 keyframe id, used times, remaining times:
0 10 0
1 10 0
2 10 0
3 10 0
4 10 0
7 10 0
8 10 0
9 10 0
10 10 0
11 10 0
12 9 1
13 10 0
14 10 0
15 10 0
16 10 0
17 10 0
18 10 0
19 10 0
20 10 0
21 10 0
22 10 0
23 10 0
24 9 0
25 9 0
26 9 0
27 9 0
28 9 0
29 8 0
30 8 0
31 8 0
32 8 0
33 7 0
34 7 0
35 7 0
36 7 0
37 7 0
38 6 0
39 6 0
40 6 0
41 6 0
42 5 0
43 5 0
44 5 0
45 5 0
46 5 0
47 4 0
48 4 0
49 4 0
50 4 0
51 4 0
52 4 0
53 4 0
54 4 0
55 3 0
56 3 0
57 3 0
58 3 0
59 3 0
60 3 0
61 3 0
62 3 0
63 3 0
64 1 1
65 2 0
66 2 0
67 2 0
68 2 0
69 1 1
70 1 1
##=========================================
##[Voxel Mapper]Iteration 500 keyframe id, used times, remaining times:
0 11 0
1 11 0
2 11 0
3 11 0
4 10 1
7 11 0
8 11 0
9 11 0
10 10 1
11 10 1
12 10 1
13 10 1
14 11 0
15 11 0
16 10 1
17 11 0
18 11 0
19 10 1
20 11 0
21 11 0
22 11 0
23 11 0
24 9 1
25 9 1
26 9 1
27 9 1
28 10 0
29 9 0
30 9 0
31 9 0
32 9 0
33 8 0
34 8 0
35 8 0
36 8 0
37 7 1
38 7 0
39 7 0
40 7 0
41 6 1
42 5 1
43 6 0
44 6 0
45 6 0
46 6 0
47 4 1
48 5 0
49 5 0
50 5 0
51 5 0
52 4 1
53 5 0
54 5 0
55 3 1
56 4 0
57 3 1
58 3 1
59 3 1
60 4 0
61 3 1
62 4 0
63 3 1
64 2 1
65 2 1
66 2 1
67 2 1
68 3 0
69 3 0
70 3 0
71 3 0
##=========================================
##[Voxel Mapper]Iteration 550 keyframe id, used times, remaining times:
0 11 1
1 11 1
2 11 1
3 11 1
4 11 1
7 11 1
8 11 1
9 12 0
10 11 1
11 11 1
12 11 1
13 11 1
14 11 1
15 11 1
16 12 0
17 11 1
18 11 1
19 11 1
20 11 1
21 11 1
22 11 1
23 11 1
24 10 1
25 10 1
26 10 1
27 10 1
28 10 1
29 9 1
30 9 1
31 9 1
32 9 1
33 9 0
34 8 1
35 8 1
36 9 0
37 8 1
38 7 1
39 7 1
40 7 1
41 8 0
42 6 1
43 7 0
44 6 1
45 6 1
46 6 1
47 5 1
48 6 0
49 5 1
50 5 1
51 5 1
52 5 1
53 5 1
54 5 1
55 4 1
56 4 1
57 4 1
58 4 1
59 4 1
60 4 1
61 5 0
62 4 1
63 4 1
64 4 0
65 3 1
66 3 1
67 3 1
68 4 0
69 4 0
70 3 1
71 3 1
72 3 0
73 2 1
74 3 0
75 2 1
76 3 0
##=========================================
##[Voxel Mapper]Iteration 600 keyframe id, used times, remaining times:
0 11 1
1 12 0
2 12 0
3 12 0
4 12 0
7 12 0
8 12 0
9 12 0
10 12 0
11 12 0
12 11 1
13 12 0
14 12 0
15 12 0
16 12 0
17 12 0
18 11 1
19 12 0
20 12 0
21 12 0
22 12 0
23 12 0
24 11 0
25 11 0
26 11 0
27 10 1
28 10 1
29 10 0
30 10 0
31 10 0
32 9 1
33 9 0
34 9 0
35 9 0
36 9 0
37 9 0
38 8 0
39 7 1
40 8 0
41 8 0
42 7 0
43 7 0
44 6 1
45 7 0
46 6 1
47 6 0
48 6 0
49 6 0
50 6 0
51 6 0
52 5 1
53 6 0
54 6 0
55 5 0
56 5 0
57 4 1
58 4 1
59 5 0
60 4 1
61 5 0
62 5 0
63 5 0
64 4 0
65 4 0
66 4 0
67 4 0
68 4 0
69 4 0
70 4 0
71 4 0
72 3 0
73 3 0
74 3 0
75 2 1
76 3 0
78 1 1
79 2 0
##=========================================
##[Voxel Mapper]Iteration 650 keyframe id, used times, remaining times:
0 13 0
1 12 1
2 12 1
3 12 1
4 12 1
7 12 1
8 12 1
9 12 1
10 12 1
11 12 1
12 13 0
13 12 1
14 12 1
15 12 1
16 12 1
17 12 1
18 13 0
19 12 1
20 12 1
21 12 1
22 13 0
23 12 1
24 11 1
25 11 1
26 11 1
27 12 0
28 12 0
29 10 1
30 10 1
31 10 1
32 11 0
33 10 0
34 9 1
35 9 1
36 10 0
37 10 0
38 8 1
39 8 1
40 8 1
41 9 0
42 8 0
43 7 1
44 8 0
45 8 0
46 7 1
47 7 0
48 7 0
49 7 0
50 6 1
51 6 1
52 6 1
53 7 0
54 6 1
55 6 0
56 6 0
57 5 1
58 5 1
59 5 1
60 5 1
61 6 0
62 5 1
63 5 1
64 4 1
65 4 1
66 4 1
67 4 1
68 4 1
69 4 1
70 5 0
71 4 1
72 3 1
73 3 1
74 4 0
75 3 1
76 4 0
77 2 1
78 3 0
79 2 1
80 3 0
81 2 1
82 3 0
##=========================================
##[Voxel Mapper]Iteration 700 keyframe id, used times, remaining times:
0 13 0
1 12 1
2 13 0
3 13 0
4 13 0
7 13 0
8 13 0
9 13 0
10 13 0
11 12 1
12 13 0
13 13 0
14 13 0
15 13 0
16 13 0
17 13 0
18 13 0
19 12 1
20 13 0
21 12 1
22 13 0
23 13 0
24 12 0
25 12 0
26 12 0
27 12 0
28 12 0
29 11 0
30 11 0
31 11 0
32 11 0
33 10 0
34 10 0
35 10 0
36 10 0
37 10 0
38 9 0
39 8 1
40 8 1
41 9 0
42 8 0
43 8 0
44 8 0
45 8 0
46 8 0
47 7 0
48 7 0
49 7 0
50 7 0
51 7 0
52 7 0
53 7 0
54 7 0
55 6 0
56 6 0
57 6 0
58 6 0
59 6 0
60 6 0
61 6 0
62 6 0
63 6 0
64 5 0
65 5 0
66 5 0
67 5 0
68 5 0
69 5 0
70 5 0
71 5 0
72 4 0
73 4 0
74 4 0
75 4 0
76 4 0
77 3 0
78 3 0
79 2 1
80 3 0
81 3 0
82 3 0
84 1 1
85 1 1
86 1 1
##=========================================
##[Voxel Mapper]Iteration 750 keyframe id, used times, remaining times:
0 13 1
1 13 1
2 14 0
3 13 1
4 13 1
7 14 0
8 14 0
9 13 1
10 14 0
11 13 1
12 14 0
13 13 1
14 13 1
15 14 0
16 14 0
17 13 1
18 13 1
19 13 1
20 14 0
21 14 0
22 14 0
23 14 0
24 12 1
25 13 0
26 12 1
27 13 0
28 12 1
29 11 1
30 11 1
31 12 0
32 11 1
33 10 1
34 10 1
35 10 1
36 10 1
37 10 1
38 10 0
39 9 1
40 9 1
41 10 0
42 8 1
43 8 1
44 8 1
45 8 1
46 9 0
47 7 1
48 8 0
49 7 1
50 7 1
51 8 0
52 8 0
53 7 1
54 8 0
55 7 0
56 6 1
57 6 1
58 7 0
59 7 0
60 6 1
61 7 0
62 6 1
63 7 0
64 5 1
65 5 1
66 6 0
67 5 1
68 6 0
69 6 0
70 5 1
71 5 1
72 4 1
73 5 0
74 4 1
75 5 0
76 5 0
77 3 1
78 3 1
79 3 1
80 3 1
81 3 1
82 3 1
83 3 0
84 2 1
85 3 0
86 3 0
87 2 1
89 1 1
##=========================================
##[Voxel Mapper]Iteration 800 keyframe id, used times, remaining times:
0 14 0
1 14 0
2 14 0
3 14 0
4 13 1
7 14 0
8 14 0
9 14 0
10 14 0
11 14 0
12 14 0
13 14 0
14 14 0
15 14 0
16 14 0
17 14 0
18 14 0
19 13 1
20 14 0
21 14 0
22 14 0
23 14 0
24 13 0
25 13 0
26 13 0
27 13 0
28 13 0
29 12 0
30 12 0
31 12 0
32 11 1
33 10 1
34 11 0
35 11 0
36 11 0
37 11 0
38 10 0
39 9 1
40 10 0
41 10 0
42 9 0
43 8 1
44 9 0
45 9 0
46 9 0
47 8 0
48 8 0
49 8 0
50 8 0
51 8 0
52 8 0
53 8 0
54 8 0
55 7 0
56 6 1
57 7 0
58 7 0
59 7 0
60 7 0
61 7 0
62 7 0
63 7 0
64 6 0
65 6 0
66 6 0
67 6 0
68 6 0
69 6 0
70 5 1
71 6 0
72 5 0
73 5 0
74 5 0
75 5 0
76 5 0
77 4 0
78 4 0
79 3 1
80 4 0
81 4 0
82 4 0
83 3 0
84 3 0
85 3 0
86 3 0
87 3 0
88 1 1
89 2 0
90 1 1
91 2 0
92 1 1
93 1 1
94 1 1
##=========================================
##[Voxel Mapper]Iteration 850 keyframe id, used times, remaining times:
0 14 1
1 15 0
2 15 0
3 14 1
4 14 1
7 15 0
8 15 0
9 14 1
10 15 0
11 14 1
12 14 1
13 14 1
14 14 1
15 14 1
16 14 1
17 14 1
18 14 1
19 14 1
20 14 1
21 15 0
22 14 1
23 14 1
24 13 1
25 13 1
26 14 0
27 13 1
28 14 0
29 12 1
30 12 1
31 12 1
32 13 0
33 12 0
34 12 0
35 11 1
36 11 1
37 12 0
38 10 1
39 10 1
40 10 1
41 10 1
42 9 1
43 9 1
44 9 1
45 9 1
46 9 1
47 9 0
48 8 1
49 8 1
50 9 0
51 8 1
52 8 1
53 8 1
54 9 0
55 7 1
56 7 1
57 7 1
58 8 0
59 7 1
60 7 1
61 7 1
62 8 0
63 7 1
64 6 1
65 6 1
66 6 1
67 6 1
68 6 1
69 7 0
70 6 1
71 6 1
72 6 0
73 6 0
74 5 1
75 5 1
76 6 0
77 4 1
78 4 1
79 5 0
80 4 1
81 4 1
82 4 1
83 4 0
84 4 0
85 3 1
86 4 0
87 3 1
88 3 0
89 3 0
90 2 1
91 3 0
92 3 0
93 2 1
94 3 0
95 3 0
96 3 0
##=========================================
##[Voxel Mapper]Iteration 900 keyframe id, used times, remaining times:
0 15 0
1 15 0
2 15 0
3 15 0
4 15 0
7 15 0
8 15 0
9 15 0
10 15 0
11 15 0
12 14 1
13 14 1
14 15 0
15 14 1
16 15 0
17 15 0
18 15 0
19 15 0
20 15 0
21 15 0
22 15 0
23 15 0
24 14 0
25 14 0
26 14 0
27 14 0
28 14 0
29 13 0
30 13 0
31 13 0
32 13 0
33 12 0
34 12 0
35 12 0
36 11 1
37 12 0
38 11 0
39 11 0
40 11 0
41 10 1
42 9 1
43 10 0
44 10 0
45 10 0
46 10 0
47 9 0
48 8 1
49 9 0
50 9 0
51 9 0
52 8 1
53 8 1
54 9 0
55 7 1
56 8 0
57 7 1
58 8 0
59 8 0
60 8 0
61 8 0
62 8 0
63 8 0
64 7 0
65 7 0
66 7 0
67 7 0
68 7 0
69 7 0
70 6 1
71 7 0
72 6 0
73 6 0
74 6 0
75 6 0
76 6 0
77 5 0
78 5 0
79 5 0
80 5 0
81 5 0
82 4 1
83 4 0
84 4 0
85 4 0
86 4 0
87 3 1
88 3 0
89 3 0
90 3 0
91 3 0
92 3 0
93 2 1
94 3 0
95 3 0
96 3 0
97 1 1
98 1 1
##=========================================
##[Voxel Mapper]Iteration 950 keyframe id, used times, remaining times:
0 15 1
1 16 0
2 15 1
3 16 0
4 15 1
7 16 0
8 15 1
9 15 1
10 16 0
11 15 1
12 16 0
13 16 0
14 15 1
15 16 0
16 15 1
17 15 1
18 16 0
19 15 1
20 15 1
21 15 1
22 15 1
23 15 1
24 14 1
25 14 1
26 14 1
27 14 1
28 14 1
29 13 1
30 13 1
31 13 1
32 14 0
33 13 0
34 12 1
35 12 1
36 13 0
37 12 1
38 11 1
39 11 1
40 12 0
41 12 0
42 11 0
43 10 1
44 10 1
45 10 1
46 10 1
47 9 1
48 10 0
49 9 1
50 9 1
51 9 1
52 10 0
53 10 0
54 9 1
55 9 0
56 8 1
57 9 0
58 8 1
59 8 1
60 8 1
61 9 0
62 8 1
63 8 1
64 7 1
65 7 1
66 7 1
67 7 1
68 7 1
69 7 1
70 8 0
71 7 1
72 6 1
73 7 0
74 6 1
75 6 1
76 6 1
77 5 1
78 5 1
79 6 0
80 5 1
81 5 1
82 6 0
83 5 0
84 5 0
85 4 1
86 4 1
87 5 0
88 4 0
89 3 1
90 3 1
91 3 1
92 4 0
93 4 0
94 4 0
95 3 1
96 4 0
97 2 1
98 3 0
##=========================================
##[Voxel Mapper]Iteration 50 keyframe id, used times, remaining times:
0 2 1
1 2 1
2 2 1
3 2 1
4 2 1
5 3 0
8 2 1
9 2 1
10 3 0
11 2 1
12 3 0
13 2 1
14 2 1
15 3 0
16 2 1
17 2 1
18 2 1
19 2 1
20 2 1
21 2 1
22 2 1
23 3 0
24 1 1
##=========================================
##[Voxel Mapper]Iteration 100 keyframe id, used times, remaining times:
0 4 0
1 4 0
2 4 0
3 4 0
4 3 1
5 4 0
8 4 0
9 4 0
10 4 0
11 4 0
12 4 0
13 4 0
14 4 0
15 4 0
16 4 0
17 4 0
18 4 0
19 3 1
20 4 0
21 4 0
22 3 1
23 4 0
24 3 0
25 3 0
26 3 0
27 3 0
28 1 1
29 1 1
30 1 1
##=========================================
##[Voxel Mapper]Iteration 150 keyframe id, used times, remaining times:
0 5 1
1 5 1
2 5 1
3 5 1
4 5 1
5 5 1
8 5 1
9 5 1
10 5 1
11 5 1
12 5 1
13 5 1
14 5 1
15 5 1
16 5 1
17 5 1
18 5 1
19 5 1
20 5 1
21 5 1
22 5 1
23 5 1
24 5 0
25 4 1
26 4 1
27 4 1
28 3 1
29 3 1
30 3 1
31 3 1
32 3 1
33 2 1
34 3 0
35 3 0
##=========================================
##[Voxel Mapper]Iteration 200 keyframe id, used times, remaining times:
0 6 1
1 7 0
2 7 0
3 6 1
4 6 1
5 6 1
8 6 1
9 6 1
10 7 0
11 6 1
12 6 1
13 6 1
14 6 1
15 6 1
16 7 0
17 6 1
18 6 1
19 6 1
20 6 1
21 6 1
22 6 1
23 6 1
24 5 1
25 6 0
26 5 1
27 5 1
28 4 1
29 5 0
30 5 0
31 4 1
32 4 1
33 4 0
34 3 1
35 3 1
36 2 1
37 2 1
38 2 1
39 2 1
40 3 0
##=========================================
##[Voxel Mapper]Iteration 250 keyframe id, used times, remaining times:
0 7 1
1 7 1
2 7 1
3 7 1
4 7 1
5 7 1
8 7 1
9 7 1
10 7 1
11 8 0
12 8 0
13 7 1
14 7 1
15 8 0
16 7 1
17 7 1
18 7 1
19 7 1
20 7 1
21 7 1
22 7 1
23 7 1
24 6 1
25 6 1
26 7 0
27 7 0
28 5 1
29 5 1
30 6 0
31 5 1
32 6 0
33 5 0
34 4 1
35 5 0
36 3 1
37 3 1
38 3 1
39 3 1
40 4 0
41 3 0
42 2 1
43 2 1
44 3 0
##=========================================
##[Voxel Mapper]Iteration 300 keyframe id, used times, remaining times:
0 8 1
1 8 1
2 8 1
3 8 1
4 8 1
5 8 1
8 8 1
9 8 1
10 8 1
11 8 1
12 8 1
13 8 1
14 8 1
15 8 1
16 8 1
17 8 1
18 8 1
19 8 1
20 8 1
21 8 1
22 8 1
23 8 1
24 7 1
25 7 1
26 7 1
27 7 1
28 6 1
29 6 1
30 6 1
31 6 1
32 6 1
33 5 1
34 6 0
35 5 1
36 4 1
37 4 1
38 4 1
39 4 1
40 4 1
41 3 1
42 3 1
43 3 1
44 3 1
45 2 1
46 2 1
47 2 1
48 2 1
49 2 1
50 2 1
51 2 1
52 2 1
53 2 1
##=========================================
##[Voxel Mapper]Iteration 350 keyframe id, used times, remaining times:
0 9 0
1 8 1
2 8 1
3 9 0
4 9 0
5 9 0
8 9 0
9 9 0
10 9 0
11 9 0
12 9 0
13 9 0
14 8 1
15 9 0
16 9 0
17 9 0
18 8 1
19 9 0
20 9 0
21 9 0
22 9 0
23 9 0
24 8 0
25 7 1
26 8 0
27 7 1
28 7 0
29 7 0
30 7 0
31 7 0
32 6 1
33 6 0
34 6 0
35 6 0
36 5 0
37 5 0
38 5 0
39 5 0
40 5 0
41 4 0
42 4 0
43 3 1
44 4 0
45 3 0
46 3 0
47 3 0
48 3 0
49 3 0
50 3 0
51 3 0
52 3 0
53 3 0
54 2 0
55 2 0
56 1 1
57 1 1
59 1 1
##=========================================
##[Voxel Mapper]Iteration 400 keyframe id, used times, remaining times:
0 9 1
1 10 0
2 9 1
3 9 1
4 10 0
5 9 1
8 9 1
9 9 1
10 10 0
11 10 0
12 9 1
13 9 1
14 10 0
15 9 1
16 9 1
17 10 0
18 9 1
19 10 0
20 9 1
21 9 1
22 9 1
23 9 1
24 8 1
25 8 1
26 9 0
27 9 0
28 8 0
29 7 1
30 7 1
31 7 1
32 8 0
33 6 1
34 7 0
35 7 0
36 5 1
37 5 1
38 6 0
39 6 0
40 6 0
41 4 1
42 5 0
43 5 0
44 5 0
45 3 1
46 3 1
47 3 1
48 3 1
49 3 1
50 3 1
51 4 0
52 4 0
53 4 0
54 3 0
55 2 1
56 3 0
57 2 1
58 3 0
59 2 1
60 3 0
61 3 0
62 3 0
63 2 0
65 1 1
##=========================================
##[Voxel Mapper]Iteration 450 keyframe id, used times, remaining times:
0 10 1
1 10 1
2 10 1
3 10 1
4 10 1
5 10 1
8 10 1
9 10 1
10 10 1
11 10 1
12 10 1
13 10 1
14 10 1
15 10 1
16 10 1
17 10 1
18 11 0
19 10 1
20 10 1
21 10 1
22 10 1
23 10 1
24 9 1
25 9 1
26 9 1
27 9 1
28 8 1
29 8 1
30 8 1
31 8 1
32 8 1
33 7 1
34 7 1
35 7 1
36 6 1
37 6 1
38 6 1
39 6 1
40 6 1
41 5 1
42 5 1
43 5 1
44 5 1
45 4 1
46 4 1
47 4 1
48 4 1
49 4 1
50 4 1
51 4 1
52 4 1
53 4 1
54 3 1
55 3 1
56 3 1
57 3 1
58 3 1
59 3 1
60 3 1
61 3 1
62 3 1
63 2 1
64 2 1
65 2 1
66 2 1
67 2 1
68 2 1
69 2 1
70 2 1
71 3 0
##=========================================
##[Voxel Mapper]Iteration 500 keyframe id, used times, remaining times:
0 11 0
1 11 0
2 11 0
3 11 0
4 10 1
5 11 0
8 11 0
9 11 0
10 11 0
11 10 1
12 11 0
13 10 1
14 11 0
15 11 0
16 11 0
17 11 0
18 11 0
19 10 1
20 11 0
21 10 1
22 11 0
23 11 0
24 10 0
25 10 0
26 10 0
27 10 0
28 9 0
29 8 1
30 8 1
31 9 0
32 9 0
33 7 1
34 7 1
35 8 0
36 7 0
37 6 1
38 6 1
39 6 1
40 7 0
41 6 0
42 5 1
43 6 0
44 6 0
45 5 0
46 5 0
47 4 1
48 4 1
49 5 0
50 5 0
51 4 1
52 4 1
53 5 0
54 4 0
55 4 0
56 4 0
57 4 0
58 4 0
59 4 0
60 4 0
61 3 1
62 4 0
63 3 0
64 3 0
65 2 1
66 2 1
67 3 0
68 2 1
69 3 0
70 2 1
71 3 0
72 2 0
73 1 1
74 1 1
##=========================================
##[Voxel Mapper]Iteration 550 keyframe id, used times, remaining times:
0 11 1
1 11 1
2 11 1
3 11 1
4 11 1
5 12 0
8 12 0
9 11 1
10 11 1
11 11 1
12 11 1
13 12 0
14 11 1
15 11 1
16 11 1
17 11 1
18 11 1
19 11 1
20 12 0
21 12 0
22 11 1
23 12 0
24 10 1
25 11 0
26 10 1
27 10 1
28 9 1
29 9 1
30 9 1
31 9 1
32 9 1
33 8 1
34 9 0
35 8 1
36 7 1
37 7 1
38 8 0
39 7 1
40 7 1
41 7 0
42 6 1
43 7 0
44 7 0
45 6 0
46 5 1
47 5 1
48 5 1
49 5 1
50 5 1
51 6 0
52 6 0
53 5 1
54 4 1
55 4 1
56 5 0
57 5 0
58 4 1
59 4 1
60 4 1
61 5 0
62 4 1
63 3 1
64 3 1
65 3 1
66 3 1
67 3 1
68 3 1
69 3 1
70 4 0
71 4 0
72 2 1
73 3 0
74 2 1
75 2 1
76 3 0
##=========================================
##[Voxel Mapper]Iteration 600 keyframe id, used times, remaining times:
0 12 0
1 12 0
2 12 0
3 12 0
4 12 0
5 12 0
8 12 0
9 12 0
10 12 0
11 12 0
12 12 0
13 12 0
14 12 0
15 12 0
16 11 1
17 12 0
18 12 0
19 12 0
20 12 0
21 12 0
22 12 0
23 12 0
24 11 0
25 11 0
26 11 0
27 11 0
28 9 1
29 10 0
30 10 0
31 10 0
32 10 0
33 9 0
34 9 0
35 9 0
36 8 0
37 8 0
38 8 0
39 8 0
40 8 0
41 7 0
42 7 0
43 7 0
44 7 0
45 6 0
46 6 0
47 6 0
48 6 0
49 6 0
50 6 0
51 6 0
52 6 0
53 6 0
54 5 0
55 5 0
56 5 0
57 5 0
58 5 0
59 5 0
60 4 1
61 5 0
62 4 1
63 4 0
64 4 0
65 4 0
66 4 0
67 4 0
68 4 0
69 4 0
70 4 0
71 4 0
72 3 0
73 3 0
74 3 0
75 2 1
76 3 0
78 1 1
80 1 1
##=========================================
##[Voxel Mapper]Iteration 650 keyframe id, used times, remaining times:
0 12 1
1 12 1
2 12 1
3 13 0
4 13 0
5 12 1
8 13 0
9 12 1
10 12 1
11 12 1
12 12 1
13 12 1
14 13 0
15 12 1
16 13 0
17 13 0
18 12 1
19 12 1
20 13 0
21 12 1
22 12 1
23 13 0
24 12 0
25 12 0
26 12 0
27 12 0
28 10 1
29 10 1
30 11 0
31 10 1
32 10 1
33 9 1
34 10 0
35 9 1
36 9 0
37 8 1
38 9 0
39 8 1
40 9 0
41 8 0
42 7 1
43 8 0
44 7 1
45 7 0
46 7 0
47 7 0
48 6 1
49 6 1
50 7 0
51 6 1
52 6 1
53 6 1
54 5 1
55 6 0
56 6 0
57 6 0
58 6 0
59 5 1
60 5 1
61 5 1
62 5 1
63 4 1
64 5 0
65 4 1
66 4 1
67 5 0
68 4 1
69 4 1
70 5 0
71 4 1
72 4 0
73 4 0
74 3 1
75 3 1
76 3 1
77 3 0
78 3 0
79 3 0
80 3 0
81 2 1
83 1 1
##=========================================
##[Voxel Mapper]Iteration 700 keyframe id, used times, remaining times:
0 13 0
1 13 0
2 13 0
3 13 0
4 13 0
5 13 0
8 13 0
9 13 0
10 13 0
11 13 0
12 13 0
13 13 0
14 13 0
15 13 0
16 13 0
17 13 0
18 13 0
19 13 0
20 13 0
21 13 0
22 13 0
23 13 0
24 12 0
25 12 0
26 12 0
27 12 0
28 11 0
29 11 0
30 11 0
31 11 0
32 11 0
33 10 0
34 10 0
35 10 0
36 9 0
37 9 0
38 9 0
39 9 0
40 9 0
41 8 0
42 8 0
43 8 0
44 8 0
45 7 0
46 7 0
47 7 0
48 7 0
49 7 0
50 7 0
51 7 0
52 7 0
53 7 0
54 6 0
55 6 0
56 6 0
57 6 0
58 6 0
59 6 0
60 6 0
61 6 0
62 6 0
63 5 0
64 5 0
65 5 0
66 5 0
67 5 0
68 5 0
69 5 0
70 5 0
71 5 0
72 4 0
73 4 0
74 4 0
75 4 0
76 4 0
77 3 0
78 3 0
79 3 0
80 3 0
81 3 0
82 1 1
83 2 0
84 2 0
85 1 1
86 1 1
##=========================================
##[Voxel Mapper]Iteration 750 keyframe id, used times, remaining times:
0 13 1
1 13 1
2 14 0
3 13 1
4 14 0
5 14 0
8 13 1
9 14 0
10 13 1
11 14 0
12 13 1
13 14 0
14 13 1
15 14 0
16 13 1
17 13 1
18 14 0
19 13 1
20 14 0
21 13 1
22 13 1
23 13 1
24 12 1
25 13 0
26 12 1
27 13 0
28 12 0
29 12 0
30 12 0
31 12 0
32 11 1
33 10 1
34 10 1
35 11 0
36 10 0
37 9 1
38 10 0
39 9 1
40 10 0
41 9 0
42 8 1
43 9 0
44 8 1
45 8 0
46 7 1
47 8 0
48 8 0
49 8 0
50 8 0
51 8 0
52 8 0
53 7 1
54 6 1
55 6 1
56 6 1
57 6 1
58 6 1
59 6 1
60 7 0
61 7 0
62 6 1
63 5 1
64 6 0
65 5 1
66 5 1
67 6 0
68 6 0
69 6 0
70 5 1
71 6 0
72 4 1
73 5 0
74 5 0
75 5 0
76 5 0
77 4 0
78 4 0
79 3 1
80 3 1
81 3 1
82 3 0
83 2 1
84 2 1
85 3 0
86 2 1
87 3 0
88 1 1
##=========================================
##[Voxel Mapper]Iteration 800 keyframe id, used times, remaining times:
0 14 0
1 14 0
2 14 0
3 14 0
4 14 0
5 14 0
8 14 0
9 14 0
10 14 0
11 14 0
12 14 0
13 14 0
14 14 0
15 14 0
16 14 0
17 13 1
18 14 0
19 14 0
20 14 0
21 14 0
22 13 1
23 14 0
24 13 0
25 13 0
26 13 0
27 13 0
28 12 0
29 12 0
30 12 0
31 12 0
32 12 0
33 11 0
34 11 0
35 11 0
36 10 0
37 10 0
38 10 0
39 10 0
40 10 0
41 9 0
42 9 0
43 9 0
44 9 0
45 8 0
46 8 0
47 8 0
48 8 0
49 8 0
50 8 0
51 8 0
52 8 0
53 8 0
54 7 0
55 7 0
56 7 0
57 7 0
58 7 0
59 7 0
60 7 0
61 7 0
62 7 0
63 6 0
64 6 0
65 6 0
66 6 0
67 6 0
68 6 0
69 6 0
70 6 0
71 6 0
72 5 0
73 5 0
74 5 0
75 5 0
76 5 0
77 4 0
78 4 0
79 4 0
80 4 0
81 4 0
82 3 0
83 3 0
84 3 0
85 3 0
86 3 0
87 3 0
88 2 0
89 2 0
90 2 0
91 2 0
92 2 0
94 1 1
##=========================================
##[Voxel Mapper]Iteration 850 keyframe id, used times, remaining times:
0 14 1
1 14 1
2 14 1
3 14 1
4 15 0
5 14 1
8 14 1
9 14 1
10 14 1
11 15 0
12 15 0
13 14 1
14 15 0
15 15 0
16 15 0
17 15 0
18 15 0
19 14 1
20 15 0
21 14 1
22 15 0
23 15 0
24 14 0
25 13 1
26 14 0
27 13 1
28 13 0
29 13 0
30 12 1
31 13 0
32 13 0
33 11 1
34 11 1
35 11 1
36 10 1
37 11 0
38 11 0
39 10 1
40 10 1
41 10 0
42 10 0
43 9 1
44 9 1
45 9 0
46 9 0
47 8 1
48 8 1
49 8 1
50 8 1
51 8 1
52 9 0
53 8 1
54 7 1
55 8 0
56 7 1
57 7 1
58 7 1
59 7 1
60 8 0
61 7 1
62 8 0
63 7 0
64 6 1
65 6 1
66 7 0
67 7 0
68 6 1
69 6 1
70 6 1
71 7 0
72 6 0
73 6 0
74 5 1
75 5 1
76 5 1
77 4 1
78 5 0
79 5 0
80 5 0
81 5 0
82 3 1
83 3 1
84 3 1
85 4 0
86 3 1
87 3 1
88 3 0
89 3 0
90 3 0
91 2 1
92 2 1
93 2 1
94 3 0
95 3 0
##=========================================
##[Voxel Mapper]Iteration 900 keyframe id, used times, remaining times:
0 15 0
1 15 0
2 15 0
3 15 0
4 15 0
5 15 0
8 15 0
9 15 0
10 15 0
11 15 0
12 15 0
13 15 0
14 15 0
15 15 0
16 15 0
17 15 0
18 15 0
19 15 0
20 15 0
21 15 0
22 15 0
23 15 0
24 14 0
25 14 0
26 14 0
27 14 0
28 13 0
29 13 0
30 13 0
31 13 0
32 13 0
33 12 0
34 12 0
35 12 0
36 11 0
37 11 0
38 11 0
39 11 0
40 11 0
41 10 0
42 10 0
43 10 0
44 10 0
45 9 0
46 9 0
47 9 0
48 9 0
49 8 1
50 9 0
51 8 1
52 9 0
53 9 0
54 8 0
55 8 0
56 8 0
57 8 0
58 8 0
59 8 0
60 8 0
61 8 0
62 8 0
63 7 0
64 7 0
65 7 0
66 7 0
67 7 0
68 7 0
69 7 0
70 7 0
71 7 0
72 6 0
73 6 0
74 6 0
75 6 0
76 6 0
77 4 1
78 5 0
79 5 0
80 5 0
81 5 0
82 4 0
83 4 0
84 4 0
85 4 0
86 4 0
87 4 0
88 3 0
89 3 0
90 3 0
91 3 0
92 3 0
93 3 0
94 3 0
95 3 0
96 1 1
97 1 1
##=========================================
##[Voxel Mapper]Iteration 950 keyframe id, used times, remaining times:
0 15 1
1 16 0
2 16 0
3 15 1
4 15 1
5 15 1
8 16 0
9 15 1
10 16 0
11 15 1
12 15 1
13 16 0
14 15 1
15 16 0
16 16 0
17 16 0
18 16 0
19 15 1
20 16 0
21 15 1
22 16 0
23 15 1
24 14 1
25 14 1
26 15 0
27 15 0
28 13 1
29 13 1
30 13 1
31 13 1
32 13 1
33 13 0
34 13 0
35 13 0
36 11 1
37 11 1
38 12 0
39 11 1
40 12 0
41 10 1
42 11 0
43 11 0
44 11 0
45 9 1
46 9 1
47 9 1
48 9 1
49 10 0
50 9 1
51 10 0
52 9 1
53 10 0
54 9 0
55 9 0
56 9 0
57 9 0
58 9 0
59 8 1
60 8 1
61 8 1
62 8 1
63 7 1
64 7 1
65 8 0
66 7 1
67 7 1
68 7 1
69 7 1
70 8 0
71 8 0
72 6 1
73 6 1
74 7 0
75 7 0
76 7 0
77 6 0
78 5 1
79 5 1
80 5 1
81 5 1
82 5 0
83 4 1
84 5 0
85 5 0
86 5 0
87 4 1
88 4 0
89 4 0
90 3 1
91 3 1
92 3 1
93 4 0
94 3 1
95 4 0
96 3 0
97 2 1
##=========================================
##[Voxel Mapper]Iteration 50 keyframe id, used times, remaining times:
0 2 1
1 2 1
2 3 0
3 2 1
4 3 0
6 2 1
7 2 1
8 2 1
9 3 0
10 2 1
11 2 1
12 3 0
13 2 1
14 2 1
15 2 1
16 2 1
17 2 1
18 2 1
19 2 1
20 2 1
21 3 0
22 3 0
##=========================================
##[Voxel Mapper]Iteration 100 keyframe id, used times, remaining times:
0 4 0
1 3 1
2 4 0
3 4 0
4 4 0
6 4 0
7 4 0
8 4 0
9 3 1
10 4 0
11 4 0
12 3 1
13 4 0
14 3 1
15 4 0
16 4 0
17 4 0
18 3 1
19 4 0
20 4 0
21 4 0
22 4 0
23 3 0
24 3 0
25 3 0
26 3 0
27 2 0
28 2 0
30 1 1
##=========================================
##[Voxel Mapper]Iteration 150 keyframe id, used times, remaining times:
0 5 1
1 5 1
2 5 1
3 5 1
4 5 1
6 5 1
7 5 1
8 5 1
9 5 1
10 5 1
11 5 1
12 5 1
13 5 1
14 5 1
15 5 1
16 5 1
17 5 1
18 5 1
19 5 1
20 5 1
21 5 1
22 5 1
23 4 1
24 4 1
25 4 1
26 4 1
27 3 1
28 3 1
29 3 1
30 3 1
31 3 1
32 2 1
33 2 1
34 2 1
35 3 0
##=========================================
##[Voxel Mapper]Iteration 200 keyframe id, used times, remaining times:
0 6 1
1 7 0
2 7 0
3 6 1
4 6 1
6 7 0
7 6 1
8 6 1
9 7 0
10 6 1
11 6 1
12 7 0
13 6 1
14 6 1
15 6 1
16 6 1
17 6 1
18 6 1
19 6 1
20 6 1
21 6 1
22 7 0
23 5 1
24 5 1
25 5 1
26 5 1
27 4 1
28 4 1
29 4 1
30 4 1
31 4 1
32 3 1
33 4 0
34 3 1
35 3 1
36 2 1
37 2 1
38 2 1
39 3 0
##=========================================
##[Voxel Mapper]Iteration 250 keyframe id, used times, remaining times:
0 7 1
1 7 1
2 7 1
3 7 1
4 7 1
6 7 1
7 7 1
8 7 1
9 8 0
10 7 1
11 7 1
12 7 1
13 7 1
14 7 1
15 7 1
16 8 0
17 8 0
18 7 1
19 8 0
20 8 0
21 7 1
22 7 1
23 6 1
24 6 1
25 6 1
26 6 1
27 5 1
28 5 1
29 5 1
30 5 1
31 6 0
32 4 1
33 4 1
34 4 1
35 4 1
36 3 1
37 3 1
38 3 1
39 3 1
40 3 0
41 2 1
42 2 1
43 2 1
44 2 1
45 2 1
##=========================================
##[Voxel Mapper]Iteration 300 keyframe id, used times, remaining times:
0 8 0
1 8 0
2 8 0
3 8 0
4 8 0
6 8 0
7 7 1
8 7 1
9 8 0
10 8 0
11 8 0
12 8 0
13 8 0
14 8 0
15 8 0
16 8 0
17 8 0
18 8 0
19 8 0
20 8 0
21 8 0
22 8 0
23 7 0
24 7 0
25 7 0
26 7 0
27 6 0
28 6 0
29 5 1
30 6 0
31 6 0
32 5 0
33 5 0
34 5 0
35 5 0
36 4 0
37 4 0
38 4 0
39 4 0
40 3 0
41 3 0
42 3 0
43 3 0
44 3 0
45 3 0
46 2 0
47 2 0
48 2 0
49 1 1
50 2 0
51 2 0
52 2 0
53 2 0
##=========================================
##[Voxel Mapper]Iteration 350 keyframe id, used times, remaining times:
0 9 0
1 9 0
2 9 0
3 8 1
4 9 0
6 9 0
7 9 0
8 9 0
9 9 0
10 9 0
11 9 0
12 9 0
13 9 0
14 8 1
15 8 1
16 9 0
17 9 0
18 9 0
19 9 0
20 9 0
21 8 1
22 9 0
23 8 0
24 8 0
25 7 1
26 8 0
27 6 1
28 7 0
29 7 0
30 7 0
31 6 1
32 6 0
33 5 1
34 5 1
35 6 0
36 4 1
37 5 0
38 4 1
39 5 0
40 4 0
41 3 1
42 4 0
43 4 0
44 3 1
45 3 1
46 3 0
47 2 1
48 3 0
49 3 0
50 3 0
51 3 0
52 3 0
53 3 0
54 2 1
55 3 0
56 2 0
57 1 1
##=========================================
##[Voxel Mapper]Iteration 400 keyframe id, used times, remaining times:
0 9 1
1 9 1
2 9 1
3 10 0
4 9 1
6 9 1
7 10 0
8 9 1
9 9 1
10 10 0
11 9 1
12 9 1
13 9 1
14 9 1
15 9 1
16 9 1
17 10 0
18 9 1
19 9 1
20 10 0
21 9 1
22 9 1
23 9 0
24 8 1
25 9 0
26 8 1
27 8 0
28 7 1
29 7 1
30 7 1
31 7 1
32 6 1
33 7 0
34 6 1
35 6 1
36 5 1
37 6 0
38 5 1
39 6 0
40 4 1
41 5 0
42 4 1
43 4 1
44 5 0
45 4 1
46 3 1
47 4 0
48 3 1
49 3 1
50 3 1
51 4 0
52 4 0
53 3 1
54 4 0
55 3 1
56 2 1
57 2 1
58 3 0
59 3 0
60 2 1
61 2 1
62 2 1
63 3 0
64 1 1
##=========================================
##[Voxel Mapper]Iteration 450 keyframe id, used times, remaining times:
0 10 0
1 10 0
2 10 0
3 10 0
4 9 1
6 10 0
7 10 0
8 10 0
9 10 0
10 10 0
11 10 0
12 10 0
13 10 0
14 10 0
15 10 0
16 10 0
17 10 0
18 10 0
19 10 0
20 10 0
21 10 0
22 10 0
23 9 0
24 9 0
25 9 0
26 9 0
27 8 0
28 8 0
29 8 0
30 8 0
31 8 0
32 7 0
33 7 0
34 7 0
35 7 0
36 6 0
37 6 0
38 6 0
39 6 0
40 5 0
41 5 0
42 5 0
43 5 0
44 5 0
45 4 1
46 4 0
47 4 0
48 4 0
49 4 0
50 4 0
51 4 0
52 4 0
53 4 0
54 4 0
55 4 0
56 3 0
57 3 0
58 3 0
59 3 0
60 3 0
61 3 0
62 3 0
63 3 0
64 2 0
65 2 0
66 2 0
67 2 0
68 1 1
69 1 1
##=========================================
##[Voxel Mapper]Iteration 500 keyframe id, used times, remaining times:
0 11 0
1 11 0
2 10 1
3 11 0
4 11 0
6 11 0
7 11 0
8 11 0
9 11 0
10 11 0
11 11 0
12 10 1
13 11 0
14 10 1
15 10 1
16 10 1
17 11 0
18 10 1
19 11 0
20 11 0
21 11 0
22 11 0
23 9 1
24 9 1
25 10 0
26 9 1
27 8 1
28 9 0
29 9 0
30 9 0
31 9 0
32 8 0
33 8 0
34 7 1
35 8 0
36 7 0
37 7 0
38 7 0
39 6 1
40 6 0
41 5 1
42 6 0
43 6 0
44 5 1
45 6 0
46 4 1
47 5 0
48 4 1
49 5 0
50 5 0
51 4 1
52 5 0
53 4 1
54 5 0
55 4 1
56 3 1
57 4 0
58 4 0
59 4 0
60 3 1
61 3 1
62 3 1
63 3 1
64 3 0
65 3 0
66 3 0
67 2 1
68 2 1
69 3 0
70 1 1
71 1 1
72 1 1
##=========================================
##[Voxel Mapper]Iteration 550 keyframe id, used times, remaining times:
0 11 1
1 11 1
2 12 0
3 12 0
4 11 1
6 11 1
7 11 1
8 11 1
9 12 0
10 11 1
11 12 0
12 11 1
13 11 1
14 11 1
15 11 1
16 11 1
17 11 1
18 12 0
19 11 1
20 12 0
21 11 1
22 11 1
23 10 1
24 10 1
25 10 1
26 11 0
27 10 0
28 9 1
29 9 1
30 9 1
31 9 1
32 8 1
33 8 1
34 8 1
35 8 1
36 7 1
37 7 1
38 7 1
39 8 0
40 6 1
41 6 1
42 6 1
43 6 1
44 6 1
45 6 1
46 6 0
47 5 1
48 5 1
49 5 1
50 5 1
51 5 1
52 5 1
53 6 0
54 6 0
55 5 1
56 4 1
57 4 1
58 4 1
59 4 1
60 5 0
61 5 0
62 4 1
63 4 1
64 3 1
65 4 0
66 3 1
67 3 1
68 3 1
69 3 1
70 3 0
71 2 1
72 2 1
73 2 1
74 3 0
##=========================================
##[Voxel Mapper]Iteration 600 keyframe id, used times, remaining times:
0 11 1
1 12 0
2 12 0
3 12 0
4 12 0
6 12 0
7 12 0
8 11 1
9 12 0
10 11 1
11 12 0
12 12 0
13 12 0
14 12 0
15 12 0
16 12 0
17 12 0
18 12 0
19 11 1
20 12 0
21 12 0
22 12 0
23 11 0
24 11 0
25 11 0
26 11 0
27 10 0
28 10 0
29 10 0
30 10 0
31 10 0
32 9 0
33 9 0
34 9 0
35 9 0
36 8 0
37 8 0
38 8 0
39 8 0
40 7 0
41 7 0
42 7 0
43 7 0
44 7 0
45 7 0
46 6 0
47 6 0
48 5 1
49 6 0
50 5 1
51 6 0
52 6 0
53 6 0
54 6 0
55 6 0
56 4 1
57 5 0
58 5 0
59 5 0
60 5 0
61 5 0
62 4 1
63 4 1
64 4 0
65 4 0
66 4 0
67 3 1
68 4 0
69 4 0
70 3 0
71 3 0
72 3 0
73 3 0
74 3 0
75 1 1
76 1 1
77 1 1
##=========================================
##[Voxel Mapper]Iteration 650 keyframe id, used times, remaining times:
0 12 1
1 13 0
2 13 0
3 12 1
4 13 0
6 13 0
7 13 0
8 12 1
9 12 1
10 12 1
11 12 1
12 13 0
13 12 1
14 13 0
15 12 1
16 12 1
17 12 1
18 13 0
19 12 1
20 12 1
21 12 1
22 12 1
23 12 0
24 11 1
25 12 0
26 11 1
27 10 1
28 11 0
29 10 1
30 10 1
31 10 1
32 9 1
33 9 1
34 9 1
35 10 0
36 9 0
37 8 1
38 8 1
39 9 0
40 7 1
41 7 1
42 7 1
43 8 0
44 8 0
45 7 1
46 6 1
47 6 1
48 7 0
49 6 1
50 6 1
51 7 0
52 7 0
53 6 1
54 7 0
55 6 1
56 5 1
57 5 1
58 6 0
59 5 1
60 5 1
61 6 0
62 5 1
63 6 0
64 4 1
65 4 1
66 5 0
67 5 0
68 5 0
69 4 1
70 3 1
71 4 0
72 3 1
73 3 1
74 3 1
75 3 0
76 2 1
77 3 0
78 2 1
79 2 1
80 3 0
81 1 1
##=========================================
##[Voxel Mapper]Iteration 700 keyframe id, used times, remaining times:
0 13 0
1 13 0
2 13 0
3 13 0
4 13 0
6 13 0
7 13 0
8 13 0
9 13 0
10 13 0
11 13 0
12 13 0
13 13 0
14 13 0
15 13 0
16 13 0
17 13 0
18 13 0
19 13 0
20 13 0
21 13 0
22 13 0
23 12 0
24 12 0
25 12 0
26 12 0
27 11 0
28 11 0
29 10 1
30 11 0
31 11 0
32 10 0
33 10 0
34 10 0
35 10 0
36 9 0
37 9 0
38 9 0
39 9 0
40 8 0
41 8 0
42 8 0
43 8 0
44 8 0
45 8 0
46 7 0
47 7 0
48 7 0
49 7 0
50 7 0
51 7 0
52 7 0
53 7 0
54 7 0
55 6 1
56 5 1
57 6 0
58 6 0
59 6 0
60 6 0
61 6 0
62 6 0
63 6 0
64 5 0
65 4 1
66 5 0
67 5 0
68 5 0
69 5 0
70 4 0
71 4 0
72 4 0
73 4 0
74 4 0
75 3 0
76 3 0
77 3 0
78 3 0
79 3 0
80 3 0
81 1 1
82 2 0
84 1 1
86 1 1
##=========================================
##[Voxel Mapper]Iteration 750 keyframe id, used times, remaining times:
0 13 1
1 14 0
2 13 1
3 13 1
4 13 1
6 14 0
7 14 0
8 13 1
9 14 0
10 14 0
11 13 1
12 13 1
13 13 1
14 14 0
15 13 1
16 14 0
17 13 1
18 13 1
19 13 1
20 14 0
21 14 0
22 13 1
23 12 1
24 12 1
25 12 1
26 12 1
27 11 1
28 11 1
29 11 1
30 11 1
31 11 1
32 11 0
33 11 0
34 10 1
35 11 0
36 10 0
37 10 0
38 10 0
39 9 1
40 9 0
41 8 1
42 9 0
43 8 1
44 8 1
45 8 1
46 8 0
47 7 1
48 7 1
49 7 1
50 7 1
51 8 0
52 7 1
53 7 1
54 7 1
55 8 0
56 7 0
57 7 0
58 6 1
59 7 0
60 6 1
61 6 1
62 7 0
63 6 1
64 6 0
65 6 0
66 6 0
67 5 1
68 5 1
69 5 1
70 4 1
71 5 0
72 5 0
73 4 1
74 4 1
75 3 1
76 3 1
77 3 1
78 3 1
79 4 0
80 4 0
81 3 0
82 2 1
83 3 0
84 2 1
85 3 0
86 3 0
87 2 1
88 2 1
##=========================================
##[Voxel Mapper]Iteration 800 keyframe id, used times, remaining times:
0 13 1
1 14 0
2 14 0
3 14 0
4 14 0
6 14 0
7 14 0
8 14 0
9 14 0
10 14 0
11 14 0
12 14 0
13 14 0
14 14 0
15 13 1
16 14 0
17 14 0
18 14 0
19 14 0
20 14 0
21 14 0
22 14 0
23 13 0
24 13 0
25 13 0
26 13 0
27 12 0
28 11 1
29 12 0
30 12 0
31 12 0
32 11 0
33 11 0
34 11 0
35 11 0
36 10 0
37 10 0
38 10 0
39 10 0
40 9 0
41 9 0
42 9 0
43 9 0
44 9 0
45 8 1
46 8 0
47 8 0
48 7 1
49 8 0
50 8 0
51 8 0
52 8 0
53 8 0
54 8 0
55 8 0
56 7 0
57 7 0
58 6 1
59 7 0
60 7 0
61 7 0
62 7 0
63 7 0
64 6 0
65 6 0
66 6 0
67 6 0
68 5 1
69 6 0
70 5 0
71 5 0
72 5 0
73 5 0
74 5 0
75 4 0
76 4 0
77 3 1
78 4 0
79 4 0
80 4 0
81 3 0
82 3 0
83 3 0
84 3 0
85 3 0
86 3 0
87 3 0
88 3 0
89 2 0
90 1 1
91 1 1
92 1 1
##=========================================
##[Voxel Mapper]Iteration 850 keyframe id, used times, remaining times:
0 15 0
1 15 0
2 14 1
3 15 0
4 14 1
6 15 0
7 14 1
8 14 1
9 14 1
10 14 1
11 15 0
12 14 1
13 15 0
14 14 1
15 14 1
16 15 0
17 14 1
18 14 1
19 14 1
20 14 1
21 14 1
22 15 0
23 13 1
24 14 0
25 13 1
26 13 1
27 12 1
28 13 0
29 12 1
30 12 1
31 13 0
32 11 1
33 11 1
34 11 1
35 11 1
36 11 0
37 10 1
38 10 1
39 11 0
40 10 0
41 10 0
42 10 0
43 10 0
44 9 1
45 10 0
46 8 1
47 8 1
48 8 1
49 9 0
50 9 0
51 8 1
52 9 0
53 9 0
54 8 1
55 9 0
56 8 0
57 7 1
58 8 0
59 7 1
60 7 1
61 7 1
62 8 0
63 8 0
64 6 1
65 6 1
66 7 0
67 7 0
68 6 1
69 7 0
70 5 1
71 5 1
72 5 1
73 5 1
74 5 1
75 4 1
76 4 1
77 4 1
78 4 1
79 5 0
80 4 1
81 3 1
82 3 1
83 4 0
84 3 1
85 3 1
86 3 1
87 4 0
88 4 0
89 2 1
90 3 0
91 2 1
92 3 0
93 3 0
##=========================================
##[Voxel Mapper]Iteration 50 keyframe id, used times, remaining times:
0 2 1
1 2 1
2 2 1
3 3 0
4 2 1
7 2 1
8 2 1
10 2 1
11 2 1
12 2 1
13 3 0
14 2 1
15 3 0
16 2 1
17 2 1
18 2 1
19 2 1
20 2 1
21 2 1
22 3 0
23 2 1
24 2 1
25 2 1
##=========================================
##[Voxel Mapper]Iteration 100 keyframe id, used times, remaining times:
0 4 0
1 3 1
2 4 0
3 3 1
4 3 1
7 4 0
8 3 1
10 4 0
11 3 1
12 4 0
13 4 0
14 3 1
15 4 0
16 4 0
17 4 0
18 4 0
19 4 0
20 4 0
21 3 1
22 4 0
23 3 1
24 4 0
25 4 0
26 3 0
27 3 0
28 3 0
29 3 0
30 2 0
31 1 1
32 1 1
##=========================================
##[Voxel Mapper]Iteration 150 keyframe id, used times, remaining times:
0 5 0
1 5 0
2 5 0
3 5 0
4 5 0
7 5 0
8 5 0
10 5 0
11 5 0
12 5 0
13 5 0
14 5 0
15 5 0
16 5 0
17 5 0
18 5 0
19 5 0
20 5 0
21 5 0
22 5 0
23 5 0
24 5 0
25 5 0
26 4 0
27 4 0
28 4 0
29 4 0
30 3 0
31 3 0
32 2 1
33 3 0
34 3 0
35 2 0
36 1 1
37 1 1
38 1 1
##=========================================
##[Voxel Mapper]Iteration 200 keyframe id, used times, remaining times:
0 6 0
1 6 0
2 6 0
3 6 0
4 6 0
7 6 0
8 6 0
10 6 0
11 6 0
12 6 0
13 6 0
14 6 0
15 6 0
16 6 0
17 6 0
18 6 0
19 6 0
20 6 0
21 6 0
22 6 0
23 6 0
24 6 0
25 6 0
26 5 0
27 5 0
28 5 0
29 5 0
30 4 0
31 4 0
32 4 0
33 4 0
34 4 0
35 3 0
36 3 0
37 3 0
38 3 0
39 3 0
40 2 0
41 2 0
42 2 0
43 1 1
##=========================================
##[Voxel Mapper]Iteration 250 keyframe id, used times, remaining times:
0 7 1
1 7 1
2 7 1
3 7 1
4 7 1
7 7 1
8 7 1
10 7 1
11 7 1
12 7 1
13 7 1
14 7 1
15 8 0
16 7 1
17 7 1
18 7 1
19 7 1
20 7 1
21 7 1
22 7 1
23 7 1
24 7 1
25 7 1
26 6 1
27 6 1
28 6 1
29 6 1
30 5 1
31 5 1
32 5 1
33 5 1
34 5 1
35 4 1
36 4 1
37 4 1
38 4 1
39 4 1
40 3 1
41 3 1
42 3 1
43 3 1
44 2 1
45 2 1
46 3 0
##=========================================
##[Voxel Mapper]Iteration 300 keyframe id, used times, remaining times:
0 8 0
1 8 0
2 8 0
3 8 0
4 8 0
7 8 0
8 8 0
10 8 0
11 8 0
12 8 0
13 8 0
14 8 0
15 8 0
16 8 0
17 8 0
18 8 0
19 8 0
20 8 0
21 8 0
22 8 0
23 8 0
24 8 0
25 8 0
26 7 0
27 6 1
28 7 0
29 7 0
30 6 0
31 6 0
32 6 0
33 6 0
34 6 0
35 5 0
36 4 1
37 5 0
38 5 0
39 5 0
40 4 0
41 4 0
42 4 0
43 4 0
44 3 0
45 3 0
46 3 0
47 2 0
48 2 0
49 1 1
50 1 1
51 2 0
52 2 0
##=========================================
##[Voxel Mapper]Iteration 350 keyframe id, used times, remaining times:
0 9 0
1 9 0
2 9 0
3 9 0
4 8 1
7 9 0
8 8 1
10 9 0
11 9 0
12 8 1
13 9 0
14 9 0
15 9 0
16 9 0
17 8 1
18 9 0
19 9 0
20 9 0
21 9 0
22 8 1
23 9 0
24 9 0
25 8 1
26 8 0
27 8 0
28 8 0
29 8 0
30 7 0
31 6 1
32 7 0
33 6 1
34 7 0
35 6 0
36 6 0
37 5 1
38 6 0
39 5 1
40 5 0
41 5 0
42 4 1
43 5 0
44 4 0
45 4 0
46 3 1
47 3 0
48 2 1
49 3 0
50 3 0
51 3 0
52 3 0
53 3 0
54 3 0
56 1 1
58 2 0
##=========================================
##[Voxel Mapper]Iteration 400 keyframe id, used times, remaining times:
0 9 1
1 9 1
2 9 1
3 9 1
4 9 1
7 9 1
8 9 1
10 10 0
11 9 1
12 9 1
13 10 0
14 9 1
15 9 1
16 10 0
17 10 0
18 9 1
19 9 1
20 9 1
21 9 1
22 9 1
23 10 0
24 9 1
25 10 0
26 9 0
27 8 1
28 8 1
29 8 1
30 7 1
31 7 1
32 7 1
33 7 1
34 7 1
35 6 1
36 7 0
37 6 1
38 7 0
39 6 1
40 6 0
41 5 1
42 5 1
43 6 0
44 4 1
45 4 1
46 4 1
47 3 1
48 4 0
49 4 0
50 3 1
51 4 0
52 3 1
53 4 0
54 3 1
55 2 1
56 2 1
57 3 0
58 2 1
59 3 0
60 3 0
61 3 0
62 3 0
63 2 1
64 2 1
##=========================================
##[Voxel Mapper]Iteration 450 keyframe id, used times, remaining times:
0 10 0
1 10 0
2 10 0
3 10 0
4 10 0
7 10 0
8 10 0
10 10 0
11 10 0
12 10 0
13 10 0
14 10 0
15 9 1
16 10 0
17 10 0
18 10 0
19 10 0
20 10 0
21 10 0
22 10 0
23 10 0
24 10 0
25 10 0
26 9 0
27 9 0
28 9 0
29 9 0
30 7 1
31 8 0
32 8 0
33 8 0
34 8 0
35 7 0
36 7 0
37 7 0
38 7 0
39 7 0
40 6 0
41 6 0
42 6 0
43 6 0
44 5 0
45 5 0
46 5 0
47 4 0
48 4 0
49 4 0
50 4 0
51 4 0
52 4 0
53 4 0
54 4 0
55 3 0
56 3 0
57 3 0
58 3 0
59 3 0
60 3 0
61 3 0
62 3 0
63 3 0
64 3 0
65 1 1
66 2 0
67 2 0
68 1 1
69 2 0
70 1 1
71 1 1
##=========================================
##[Voxel Mapper]Iteration 500 keyframe id, used times, remaining times:
0 10 1
1 11 0
2 11 0
3 10 1
4 11 0
7 10 1
8 10 1
10 11 0
11 11 0
12 10 1
13 10 1
14 11 0
15 10 1
16 11 0
17 10 1
18 11 0
19 10 1
20 10 1
21 11 0
22 11 0
23 11 0
24 10 1
25 11 0
26 10 0
27 10 0
28 10 0
29 10 0
30 9 0
31 9 0
32 8 1
33 9 0
34 8 1
35 7 1
36 8 0
37 8 0
38 7 1
39 8 0
40 6 1
41 6 1
42 7 0
43 7 0
44 6 0
45 6 0
46 5 1
47 5 0
48 5 0
49 4 1
50 5 0
51 5 0
52 5 0
53 4 1
54 5 0
55 4 0
56 4 0
57 3 1
58 4 0
59 3 1
60 4 0
61 4 0
62 4 0
63 3 1
64 3 1
65 3 0
66 2 1
67 2 1
68 2 1
69 2 1
70 2 1
71 3 0
72 3 0
73 1 1
##=========================================
##[Voxel Mapper]Iteration 550 keyframe id, used times, remaining times:
0 11 1
1 11 1
2 12 0
3 11 1
4 11 1
7 12 0
8 11 1
10 11 1
11 11 1
12 11 1
13 11 1
14 11 1
15 11 1
16 12 0
17 11 1
18 11 1
19 11 1
20 11 1
21 11 1
22 11 1
23 11 1
24 11 1
25 11 1
26 10 1
27 10 1
28 10 1
29 10 1
30 10 0
31 9 1
32 9 1
33 9 1
34 9 1
35 9 0
36 8 1
37 8 1
38 8 1
39 9 0
40 7 1
41 7 1
42 7 1
43 7 1
44 6 1
45 6 1
46 7 0
47 5 1
48 5 1
49 5 1
50 5 1
51 5 1
52 5 1
53 5 1
54 5 1
55 4 1
56 4 1
57 4 1
58 4 1
59 4 1
60 4 1
61 4 1
62 4 1
63 4 1
64 4 1
65 4 0
66 3 1
67 4 0
68 3 1
69 3 1
70 4 0
71 3 1
72 3 1
73 2 1
74 2 1
75 2 1
76 2 1
77 2 1
78 2 1
##=========================================
##[Voxel Mapper]Iteration 600 keyframe id, used times, remaining times:
0 12 0
1 12 0
2 12 0
3 12 0
4 11 1
7 12 0
8 11 1
10 12 0
11 12 0
12 12 0
13 12 0
14 12 0
15 12 0
16 12 0
17 12 0
18 12 0
19 11 1
20 11 1
21 11 1
22 11 1
23 12 0
24 12 0
25 11 1
26 11 0
27 11 0
28 10 1
29 10 1
30 10 0
31 9 1
32 10 0
33 10 0
34 9 1
35 9 0
36 9 0
37 9 0
38 9 0
39 9 0
40 8 0
41 8 0
42 7 1
43 7 1
44 7 0
45 6 1
46 7 0
47 6 0
48 6 0
49 6 0
50 6 0
51 6 0
52 6 0
53 6 0
54 5 1
55 5 0
56 5 0
57 5 0
58 5 0
59 5 0
60 4 1
61 4 1
62 5 0
63 5 0
64 5 0
65 4 0
66 4 0
67 4 0
68 4 0
69 3 1
70 4 0
71 4 0
72 3 1
73 3 0
74 3 0
75 3 0
76 3 0
77 3 0
78 3 0
79 2 0
80 1 1
##=========================================
##[Voxel Mapper]Iteration 650 keyframe id, used times, remaining times:
0 12 1
1 13 0
2 12 1
3 12 1
4 13 0
7 12 1
8 12 1
10 12 1
11 12 1
12 12 1
13 13 0
14 12 1
15 13 0
16 13 0
17 12 1
18 12 1
19 13 0
20 12 1
21 12 1
22 12 1
23 12 1
24 12 1
25 13 0
26 12 0
27 11 1
28 12 0
29 11 1
30 11 0
31 10 1
32 10 1
33 10 1
34 10 1
35 9 1
36 9 1
37 9 1
38 9 1
39 9 1
40 8 1
41 8 1
42 8 1
43 8 1
44 7 1
45 7 1
46 8 0
47 6 1
48 7 0
49 6 1
50 6 1
51 6 1
52 6 1
53 6 1
54 6 1
55 5 1
56 6 0
57 6 0
58 5 1
59 5 1
60 6 0
61 6 0
62 5 1
63 6 0
64 5 1
65 4 1
66 5 0
67 4 1
68 4 1
69 5 0
70 4 1
71 4 1
72 5 0
73 3 1
74 3 1
75 3 1
76 3 1
77 3 1
78 4 0
79 2 1
80 3 0
81 2 1
82 2 1
83 3 0
84 1 1
##=========================================
##[Voxel Mapper]Iteration 700 keyframe id, used times, remaining times:
0 12 1
1 13 0
2 13 0
3 13 0
4 13 0
7 13 0
8 13 0
10 13 0
11 12 1
12 13 0
13 13 0
14 13 0
15 13 0
16 13 0
17 13 0
18 12 1
19 13 0
20 12 1
21 13 0
22 13 0
23 13 0
24 13 0
25 13 0
26 12 0
27 11 1
28 12 0
29 11 1
30 11 0
31 11 0
32 11 0
33 11 0
34 11 0
35 10 0
36 10 0
37 10 0
38 10 0
39 10 0
40 9 0
41 9 0
42 9 0
43 9 0
44 8 0
45 8 0
46 8 0
47 7 0
48 7 0
49 7 0
50 6 1
51 7 0
52 7 0
53 6 1
54 7 0
55 6 0
56 6 0
57 6 0
58 6 0
59 6 0
60 6 0
61 6 0
62 6 0
63 6 0
64 6 0
65 5 0
66 5 0
67 5 0
68 4 1
69 5 0
70 4 1
71 5 0
72 5 0
73 4 0
74 4 0
75 4 0
76 4 0
77 4 0
78 4 0
79 3 0
80 3 0
81 2 1
82 3 0
83 3 0
84 2 0
85 1 1
86 1 1
##=========================================
##[Voxel Mapper]Iteration 750 keyframe id, used times, remaining times:
0 14 0
1 14 0
2 14 0
3 14 0
4 13 1
7 13 1
8 13 1
10 14 0
11 14 0
12 13 1
13 13 1
14 14 0
15 13 1
16 14 0
17 14 0
18 13 1
19 14 0
20 13 1
21 14 0
22 13 1
23 13 1
24 14 0
25 13 1
26 12 1
27 13 0
28 12 1
29 12 1
30 12 0
31 11 1
32 11 1
33 11 1
34 11 1
35 10 1
36 10 1
37 10 1
38 11 0
39 10 1
40 9 1
41 9 1
42 10 0
43 9 1
44 9 0
45 8 1
46 9 0
47 8 0
48 8 0
49 8 0
50 7 1
51 7 1
52 7 1
53 7 1
54 7 1
55 7 0
56 6 1
57 6 1
58 6 1
59 6 1
60 6 1
61 6 1
62 6 1
63 6 1
64 6 1
65 6 0
66 5 1
67 5 1
68 6 0
69 5 1
70 6 0
71 5 1
72 6 0
73 4 1
74 5 0
75 4 1
76 4 1
77 5 0
78 4 1
79 3 1
80 4 0
81 4 0
82 3 1
83 3 1
84 2 1
85 2 1
86 3 0
87 3 0
88 2 1
89 1 1
##=========================================
##[Voxel Mapper]Iteration 800 keyframe id, used times, remaining times:
0 14 0
1 14 0
2 14 0
3 14 0
4 14 0
7 14 0
8 14 0
10 14 0
11 14 0
12 14 0
13 13 1
14 14 0
15 14 0
16 14 0
17 14 0
18 13 1
19 14 0
20 14 0
21 14 0
22 13 1
23 14 0
24 14 0
25 14 0
26 13 0
27 13 0
28 13 0
29 12 1
30 12 0
31 12 0
32 12 0
33 12 0
34 11 1
35 10 1
36 10 1
37 11 0
38 11 0
39 11 0
40 10 0
41 10 0
42 10 0
43 10 0
44 9 0
45 9 0
46 9 0
47 8 0
48 8 0
49 8 0
50 8 0
51 8 0
52 8 0
53 8 0
54 8 0
55 7 0
56 7 0
57 6 1
58 7 0
59 7 0
60 7 0
61 7 0
62 7 0
63 7 0
64 7 0
65 6 0
66 6 0
67 6 0
68 6 0
69 6 0
70 6 0
71 6 0
72 6 0
73 4 1
74 5 0
75 5 0
76 4 1
77 5 0
78 5 0
79 4 0
80 4 0
81 4 0
82 4 0
83 4 0
84 3 0
85 3 0
86 3 0
87 3 0
88 3 0
89 2 0
90 1 1
91 2 0
93 2 0
##=========================================
##[Voxel Mapper]Iteration 850 keyframe id, used times, remaining times:
0 15 0
1 14 1
2 15 0
3 14 1
4 15 0
7 14 1
8 14 1
10 14 1
11 14 1
12 14 1
13 14 1
14 14 1
15 14 1
16 15 0
17 14 1
18 15 0
19 14 1
20 14 1
21 14 1
22 14 1
23 14 1
24 14 1
25 15 0
26 13 1
27 14 0
28 13 1
29 13 1
30 13 0
31 12 1
32 13 0
33 12 1
34 13 0
35 11 1
36 11 1
37 12 0
38 11 1
39 12 0
40 10 1
41 10 1
42 10 1
43 10 1
44 10 0
45 10 0
46 10 0
47 8 1
48 8 1
49 8 1
50 8 1
51 8 1
52 8 1
53 8 1
54 9 0
55 8 0
56 8 0
57 7 1
58 7 1
59 7 1
60 7 1
61 8 0
62 8 0
63 7 1
64 7 1
65 7 0
66 6 1
67 6 1
68 7 0
69 7 0
70 7 0
71 6 1
72 6 1
73 6 0
74 5 1
75 5 1
76 6 0
77 5 1
78 5 1
79 5 0
80 4 1
81 4 1
82 4 1
83 4 1
84 3 1
85 4 0
86 4 0
87 3 1
88 3 1
89 2 1
90 2 1
91 2 1
92 2 1
93 2 1
94 2 1
95 3 0
96 3 0
##=========================================
##[Voxel Mapper]Iteration 900 keyframe id, used times, remaining times:
0 15 0
1 15 0
2 15 0
3 14 1
4 15 0
7 15 0
8 15 0
10 15 0
11 15 0
12 14 1
13 15 0
14 14 1
15 15 0
16 15 0
17 15 0
18 15 0
19 14 1
20 15 0
21 15 0
22 15 0
23 15 0
24 15 0
25 15 0
26 14 0
27 14 0
28 14 0
29 14 0
30 13 0
31 13 0
32 13 0
33 13 0
34 13 0
35 12 0
36 12 0
37 12 0
38 12 0
39 12 0
40 10 1
41 11 0
42 11 0
43 11 0
44 10 0
45 10 0
46 10 0
47 9 0
48 9 0
49 9 0
50 9 0
51 8 1
52 8 1
53 8 1
54 9 0
55 8 0
56 8 0
57 8 0
58 8 0
59 8 0
60 8 0
61 8 0
62 8 0
63 8 0
64 7 1
65 7 0
66 6 1
67 7 0
68 7 0
69 7 0
70 7 0
71 6 1
72 7 0
73 6 0
74 6 0
75 6 0
76 6 0
77 6 0
78 6 0
79 5 0
80 5 0
81 5 0
82 5 0
83 4 1
84 4 0
85 4 0
86 4 0
87 4 0
88 4 0
89 2 1
90 2 1
91 2 1
92 2 1
93 3 0
94 3 0
95 3 0
96 3 0
97 1 1
98 1 1
99 1 1
##=========================================
##[Voxel Mapper]Iteration 950 keyframe id, used times, remaining times:
0 16 0
1 16 0
2 15 1
3 15 1
4 15 1
7 16 0
8 15 1
10 15 1
11 16 0
12 15 1
13 15 1
14 15 1
15 15 1
16 15 1
17 15 1
18 15 1
19 15 1
20 15 1
21 15 1
22 15 1
23 15 1
24 16 0
25 16 0
26 14 1
27 14 1
28 14 1
29 14 1
30 13 1
31 13 1
32 13 1
33 14 0
34 13 1
35 12 1
36 13 0
37 12 1
38 12 1
39 12 1
40 11 1
41 12 0
42 12 0
43 12 0
44 11 0
45 10 1
46 10 1
47 9 1
48 9 1
49 9 1
50 10 0
51 10 0
52 10 0
53 9 1
54 9 1
55 9 0
56 9 0
57 8 1
58 8 1
59 8 1
60 9 0
61 8 1
62 9 0
63 9 0
64 8 1
65 7 1
66 8 0
67 7 1
68 8 0
69 7 1
70 7 1
71 8 0
72 7 1
73 7 0
74 7 0
75 6 1
76 6 1
77 6 1
78 6 1
79 5 1
80 5 1
81 5 1
82 6 0
83 5 1
84 4 1
85 4 1
86 4 1
87 4 1
88 4 1
89 4 0
90 3 1
91 3 1
92 3 1
93 3 1
94 3 1
95 3 1
96 4 0
97 2 1
98 2 1
99 2 1
100 3 0
##=========================================
##[Voxel Mapper]Iteration 50 keyframe id, used times, remaining times:
0 3 0
1 2 1
2 2 1
3 2 1
5 3 0
6 2 1
8 2 1
9 3 0
10 2 1
11 3 0
12 2 1
13 2 1
14 3 0
15 2 1
16 2 1
17 3 0
18 2 1
19 2 1
20 3 0
21 2 1
22 3 0
##=========================================
##[Voxel Mapper]Iteration 100 keyframe id, used times, remaining times:
0 4 0
1 4 0
2 4 0
3 4 0
5 4 0
6 4 0
8 4 0
9 4 0
10 4 0
11 4 0
12 4 0
13 4 0
14 4 0
15 4 0
16 4 0
17 4 0
18 4 0
19 4 0
20 4 0
21 4 0
22 4 0
23 3 0
24 3 0
25 3 0
26 3 0
27 2 0
28 1 1
29 1 1
##=========================================
##[Voxel Mapper]Iteration 150 keyframe id, used times, remaining times:
0 5 1
1 5 1
2 6 0
3 5 1
5 5 1
6 5 1
8 6 0
9 5 1
10 5 1
11 6 0
12 5 1
13 5 1
14 5 1
15 5 1
16 5 1
17 6 0
18 5 1
19 6 0
20 6 0
21 6 0
22 5 1
23 4 1
24 4 1
25 4 1
26 4 1
27 3 1
28 3 1
29 3 1
30 3 1
31 2 1
32 3 0
33 3 0
34 2 1
##=========================================
##[Voxel Mapper]Iteration 200 keyframe id, used times, remaining times:
0 6 1
1 7 0
2 6 1
3 6 1
5 7 0
6 7 0
8 6 1
9 7 0
10 7 0
11 7 0
12 7 0
13 7 0
14 7 0
15 6 1
16 6 1
17 7 0
18 6 1
19 7 0
20 7 0
21 6 1
22 6 1
23 5 1
24 5 1
25 5 1
26 5 1
27 5 0
28 4 1
29 4 1
30 4 1
31 3 1
32 4 0
33 4 0
34 3 1
35 2 1
36 3 0
37 3 0
38 2 1
39 1 1
##=========================================
##[Voxel Mapper]Iteration 250 keyframe id, used times, remaining times:
0 7 1
1 8 0
2 8 0
3 8 0
5 7 1
6 7 1
8 7 1
9 8 0
10 8 0
11 8 0
12 7 1
13 8 0
14 8 0
15 8 0
16 8 0
17 7 1
18 7 1
19 7 1
20 7 1
21 8 0
22 7 1
23 7 0
24 7 0
25 6 1
26 7 0
27 5 1
28 5 1
29 6 0
30 6 0
31 4 1
32 5 0
33 5 0
34 4 1
35 4 0
36 3 1
37 3 1
38 3 1
39 2 1
40 3 0
41 2 1
42 2 1
43 3 0
##=========================================
##[Voxel Mapper]Iteration 300 keyframe id, used times, remaining times:
0 8 1
1 8 1
2 9 0
3 9 0
5 9 0
6 9 0
8 9 0
9 8 1
10 9 0
11 8 1
12 8 1
13 8 1
14 8 1
15 8 1
16 8 1
17 8 1
18 8 1
19 8 1
20 9 0
21 8 1
22 9 0
23 8 0
24 8 0
25 8 0
26 7 1
27 6 1
28 7 0
29 6 1
30 6 1
31 6 0
32 5 1
33 5 1
34 5 1
35 4 1
36 4 1
37 4 1
38 5 0
39 4 0
40 4 0
41 3 1
42 4 0
43 3 1
44 2 1
45 2 1
46 3 0
47 2 1
48 3 0
##=========================================
##[Voxel Mapper]Iteration 350 keyframe id, used times, remaining times:
0 9 1
1 9 1
2 9 1
3 9 1
5 10 0
6 9 1
8 9 1
9 10 0
10 10 0
11 9 1
12 9 1
13 9 1
14 9 1
15 9 1
16 9 1
17 9 1
18 10 0
19 9 1
20 10 0
21 9 1
22 9 1
23 8 1
24 8 1
25 8 1
26 8 1
27 7 1
28 7 1
29 7 1
30 7 1
31 6 1
32 6 1
33 6 1
34 6 1
35 5 1
36 5 1
37 5 1
38 5 1
39 4 1
40 4 1
41 4 1
42 4 1
43 4 1
44 3 1
45 3 1
46 4 0
47 3 1
48 3 1
49 2 1
50 2 1
51 2 1
52 2 1
53 2 1
54 2 1
55 2 1
56 2 1
##=========================================
##[Voxel Mapper]Iteration 400 keyframe id, used times, remaining times:
0 10 0
1 10 0
2 10 0
3 10 0
5 10 0
6 10 0
8 10 0
9 10 0
10 10 0
11 10 0
12 10 0
13 9 1
14 10 0
15 10 0
16 10 0
17 10 0
18 10 0
19 10 0
20 10 0
21 10 0
22 10 0
23 9 0
24 9 0
25 9 0
26 9 0
27 8 0
28 8 0
29 8 0
30 8 0
31 6 1
32 7 0
33 6 1
34 7 0
35 6 0
36 6 0
37 6 0
38 5 1
39 5 0
40 5 0
41 5 0
42 5 0
43 5 0
44 4 0
45 4 0
46 4 0
47 4 0
48 4 0
49 3 0
50 3 0
51 3 0
52 3 0
53 3 0
54 3 0
55 3 0
56 3 0
57 1 1
58 1 1
59 2 0
60 1 1
##=========================================
##[Voxel Mapper]Iteration 450 keyframe id, used times, remaining times:
0 11 0
1 10 1
2 10 1
3 11 0
5 10 1
6 11 0
8 10 1
9 11 0
10 10 1
11 11 0
12 11 0
13 11 0
14 11 0
15 11 0
16 11 0
17 10 1
18 11 0
19 10 1
20 10 1
21 10 1
22 11 0
23 9 1
24 9 1
25 9 1
26 9 1
27 9 0
28 9 0
29 9 0
30 8 1
31 8 0
32 8 0
33 7 1
34 8 0
35 7 0
36 6 1
37 7 0
38 6 1
39 6 0
40 6 0
41 6 0
42 5 1
43 6 0
44 4 1
45 4 1
46 4 1
47 5 0
48 4 1
49 4 0
50 3 1
51 4 0
52 3 1
53 3 1
54 4 0
55 3 1
56 3 1
57 2 1
58 3 0
59 3 0
60 3 0
61 3 0
62 2 1
63 2 1
64 2 1
65 1 1
66 2 0
##=========================================
##[Voxel Mapper]Iteration 500 keyframe id, used times, remaining times:
0 12 0
1 11 1
2 11 1
3 11 1
5 11 1
6 11 1
8 11 1
9 12 0
10 11 1
11 11 1
12 11 1
13 11 1
14 11 1
15 11 1
16 12 0
17 11 1
18 11 1
19 12 0
20 11 1
21 11 1
22 12 0
23 10 1
24 11 0
25 10 1
26 10 1
27 10 0
28 9 1
29 9 1
30 9 1
31 8 1
32 8 1
33 8 1
34 8 1
35 7 1
36 7 1
37 7 1
38 7 1
39 6 1
40 6 1
41 6 1
42 6 1
43 7 0
44 5 1
45 5 1
46 5 1
47 5 1
48 5 1
49 4 1
50 4 1
51 4 1
52 4 1
53 4 1
54 4 1
55 4 1
56 4 1
57 3 1
58 3 1
59 3 1
60 3 1
61 3 1
62 4 0
63 4 0
64 4 0
65 2 1
66 2 1
67 2 1
68 2 1
69 3 0
##=========================================
##[Voxel Mapper]Iteration 550 keyframe id, used times, remaining times:
0 12 0
1 12 0
2 12 0
3 12 0
5 12 0
6 12 0
8 12 0
9 12 0
10 12 0
11 12 0
12 11 1
13 12 0
14 12 0
15 12 0
16 12 0
17 12 0
18 11 1
19 12 0
20 12 0
21 12 0
22 12 0
23 11 0
24 11 0
25 11 0
26 11 0
27 10 0
28 10 0
29 10 0
30 10 0
31 8 1
32 8 1
33 9 0
34 9 0
35 8 0
36 8 0
37 8 0
38 8 0
39 7 0
40 7 0
41 7 0
42 6 1
43 7 0
44 6 0
45 6 0
46 6 0
47 6 0
48 6 0
49 4 1
50 5 0
51 5 0
52 5 0
53 5 0
54 5 0
55 5 0
56 4 1
57 4 0
58 4 0
59 3 1
60 4 0
61 4 0
62 4 0
63 4 0
64 4 0
65 2 1
66 3 0
67 3 0
68 3 0
69 3 0
70 1 1
71 1 1
72 1 1
##=========================================
##[Voxel Mapper]Iteration 600 keyframe id, used times, remaining times:
0 13 0
1 12 1
2 12 1
3 12 1
5 12 1
6 13 0
8 12 1
9 12 1
10 13 0
11 12 1
12 13 0
13 12 1
14 12 1
15 13 0
16 13 0
17 13 0
18 13 0
19 13 0
20 13 0
21 13 0
22 12 1
23 12 0
24 12 0
25 12 0
26 11 1
27 10 1
28 11 0
29 11 0
30 11 0
31 10 0
32 9 1
33 9 1
34 10 0
35 8 1
36 9 0
37 8 1
38 8 1
39 7 1
40 7 1
41 7 1
42 7 1
43 8 0
44 7 0
45 6 1
46 6 1
47 6 1
48 6 1
49 6 0
50 5 1
51 5 1
52 5 1
53 6 0
54 6 0
55 5 1
56 6 0
57 5 0
58 4 1
59 5 0
60 5 0
61 4 1
62 4 1
63 4 1
64 5 0
65 4 0
66 3 1
67 4 0
68 4 0
69 4 0
70 2 1
71 2 1
72 3 0
73 3 0
##=========================================
##[Voxel Mapper]Iteration 650 keyframe id, used times, remaining times:
0 13 1
1 13 1
2 13 1
3 13 1
5 13 1
6 13 1
8 13 1
9 13 1
10 13 1
11 13 1
12 14 0
13 13 1
14 13 1
15 13 1
16 13 1
17 13 1
18 13 1
19 13 1
20 13 1
21 13 1
22 13 1
23 12 1
24 12 1
25 12 1
26 12 1
27 11 1
28 11 1
29 11 1
30 11 1
31 10 1
32 10 1
33 10 1
34 11 0
35 9 1
36 9 1
37 9 1
38 9 1
39 8 1
40 8 1
41 8 1
42 8 1
43 8 1
44 7 1
45 7 1
46 7 1
47 7 1
48 7 1
49 6 1
50 6 1
51 6 1
52 6 1
53 6 1
54 6 1
55 6 1
56 6 1
57 5 1
58 5 1
59 5 1
60 5 1
61 5 1
62 5 1
63 5 1
64 5 1
65 4 1
66 4 1
67 4 1
68 4 1
69 4 1
70 3 1
71 3 1
72 3 1
73 3 1
74 2 1
75 2 1
76 2 1
77 2 1
78 2 1
79 2 1
##=========================================
##[Voxel Mapper]Iteration 700 keyframe id, used times, remaining times:
0 14 0
1 14 0
2 14 0
3 13 1
5 14 0
6 13 1
8 14 0
9 14 0
10 14 0
11 14 0
12 14 0
13 14 0
14 14 0
15 14 0
16 13 1
17 13 1
18 14 0
19 13 1
20 13 1
21 14 0
22 13 1
23 13 0
24 13 0
25 13 0
26 13 0
27 11 1
28 12 0
29 11 1
30 12 0
31 11 0
32 11 0
33 11 0
34 11 0
35 10 0
36 9 1
37 10 0
38 10 0
39 8 1
40 8 1
41 8 1
42 9 0
43 9 0
44 8 0
45 8 0
46 7 1
47 8 0
48 8 0
49 7 0
50 7 0
51 6 1
52 6 1
53 7 0
54 7 0
55 7 0
56 7 0
57 5 1
58 5 1
59 6 0
60 6 0
61 5 1
62 5 1
63 6 0
64 5 1
65 4 1
66 5 0
67 4 1
68 5 0
69 4 1
70 4 0
71 4 0
72 4 0
73 4 0
74 3 0
75 3 0
76 2 1
77 2 1
78 2 1
79 2 1
80 1 1
81 1 1
##=========================================
##[Voxel Mapper]Iteration 750 keyframe id, used times, remaining times:
0 14 1
1 14 1
2 15 0
3 14 1
5 14 1
6 14 1
8 15 0
9 14 1
10 14 1
11 14 1
12 14 1
13 15 0
14 15 0
15 14 1
16 14 1
17 15 0
18 14 1
19 14 1
20 14 1
21 14 1
22 14 1
23 14 0
24 13 1
25 13 1
26 13 1
27 12 1
28 13 0
29 12 1
30 12 1
31 11 1
32 11 1
33 11 1
34 11 1
35 10 1
36 10 1
37 10 1
38 10 1
39 9 1
40 9 1
41 10 0
42 9 1
43 9 1
44 8 1
45 8 1
46 8 1
47 9 0
48 9 0
49 7 1
50 7 1
51 7 1
52 7 1
53 7 1
54 8 0
55 7 1
56 7 1
57 6 1
58 6 1
59 6 1
60 6 1
61 6 1
62 6 1
63 6 1
64 6 1
65 5 1
66 5 1
67 5 1
68 5 1
69 5 1
70 4 1
71 4 1
72 4 1
73 4 1
74 3 1
75 4 0
76 3 1
77 3 1
78 3 1
79 4 0
80 2 1
81 2 1
82 2 1
83 2 1
84 3 0
##=========================================
##[Voxel Mapper]Iteration 800 keyframe id, used times, remaining times:
0 14 1
1 15 0
2 15 0
3 14 1
5 14 1
6 14 1
8 15 0
9 15 0
10 15 0
11 15 0
12 15 0
13 15 0
14 15 0
15 15 0
16 15 0
17 15 0
18 15 0
19 15 0
20 14 1
21 14 1
22 15 0
23 14 0
24 14 0
25 14 0
26 13 1
27 13 0
28 13 0
29 13 0
30 13 0
31 12 0
32 11 1
33 11 1
34 12 0
35 11 0
36 11 0
37 10 1
38 11 0
39 9 1
40 9 1
41 10 0
42 9 1
43 10 0
44 9 0
45 9 0
46 9 0
47 9 0
48 9 0
49 8 0
50 7 1
51 8 0
52 7 1
53 7 1
54 8 0
55 8 0
56 7 1
57 7 0
58 7 0
59 7 0
60 6 1
61 6 1
62 7 0
63 7 0
64 6 1
65 6 0
66 5 1
67 6 0
68 6 0
69 6 0
70 5 0
71 5 0
72 5 0
73 5 0
74 4 0
75 4 0
76 3 1
77 3 1
78 4 0
79 4 0
80 3 0
81 3 0
82 2 1
83 2 1
84 3 0
85 2 0
86 2 0
88 2 0
##=========================================
##[Voxel Mapper]Iteration 850 keyframe id, used times, remaining times:
0 15 1
1 15 1
2 15 1
3 15 1
5 15 1
6 15 1
8 15 1
9 15 1
10 15 1
11 15 1
12 15 1
13 15 1
14 15 1
15 16 0
16 15 1
17 15 1
18 16 0
19 15 1
20 15 1
21 15 1
22 15 1
23 14 1
24 14 1
25 14 1
26 14 1
27 13 1
28 13 1
29 13 1
30 13 1
31 12 1
32 12 1
33 12 1
34 12 1
35 11 1
36 11 1
37 11 1
38 11 1
39 10 1
40 10 1
41 10 1
42 10 1
43 10 1
44 9 1
45 9 1
46 9 1
47 9 1
48 9 1
49 8 1
50 8 1
51 8 1
52 9 0
53 8 1
54 9 0
55 8 1
56 8 1
57 7 1
58 7 1
59 7 1
60 7 1
61 7 1
62 8 0
63 8 0
64 7 1
65 6 1
66 6 1
67 6 1
68 6 1
69 6 1
70 5 1
71 5 1
72 5 1
73 6 0
74 4 1
75 4 1
76 5 0
77 5 0
78 4 1
79 4 1
80 3 1
81 3 1
82 3 1
83 3 1
84 4 0
85 2 1
86 2 1
87 2 1
88 2 1
89 2 1
90 2 1
91 3 0
92 3 0
93 3 0
##=========================================
##[Voxel Mapper]Iteration 900 keyframe id, used times, remaining times:
0 16 0
1 15 1
2 15 1
3 15 1
5 15 1
6 15 1
8 16 0
9 15 1
10 16 0
11 16 0
12 15 1
13 16 0
14 16 0
15 16 0
16 16 0
17 15 1
18 16 0
19 15 1
20 16 0
21 16 0
22 16 0
23 14 1
24 15 0
25 15 0
26 15 0
27 14 0
28 14 0
29 14 0
30 13 1
31 12 1
32 13 0
33 13 0
34 13 0
35 12 0
36 12 0
37 12 0
38 12 0
39 10 1
40 10 1
41 10 1
42 11 0
43 11 0
44 10 0
45 10 0
46 10 0
47 10 0
48 10 0
49 8 1
50 9 0
51 9 0
52 9 0
53 8 1
54 9 0
55 9 0
56 9 0
57 8 0
58 7 1
59 8 0
60 7 1
61 8 0
62 8 0
63 8 0
64 7 1
65 6 1
66 6 1
67 6 1
68 6 1
69 6 1
70 6 0
71 6 0
72 6 0
73 6 0
74 5 0
75 5 0
76 5 0
77 5 0
78 5 0
79 5 0
80 3 1
81 4 0
82 4 0
83 4 0
84 4 0
85 3 0
86 3 0
87 3 0
88 2 1
89 2 1
90 2 1
91 3 0
92 3 0
93 3 0
##=========================================
##[Voxel Mapper]Iteration 950 keyframe id, used times, remaining times:
0 16 1
1 17 0
2 17 0
3 16 1
5 17 0
6 17 0
8 16 1
9 16 1
10 16 1
11 16 1
12 17 0
13 16 1
14 16 1
15 16 1
16 16 1
17 16 1
18 16 1
19 16 1
20 16 1
21 16 1
22 16 1
23 15 1
24 15 1
25 15 1
26 15 1
27 14 1
28 14 1
29 14 1
30 15 0
31 13 1
32 13 1
33 13 1
34 13 1
35 12 1
36 12 1
37 12 1
38 12 1
39 11 1
40 11 1
41 11 1
42 11 1
43 11 1
44 10 1
45 10 1
46 10 1
47 10 1
48 10 1
49 9 1
50 9 1
51 9 1
52 10 0
53 9 1
54 9 1
55 9 1
56 9 1
57 8 1
58 9 0
59 8 1
60 9 0
61 8 1
62 8 1
63 9 0
64 8 1
65 7 1
66 8 0
67 8 0
68 8 0
69 8 0
70 6 1
71 6 1
72 6 1
73 7 0
74 5 1
75 5 1
76 6 0
77 5 1
78 5 1
79 5 1
80 4 1
81 4 1
82 4 1
83 4 1
84 5 0
85 4 0
86 3 1
87 3 1
88 3 1
89 3 1
90 3 1
91 3 1
92 3 1
93 3 1
94 3 0
##=========================================
##[Voxel Mapper]Iteration 50 keyframe id, used times, remaining times:
0 2 1
1 2 1
2 3 0
3 2 1
4 3 0
5 2 1
7 2 1
8 2 1
10 2 1
11 2 1
12 2 1
13 2 1
14 2 1
15 3 0
16 2 1
17 3 0
18 2 1
19 3 0
20 2 1
21 2 1
22 2 1
23 3 0
##=========================================
##[Voxel Mapper]Iteration 100 keyframe id, used times, remaining times:
0 4 0
1 4 0
2 4 0
3 4 0
4 4 0
5 4 0
7 4 0
8 4 0
10 3 1
11 4 0
12 4 0
13 4 0
14 3 1
15 4 0
16 4 0
17 4 0
18 4 0
19 4 0
20 3 1
21 4 0
22 3 1
23 4 0
24 3 0
25 3 0
26 3 0
27 3 0
28 1 1
29 2 0
31 1 1
##=========================================
##[Voxel Mapper]Iteration 150 keyframe id, used times, remaining times:
0 5 1
1 5 1
2 5 1
3 5 1
4 5 1
5 5 1
7 5 1
8 5 1
10 5 1
11 5 1
12 5 1
13 5 1
14 5 1
15 5 1
16 5 1
17 5 1
18 5 1
19 5 1
20 5 1
21 5 1
22 5 1
23 5 1
24 4 1
25 4 1
26 4 1
27 4 1
28 3 1
29 3 1
30 3 1
31 3 1
32 3 1
33 2 1
34 2 1
35 2 1
36 3 0
##=========================================
##[Voxel Mapper]Iteration 200 keyframe id, used times, remaining times:
0 6 1
1 6 1
2 6 1
3 6 1
4 7 0
5 6 1
7 6 1
8 6 1
10 6 1
11 6 1
12 6 1
13 6 1
14 6 1
15 6 1
16 6 1
17 6 1
18 6 1
19 7 0
20 6 1
21 6 1
22 6 1
23 6 1
24 5 1
25 6 0
26 5 1
27 5 1
28 4 1
29 5 0
30 5 0
31 5 0
32 4 1
33 3 1
34 3 1
35 3 1
36 3 1
37 2 1
38 3 0
39 2 1
40 3 0
##=========================================
##[Voxel Mapper]Iteration 250 keyframe id, used times, remaining times:
0 7 1
1 7 1
2 8 0
3 7 1
4 7 1
5 8 0
7 8 0
8 7 1
10 8 0
11 7 1
12 7 1
13 7 1
14 8 0
15 8 0
16 7 1
17 7 1
18 7 1
19 7 1
20 7 1
21 7 1
22 8 0
23 7 1
24 7 0
25 6 1
26 6 1
27 6 1
28 5 1
29 5 1
30 5 1
31 5 1
32 5 1
33 4 1
34 4 1
35 4 1
36 4 1
37 4 0
38 3 1
39 3 1
40 4 0
41 2 1
42 2 1
43 2 1
44 3 0
##=========================================
##[Voxel Mapper]Iteration 300 keyframe id, used times, remaining times:
0 8 1
1 9 0
2 8 1
3 9 0
4 8 1
5 9 0
7 8 1
8 8 1
10 8 1
11 9 0
12 8 1
13 8 1
14 8 1
15 8 1
16 8 1
17 8 1
18 8 1
19 8 1
20 8 1
21 9 0
22 8 1
23 8 1
24 8 0
25 7 1
26 8 0
27 7 1
28 6 1
29 6 1
30 6 1
31 6 1
32 6 1
33 5 1
34 5 1
35 6 0
36 5 1
37 4 1
38 4 1
39 4 1
40 4 1
41 3 1
42 3 1
43 3 1
44 3 1
45 2 1
46 2 1
47 2 1
48 2 1
49 2 1
##=========================================
##[Voxel Mapper]Iteration 350 keyframe id, used times, remaining times:
0 9 0
1 9 0
2 9 0
3 9 0
4 9 0
5 9 0
7 9 0
8 9 0
10 9 0
11 9 0
12 9 0
13 9 0
14 9 0
15 9 0
16 9 0
17 9 0
18 9 0
19 9 0
20 9 0
21 9 0
22 9 0
23 9 0
24 8 0
25 8 0
26 8 0
27 8 0
28 7 0
29 7 0
30 7 0
31 7 0
32 7 0
33 6 0
34 6 0
35 6 0
36 6 0
37 5 0
38 5 0
39 5 0
40 5 0
41 4 0
42 4 0
43 4 0
44 4 0
45 3 0
46 3 0
47 3 0
48 3 0
49 2 1
50 2 0
51 1 1
52 2 0
53 2 0
54 1 1
55 1 1
56 1 1
57 1 1
##=========================================
##[Voxel Mapper]Iteration 400 keyframe id, used times, remaining times:
0 10 0
1 9 1
2 9 1
3 9 1
4 9 1
5 9 1
7 10 0
8 10 0
10 10 0
11 9 1
12 10 0
13 10 0
14 10 0
15 9 1
16 9 1
17 10 0
18 10 0
19 10 0
20 10 0
21 10 0
22 10 0
23 10 0
24 9 0
25 9 0
26 9 0
27 8 1
28 7 1
29 8 0
30 7 1
31 8 0
32 8 0
33 7 0
34 6 1
35 6 1
36 7 0
37 6 0
38 5 1
39 5 1
40 6 0
41 5 0
42 5 0
43 4 1
44 5 0
45 4 0
46 3 1
47 4 0
48 4 0
49 4 0
50 3 0
51 3 0
52 3 0
53 2 1
54 3 0
55 2 1
56 3 0
57 3 0
58 2 1
59 3 0
61 1 1
63 1 1
##=========================================
##[Voxel Mapper]Iteration 450 keyframe id, used times, remaining times:
0 11 0
1 10 1
2 10 1
3 10 1
4 10 1
5 11 0
7 10 1
8 11 0
10 10 1
11 10 1
12 11 0
13 11 0
14 10 1
15 10 1
16 10 1
17 10 1
18 11 0
19 10 1
20 10 1
21 10 1
22 10 1
23 10 1
24 9 1
25 10 0
26 9 1
27 9 1
28 8 1
29 8 1
30 8 1
31 8 1
32 8 1
33 7 1
34 7 1
35 7 1
36 7 1
37 7 0
38 6 1
39 6 1
40 6 1
41 5 1
42 6 0
43 5 1
44 5 1
45 4 1
46 4 1
47 4 1
48 4 1
49 5 0
50 3 1
51 3 1
52 3 1
53 3 1
54 3 1
55 3 1
56 3 1
57 3 1
58 3 1
59 3 1
60 2 1
61 3 0
62 2 1
63 3 0
64 2 1
65 2 1
66 2 1
67 3 0
68 3 0
##=========================================
##[Voxel Mapper]Iteration 500 keyframe id, used times, remaining times:
0 11 0
1 11 0
2 11 0
3 10 1
4 10 1
5 11 0
7 11 0
8 11 0
10 11 0
11 11 0
12 11 0
13 11 0
14 11 0
15 11 0
16 10 1
17 11 0
18 11 0
19 11 0
20 10 1
21 11 0
22 11 0
23 11 0
24 10 0
25 10 0
26 10 0
27 10 0
28 9 0
29 9 0
30 8 1
31 9 0
32 9 0
33 7 1
34 8 0
35 8 0
36 8 0
37 7 0
38 7 0
39 7 0
40 7 0
41 6 0
42 6 0
43 6 0
44 6 0
45 5 0
46 5 0
47 5 0
48 5 0
49 5 0
50 4 0
51 4 0
52 4 0
53 4 0
54 4 0
55 3 1
56 4 0
57 4 0
58 4 0
59 4 0
60 3 0
61 3 0
62 3 0
63 3 0
64 3 0
65 3 0
66 3 0
67 3 0
68 3 0
70 2 0
72 1 1
73 1 1
##=========================================
##[Voxel Mapper]Iteration 550 keyframe id, used times, remaining times:
0 12 0
1 11 1
2 11 1
3 11 1
4 11 1
5 12 0
7 11 1
8 12 0
10 12 0
11 11 1
12 12 0
13 11 1
14 12 0
15 11 1
16 12 0
17 12 0
18 12 0
19 11 1
20 12 0
21 11 1
22 12 0
23 11 1
24 11 0
25 11 0
26 10 1
27 10 1
28 10 0
29 9 1
30 9 1
31 9 1
32 9 1
33 8 1
34 8 1
35 9 0
36 9 0
37 8 0
38 7 1
39 7 1
40 7 1
41 6 1
42 6 1
43 7 0
44 6 1
45 5 1
46 6 0
47 6 0
48 5 1
49 6 0
50 4 1
51 4 1
52 5 0
53 5 0
54 5 0
55 5 0
56 4 1
57 4 1
58 5 0
59 4 1
60 3 1
61 4 0
62 4 0
63 4 0
64 3 1
65 3 1
66 4 0
67 3 1
68 3 1
69 3 0
70 2 1
71 3 0
72 3 0
73 3 0
74 3 0
##=========================================
##[Voxel Mapper]Iteration 600 keyframe id, used times, remaining times:
0 12 1
1 12 1
2 12 1
3 12 1
4 12 1
5 12 1
7 12 1
8 12 1
10 12 1
11 12 1
12 12 1
13 12 1
14 12 1
15 12 1
16 12 1
17 12 1
18 12 1
19 12 1
20 12 1
21 12 1
22 12 1
23 12 1
24 11 1
25 11 1
26 11 1
27 11 1
28 10 1
29 10 1
30 10 1
31 10 1
32 10 1
33 9 1
34 9 1
35 9 1
36 9 1
37 8 1
38 8 1
39 8 1
40 8 1
41 7 1
42 7 1
43 7 1
44 7 1
45 6 1
46 6 1
47 6 1
48 6 1
49 6 1
50 5 1
51 6 0
52 5 1
53 5 1
54 6 0
55 5 1
56 5 1
57 5 1
58 5 1
59 5 1
60 4 1
61 4 1
62 4 1
63 4 1
64 4 1
65 4 1
66 4 1
67 5 0
68 4 1
69 3 1
70 3 1
71 3 1
72 3 1
73 3 1
74 3 1
75 2 1
76 2 1
77 2 1
78 3 0
##=========================================
##[Voxel Mapper]Iteration 650 keyframe id, used times, remaining times:
0 13 0
1 12 1
2 13 0
3 13 0
4 12 1
5 13 0
7 12 1
8 13 0
10 13 0
11 12 1
12 13 0
13 13 0
14 13 0
15 13 0
16 13 0
17 12 1
18 13 0
19 13 0
20 13 0
21 13 0
22 13 0
23 12 1
24 12 0
25 11 1
26 11 1
27 12 0
28 11 0
29 11 0
30 11 0
31 11 0
32 11 0
33 9 1
34 9 1
35 10 0
36 9 1
37 9 0
38 8 1
39 9 0
40 8 1
41 7 1
42 8 0
43 8 0
44 8 0
45 6 1
46 6 1
47 6 1
48 7 0
49 6 1
50 6 0
51 6 0
52 6 0
53 6 0
54 6 0
55 6 0
56 6 0
57 5 1
58 6 0
59 6 0
60 5 0
61 4 1
62 5 0
63 5 0
64 5 0
65 5 0
66 5 0
67 5 0
68 5 0
69 4 0
70 4 0
71 3 1
72 4 0
73 3 1
74 3 1
75 3 0
76 3 0
77 2 1
78 3 0
80 1 1
##=========================================
##[Voxel Mapper]Iteration 700 keyframe id, used times, remaining times:
0 13 1
1 13 1
2 14 0
3 13 1
4 13 1
5 14 0
7 13 1
8 13 1
10 13 1
11 13 1
12 13 1
13 13 1
14 13 1
15 13 1
16 13 1
17 13 1
18 13 1
19 13 1
20 13 1
21 13 1
22 13 1
23 14 0
24 12 1
25 12 1
26 12 1
27 12 1
28 11 1
29 12 0
30 11 1
31 12 0
32 12 0
33 10 1
34 10 1
35 10 1
36 10 1
37 9 1
38 9 1
39 9 1
40 10 0
41 8 1
42 8 1
43 8 1
44 8 1
45 7 1
46 7 1
47 7 1
48 7 1
49 7 1
50 6 1
51 6 1
52 6 1
53 6 1
54 6 1
55 6 1
56 6 1
57 7 0
58 7 0
59 7 0
60 5 1
61 5 1
62 5 1
63 6 0
64 6 0
65 5 1
66 5 1
67 5 1
68 6 0
69 5 0
70 4 1
71 4 1
72 4 1
73 4 1
74 4 1
75 3 1
76 4 0
77 3 1
78 3 1
79 3 0
80 2 1
81 2 1
82 3 0
83 2 1
##=========================================
##[Voxel Mapper]Iteration 750 keyframe id, used times, remaining times:
0 14 0
1 14 0
2 14 0
3 14 0
4 14 0
5 14 0
7 14 0
8 14 0
10 14 0
11 14 0
12 14 0
13 14 0
14 14 0
15 13 1
16 13 1
17 13 1
18 14 0
19 14 0
20 14 0
21 14 0
22 14 0
23 14 0
24 13 0
25 13 0
26 12 1
27 13 0
28 12 0
29 12 0
30 12 0
31 12 0
32 12 0
33 10 1
34 11 0
35 11 0
36 11 0
37 9 1
38 10 0
39 10 0
40 10 0
41 8 1
42 9 0
43 9 0
44 9 0
45 7 1
46 7 1
47 7 1
48 8 0
49 8 0
50 7 0
51 7 0
52 7 0
53 6 1
54 6 1
55 7 0
56 7 0
57 7 0
58 7 0
59 7 0
60 6 0
61 6 0
62 5 1
63 6 0
64 6 0
65 5 1
66 6 0
67 6 0
68 6 0
69 5 0
70 5 0
71 5 0
72 5 0
73 4 1
74 5 0
75 3 1
76 4 0
77 4 0
78 4 0
79 3 0
80 2 1
81 3 0
82 3 0
83 2 1
85 2 0
86 1 1
##=========================================
##[Voxel Mapper]Iteration 800 keyframe id, used times, remaining times:
0 14 1
1 14 1
2 14 1
3 14 1
4 14 1
5 14 1
7 14 1
8 14 1
10 14 1
11 15 0
12 15 0
13 15 0
14 14 1
15 15 0
16 14 1
17 14 1
18 14 1
19 14 1
20 14 1
21 14 1
22 14 1
23 14 1
24 13 1
25 13 1
26 13 1
27 13 1
28 13 0
29 12 1
30 13 0
31 12 1
32 12 1
33 11 1
34 11 1
35 12 0
36 11 1
37 10 1
38 11 0
39 11 0
40 10 1
41 9 1
42 10 0
43 10 0
44 9 1
45 8 1
46 8 1
47 9 0
48 8 1
49 8 1
50 7 1
51 7 1
52 8 0
53 7 1
54 7 1
55 7 1
56 7 1
57 7 1
58 8 0
59 7 1
60 6 1
61 7 0
62 6 1
63 6 1
64 6 1
65 7 0
66 6 1
67 6 1
68 6 1
69 5 1
70 5 1
71 5 1
72 5 1
73 5 1
74 6 0
75 4 1
76 5 0
77 4 1
78 4 1
79 3 1
80 3 1
81 3 1
82 4 0
83 4 0
84 2 1
85 2 1
86 2 1
87 2 1
88 2 1
89 3 0
90 2 0
##=========================================
##[Voxel Mapper]Iteration 850 keyframe id, used times, remaining times:
0 14 1
1 15 0
2 14 1
3 15 0
4 15 0
5 15 0
7 15 0
8 15 0
10 15 0
11 15 0
12 15 0
13 15 0
14 14 1
15 15 0
16 14 1
17 15 0
18 15 0
19 15 0
20 15 0
21 15 0
22 15 0
23 15 0
24 14 0
25 14 0
26 14 0
27 14 0
28 13 0
29 12 1
30 13 0
31 13 0
32 12 1
33 12 0
34 11 1
35 12 0
36 12 0
37 11 0
38 11 0
39 11 0
40 11 0
41 10 0
42 10 0
43 10 0
44 10 0
45 9 0
46 8 1
47 9 0
48 9 0
49 9 0
50 7 1
51 7 1
52 8 0
53 8 0
54 7 1
55 8 0
56 8 0
57 8 0
58 8 0
59 7 1
60 7 0
61 7 0
62 6 1
63 7 0
64 6 1
65 7 0
66 7 0
67 7 0
68 6 1
69 6 0
70 5 1
71 6 0
72 5 1
73 6 0
74 6 0
75 5 0
76 5 0
77 5 0
78 4 1
79 4 0
80 3 1
81 4 0
82 4 0
83 4 0
84 3 0
85 2 1
86 3 0
87 3 0
88 3 0
89 3 0
90 2 0
92 2 0
94 1 1
##=========================================
##[Voxel Mapper]Iteration 900 keyframe id, used times, remaining times:
0 15 1
1 15 1
2 16 0
3 15 1
4 15 1
5 16 0
7 15 1
8 15 1
10 15 1
11 16 0
12 15 1
13 16 0
14 16 0
15 15 1
16 16 0
17 15 1
18 15 1
19 15 1
20 15 1
21 16 0
22 15 1
23 15 1
24 14 1
25 14 1
26 14 1
27 14 1
28 13 1
29 14 0
30 14 0
31 13 1
32 13 1
33 12 1
34 12 1
35 12 1
36 12 1
37 11 1
38 12 0
39 11 1
40 11 1
41 10 1
42 10 1
43 11 0
44 10 1
45 9 1
46 9 1
47 9 1
48 9 1
49 9 1
50 8 1
51 8 1
52 9 0
53 8 1
54 8 1
55 8 1
56 8 1
57 8 1
58 9 0
59 8 1
60 8 0
61 7 1
62 8 0
63 8 0
64 7 1
65 7 1
66 7 1
67 7 1
68 7 1
69 6 1
70 6 1
71 6 1
72 6 1
73 6 1
74 7 0
75 5 1
76 5 1
77 5 1
78 5 1
79 4 1
80 4 1
81 4 1
82 4 1
83 4 1
84 3 1
85 4 0
86 3 1
87 3 1
88 3 1
89 3 1
90 2 1
91 2 1
92 2 1
93 2 1
94 2 1
95 2 1
96 2 1
97 3 0
##=========================================
##[Voxel Mapper]Iteration 950 keyframe id, used times, remaining times:
0 16 0
1 16 0
2 16 0
3 16 0
4 16 0
5 16 0
7 15 1
8 15 1
10 16 0
11 16 0
12 15 1
13 16 0
14 16 0
15 16 0
16 16 0
17 16 0
18 16 0
19 16 0
20 16 0
21 16 0
22 16 0
23 16 0
24 15 0
25 15 0
26 15 0
27 15 0
28 14 0
29 14 0
30 14 0
31 14 0
32 13 1
33 12 1
34 13 0
35 13 0
36 13 0
37 12 0
38 12 0
39 12 0
40 12 0
41 10 1
42 11 0
43 11 0
44 11 0
45 9 1
46 9 1
47 9 1
48 9 1
49 10 0
50 8 1
51 9 0
52 9 0
53 9 0
54 8 1
55 9 0
56 9 0
57 8 1
58 9 0
59 8 1
60 8 0
61 8 0
62 8 0
63 8 0
64 7 1
65 7 1
66 8 0
67 7 1
68 8 0
69 7 0
70 7 0
71 7 0
72 6 1
73 6 1
74 7 0
75 5 1
76 6 0
77 5 1
78 6 0
79 4 1
80 5 0
81 4 1
82 5 0
83 4 1
84 3 1
85 4 0
86 4 0
87 3 1
88 4 0
89 4 0
90 2 1
91 3 0
92 2 1
93 3 0
94 3 0
95 3 0
96 2 1
97 3 0
98 1 1
99 1 1
##=========================================
##[Voxel Mapper]Iteration 50 keyframe id, used times, remaining times:
0 2 1
1 2 1
2 3 0
3 2 1
5 3 0
6 2 1
8 2 1
9 3 0
10 2 1
11 2 1
12 2 1
13 2 1
14 3 0
15 2 1
16 2 1
17 2 1
18 3 0
19 3 0
20 2 1
21 2 1
22 2 1
23 2 1
##=========================================
##[Voxel Mapper]Iteration 100 keyframe id, used times, remaining times:
0 4 0
1 4 0
2 4 0
3 4 0
5 4 0
6 4 0
8 4 0
9 4 0
10 3 1
11 3 1
12 4 0
13 3 1
14 4 0
15 4 0
16 4 0
17 4 0
18 4 0
19 4 0
20 4 0
21 4 0
22 4 0
23 3 1
24 2 1
25 3 0
26 3 0
27 3 0
28 1 1
29 2 0
30 1 1
31 1 1
##=========================================
##[Voxel Mapper]Iteration 150 keyframe id, used times, remaining times:
0 5 1
1 5 1
2 5 1
3 5 1
5 5 1
6 5 1
8 5 1
9 5 1
10 5 1
11 5 1
12 5 1
13 5 1
14 5 1
15 5 1
16 5 1
17 5 1
18 5 1
19 5 1
20 5 1
21 5 1
22 5 1
23 5 1
24 4 1
25 4 1
26 4 1
27 4 1
28 3 1
29 3 1
30 3 1
31 3 1
32 3 1
33 2 1
34 2 1
35 2 1
36 3 0
##=========================================
##[Voxel Mapper]Iteration 200 keyframe id, used times, remaining times:
0 6 1
1 6 1
2 6 1
3 6 1
5 6 1
6 6 1
8 6 1
9 6 1
10 6 1
11 6 1
12 6 1
13 7 0
14 6 1
15 6 1
16 6 1
17 6 1
18 6 1
19 6 1
20 6 1
21 6 1
22 6 1
23 6 1
24 6 0
25 6 0
26 5 1
27 5 1
28 5 0
29 4 1
30 4 1
31 4 1
32 4 1
33 3 1
34 3 1
35 3 1
36 3 1
37 2 1
38 2 1
39 3 0
40 3 0
41 2 1
##=========================================
##[Voxel Mapper]Iteration 250 keyframe id, used times, remaining times:
0 8 0
1 7 1
2 7 1
3 7 1
5 7 1
6 7 1
8 7 1
9 7 1
10 7 1
11 8 0
12 7 1
13 8 0
14 7 1
15 8 0
16 7 1
17 7 1
18 7 1
19 7 1
20 7 1
21 8 0
22 7 1
23 7 1
24 6 1
25 6 1
26 7 0
27 6 1
28 5 1
29 5 1
30 5 1
31 5 1
32 5 1
33 4 1
34 5 0
35 4 1
36 4 1
37 3 1
38 3 1
39 3 1
40 4 0
41 4 0
42 3 0
43 2 1
44 2 1
##=========================================
##[Voxel Mapper]Iteration 300 keyframe id, used times, remaining times:
0 9 0
1 8 1
2 8 1
3 8 1
5 8 1
6 8 1
8 8 1
9 8 1
10 8 1
11 8 1
12 8 1
13 8 1
14 8 1
15 9 0
16 8 1
17 8 1
18 8 1
19 9 0
20 8 1
21 8 1
22 8 1
23 8 1
24 7 1
25 7 1
26 7 1
27 7 1
28 6 1
29 6 1
30 6 1
31 7 0
32 6 1
33 5 1
34 5 1
35 5 1
36 5 1
37 4 1
38 4 1
39 4 1
40 4 1
41 4 1
42 3 1
43 3 1
44 3 1
45 2 1
46 2 1
47 2 1
48 2 1
49 2 1
50 3 0
##=========================================
##[Voxel Mapper]Iteration 350 keyframe id, used times, remaining times:
0 9 0
1 9 0
2 9 0
3 8 1
5 9 0
6 9 0
8 9 0
9 9 0
10 9 0
11 9 0
12 9 0
13 9 0
14 9 0
15 9 0
16 9 0
17 9 0
18 9 0
19 9 0
20 9 0
21 9 0
22 9 0
23 9 0
24 8 0
25 8 0
26 8 0
27 8 0
28 7 0
29 7 0
30 7 0
31 7 0
32 7 0
33 6 0
34 6 0
35 6 0
36 6 0
37 5 0
38 5 0
39 5 0
40 5 0
41 5 0
42 4 0
43 4 0
44 4 0
45 3 0
46 3 0
47 3 0
48 3 0
49 3 0
50 3 0
51 1 1
52 1 1
53 2 0
54 1 1
55 2 0
##=========================================
##[Voxel Mapper]Iteration 400 keyframe id, used times, remaining times:
0 9 1
1 10 0
2 10 0
3 10 0
5 10 0
6 10 0
8 10 0
9 10 0
10 10 0
11 10 0
12 9 1
13 9 1
14 10 0
15 10 0
16 9 1
17 10 0
18 10 0
19 9 1
20 10 0
21 10 0
22 9 1
23 10 0
24 8 1
25 9 0
26 9 0
27 9 0
28 8 0
29 8 0
30 7 1
31 7 1
32 8 0
33 7 0
34 7 0
35 7 0
36 7 0
37 6 0
38 6 0
39 5 1
40 5 1
41 6 0
42 4 1
43 4 1
44 5 0
45 4 0
46 3 1
47 4 0
48 3 1
49 4 0
50 3 1
51 2 1
52 3 0
53 3 0
54 2 1
55 2 1
56 3 0
57 3 0
58 3 0
59 1 1
61 1 1
##=========================================
##[Voxel Mapper]Iteration 450 keyframe id, used times, remaining times:
0 10 1
1 10 1
2 10 1
3 10 1
5 10 1
6 11 0
8 10 1
9 10 1
10 10 1
11 10 1
12 10 1
13 10 1
14 10 1
15 10 1
16 10 1
17 11 0
18 10 1
19 10 1
20 10 1
21 11 0
22 10 1
23 10 1
24 9 1
25 9 1
26 9 1
27 9 1
28 9 0
29 8 1
30 8 1
31 8 1
32 8 1
33 7 1
34 7 1
35 8 0
36 7 1
37 6 1
38 6 1
39 6 1
40 7 0
41 7 0
42 5 1
43 5 1
44 5 1
45 5 0
46 4 1
47 5 0
48 5 0
49 4 1
50 4 1
51 3 1
52 3 1
53 3 1
54 3 1
55 3 1
56 4 0
57 3 1
58 3 1
59 3 0
60 3 0
61 2 1
62 2 1
63 2 1
64 2 1
65 2 1
66 2 1
67 3 0
68 1 1
##=========================================
##[Voxel Mapper]Iteration 500 keyframe id, used times, remaining times:
0 11 0
1 11 0
2 11 0
3 10 1
5 11 0
6 11 0
8 11 0
9 11 0
10 10 1
11 11 0
12 11 0
13 11 0
14 10 1
15 11 0
16 11 0
17 11 0
18 11 0
19 11 0
20 11 0
21 11 0
22 11 0
23 10 1
24 10 0
25 9 1
26 10 0
27 10 0
28 9 0
29 8 1
30 9 0
31 9 0
32 8 1
33 8 0
34 8 0
35 8 0
36 8 0
37 7 0
38 7 0
39 7 0
40 7 0
41 7 0
42 6 0
43 6 0
44 6 0
45 5 0
46 5 0
47 5 0
48 5 0
49 5 0
50 5 0
51 4 0
52 4 0
53 4 0
54 4 0
55 4 0
56 4 0
57 4 0
58 4 0
59 3 0
60 3 0
61 3 0
62 3 0
63 3 0
64 3 0
65 3 0
66 3 0
67 3 0
68 2 0
69 2 0
71 1 1
72 1 1
##=========================================
##[Voxel Mapper]Iteration 550 keyframe id, used times, remaining times:
0 12 0
1 11 1
2 12 0
3 11 1
5 11 1
6 11 1
8 12 0
9 12 0
10 11 1
11 12 0
12 11 1
13 11 1
14 11 1
15 11 1
16 12 0
17 11 1
18 11 1
19 12 0
20 11 1
21 11 1
22 11 1
23 11 1
24 10 1
25 10 1
26 10 1
27 11 0
28 9 1
29 9 1
30 10 0
31 10 0
32 10 0
33 8 1
34 9 0
35 9 0
36 9 0
37 8 0
38 7 1
39 7 1
40 7 1
41 8 0
42 6 1
43 7 0
44 7 0
45 5 1
46 6 0
47 6 0
48 6 0
49 5 1
50 5 1
51 5 0
52 5 0
53 4 1
54 5 0
55 5 0
56 4 1
57 5 0
58 4 1
59 4 0
60 3 1
61 4 0
62 3 1
63 3 1
64 4 0
65 3 1
66 4 0
67 4 0
68 3 0
69 2 1
70 3 0
71 3 0
72 3 0
73 2 1
74 2 1
##=========================================
##[Voxel Mapper]Iteration 600 keyframe id, used times, remaining times:
0 12 1
1 12 1
2 12 1
3 12 1
5 12 1
6 12 1
8 12 1
9 12 1
10 12 1
11 12 1
12 12 1
13 12 1
14 12 1
15 12 1
16 12 1
17 12 1
18 12 1
19 12 1
20 12 1
21 12 1
22 12 1
23 13 0
24 11 1
25 11 1
26 11 1
27 11 1
28 10 1
29 10 1
30 10 1
31 10 1
32 10 1
33 9 1
34 9 1
35 9 1
36 9 1
37 8 1
38 8 1
39 8 1
40 9 0
41 8 1
42 7 1
43 7 1
44 7 1
45 6 1
46 6 1
47 6 1
48 6 1
49 6 1
50 6 1
51 5 1
52 5 1
53 5 1
54 5 1
55 5 1
56 5 1
57 5 1
58 5 1
59 5 0
60 4 1
61 4 1
62 4 1
63 4 1
64 4 1
65 4 1
66 4 1
67 4 1
68 3 1
69 3 1
70 3 1
71 3 1
72 3 1
73 3 1
74 3 1
75 2 1
76 2 1
77 2 1
78 3 0
##=========================================
##[Voxel Mapper]Iteration 650 keyframe id, used times, remaining times:
0 12 1
1 13 0
2 13 0
3 13 0
5 12 1
6 12 1
8 13 0
9 12 1
10 13 0
11 12 1
12 13 0
13 12 1
14 13 0
15 13 0
16 13 0
17 13 0
18 13 0
19 12 1
20 13 0
21 13 0
22 12 1
23 13 0
24 12 0
25 11 1
26 11 1
27 12 0
28 11 0
29 11 0
30 11 0
31 11 0
32 11 0
33 9 1
34 9 1
35 10 0
36 10 0
37 9 0
38 8 1
39 9 0
40 9 0
41 8 1
42 8 0
43 8 0
44 8 0
45 7 0
46 7 0
47 7 0
48 6 1
49 6 1
50 6 1
51 6 0
52 6 0
53 6 0
54 6 0
55 6 0
56 5 1
57 6 0
58 6 0
59 5 0
60 4 1
61 5 0
62 4 1
63 5 0
64 5 0
65 5 0
66 5 0
67 4 1
68 4 0
69 4 0
70 4 0
71 4 0
72 4 0
73 3 1
74 4 0
75 3 0
76 2 1
77 2 1
78 3 0
80 1 1
##=========================================
##[Voxel Mapper]Iteration 700 keyframe id, used times, remaining times:
0 13 1
1 13 1
2 13 1
3 13 1
5 14 0
6 13 1
8 13 1
9 13 1
10 14 0
11 13 1
12 13 1
13 13 1
14 13 1
15 14 0
16 13 1
17 13 1
18 14 0
19 13 1
20 13 1
21 13 1
22 14 0
23 13 1
24 12 1
25 12 1
26 13 0
27 12 1
28 11 1
29 11 1
30 11 1
31 11 1
32 11 1
33 11 0
34 10 1
35 10 1
36 10 1
37 9 1
38 9 1
39 9 1
40 10 0
41 9 1
42 8 1
43 9 0
44 8 1
45 7 1
46 7 1
47 7 1
48 7 1
49 7 1
50 7 1
51 6 1
52 6 1
53 6 1
54 6 1
55 6 1
56 6 1
57 6 1
58 6 1
59 5 1
60 5 1
61 6 0
62 5 1
63 5 1
64 5 1
65 6 0
66 5 1
67 6 0
68 5 0
69 4 1
70 4 1
71 5 0
72 4 1
73 4 1
74 4 1
75 3 1
76 3 1
77 3 1
78 3 1
79 2 1
80 2 1
81 2 1
82 3 0
83 2 1
84 2 1
##=========================================
##[Voxel Mapper]Iteration 750 keyframe id, used times, remaining times:
0 14 0
1 13 1
2 13 1
3 14 0
5 14 0
6 14 0
8 13 1
9 13 1
10 14 0
11 14 0
12 14 0
13 14 0
14 13 1
15 14 0
16 14 0
17 14 0
18 14 0
19 14 0
20 14 0
21 14 0
22 14 0
23 14 0
24 13 0
25 12 1
26 13 0
27 12 1
28 12 0
29 11 1
30 11 1
31 12 0
32 11 1
33 11 0
34 11 0
35 11 0
36 11 0
37 10 0
38 10 0
39 9 1
40 10 0
41 10 0
42 8 1
43 9 0
44 9 0
45 8 0
46 8 0
47 8 0
48 8 0
49 8 0
50 8 0
51 7 0
52 6 1
53 7 0
54 7 0
55 7 0
56 7 0
57 7 0
58 6 1
59 6 0
60 5 1
61 6 0
62 6 0
63 6 0
64 6 0
65 6 0
66 6 0
67 6 0
68 5 0
69 4 1
70 5 0
71 5 0
72 5 0
73 5 0
74 5 0
75 3 1
76 4 0
77 4 0
78 3 1
79 3 0
80 2 1
81 3 0
82 3 0
83 3 0
84 2 1
85 1 1
87 1 1
##=========================================
##[Voxel Mapper]Iteration 800 keyframe id, used times, remaining times:
0 14 1
1 14 1
2 14 1
3 14 1
5 14 1
6 15 0
8 15 0
9 14 1
10 14 1
11 15 0
12 14 1
13 14 1
14 15 0
15 15 0
16 14 1
17 14 1
18 14 1
19 14 1
20 14 1
21 14 1
22 14 1
23 14 1
24 13 1
25 14 0
26 13 1
27 13 1
28 12 1
29 12 1
30 12 1
31 12 1
32 12 1
33 11 1
34 11 1
35 12 0
36 11 1
37 10 1
38 11 0
39 10 1
40 10 1
41 11 0
42 9 1
43 9 1
44 9 1
45 8 1
46 8 1
47 9 0
48 8 1
49 9 0
50 8 1
51 8 0
52 7 1
53 7 1
54 8 0
55 7 1
56 7 1
57 7 1
58 7 1
59 7 0
60 7 0
61 6 1
62 6 1
63 6 1
64 6 1
65 6 1
66 6 1
67 6 1
68 5 1
69 5 1
70 5 1
71 5 1
72 6 0
73 5 1
74 6 0
75 4 1
76 4 1
77 4 1
78 4 1
79 3 1
80 3 1
81 3 1
82 3 1
83 4 0
84 3 1
85 2 1
86 2 1
87 2 1
88 2 1
89 3 0
90 3 0
##=========================================
##[Voxel Mapper]Iteration 850 keyframe id, used times, remaining times:
0 15 0
1 15 0
2 15 0
3 15 0
5 15 0
6 15 0
8 15 0
9 15 0
10 14 1
11 15 0
12 14 1
13 15 0
14 15 0
15 15 0
16 14 1
17 15 0
18 15 0
19 15 0
20 14 1
21 15 0
22 15 0
23 14 1
24 14 0
25 14 0
26 14 0
27 13 1
28 13 0
29 13 0
30 12 1
31 13 0
32 13 0
33 12 0
34 12 0
35 12 0
36 11 1
37 11 0
38 11 0
39 10 1
40 11 0
41 11 0
42 9 1
43 10 0
44 10 0
45 8 1
46 9 0
47 9 0
48 9 0
49 9 0
50 8 1
51 8 0
52 8 0
53 8 0
54 8 0
55 7 1
56 8 0
57 8 0
58 8 0
59 7 0
60 7 0
61 7 0
62 7 0
63 6 1
64 7 0
65 6 1
66 6 1
67 7 0
68 5 1
69 6 0
70 6 0
71 6 0
72 6 0
73 5 1
74 6 0
75 5 0
76 5 0
77 5 0
78 5 0
79 4 0
80 4 0
81 4 0
82 4 0
83 4 0
84 3 1
85 3 0
86 2 1
87 3 0
88 2 1
89 3 0
90 3 0
91 1 1
92 1 1
##=========================================
##[Voxel Mapper]Iteration 900 keyframe id, used times, remaining times:
0 15 1
1 16 0
2 15 1
3 16 0
5 15 1
6 15 1
8 15 1
9 15 1
10 15 1
11 16 0
12 16 0
13 15 1
14 15 1
15 15 1
16 15 1
17 15 1
18 16 0
19 15 1
20 15 1
21 15 1
22 15 1
23 15 1
24 14 1
25 14 1
26 14 1
27 14 1
28 13 1
29 13 1
30 13 1
31 13 1
32 14 0
33 12 1
34 12 1
35 12 1
36 13 0
37 11 1
38 12 0
39 11 1
40 11 1
41 11 1
42 10 1
43 10 1
44 11 0
45 9 1
46 9 1
47 9 1
48 10 0
49 10 0
50 9 1
51 8 1
52 8 1
53 8 1
54 8 1
55 8 1
56 8 1
57 8 1
58 8 1
59 7 1
60 7 1
61 7 1
62 7 1
63 8 0
64 7 1
65 8 0
66 7 1
67 7 1
68 7 0
69 6 1
70 6 1
71 6 1
72 6 1
73 6 1
74 6 1
75 5 1
76 5 1
77 5 1
78 5 1
79 4 1
80 5 0
81 4 1
82 4 1
83 4 1
84 4 1
85 4 0
86 3 1
87 4 0
88 3 1
89 3 1
90 3 1
91 2 1
92 2 1
93 3 0
94 2 1
95 2 1
96 3 0
##=========================================
##[Voxel Mapper]Iteration 950 keyframe id, used times, remaining times:
0 15 1
1 16 0
2 15 1
3 16 0
5 15 1
6 16 0
8 16 0
9 16 0
10 16 0
11 16 0
12 16 0
13 16 0
14 16 0
15 15 1
16 16 0
17 15 1
18 16 0
19 15 1
20 15 1
21 15 1
22 16 0
23 15 1
24 15 0
25 15 0
26 14 1
27 15 0
28 14 0
29 14 0
30 14 0
31 13 1
32 14 0
33 12 1
34 13 0
35 12 1
36 13 0
37 12 0
38 12 0
39 12 0
40 12 0
41 12 0
42 10 1
43 10 1
44 11 0
45 10 0
46 10 0
47 10 0
48 10 0
49 10 0
50 10 0
51 8 1
52 9 0
53 9 0
54 9 0
55 9 0
56 9 0
57 9 0
58 9 0
59 8 0
60 8 0
61 8 0
62 7 1
63 8 0
64 8 0
65 8 0
66 7 1
67 7 1
68 7 0
69 6 1
70 7 0
71 6 1
72 7 0
73 7 0
74 7 0
75 6 0
76 6 0
77 5 1
78 5 1
79 5 0
80 5 0
81 5 0
82 4 1
83 5 0
84 5 0
85 4 0
86 4 0
87 4 0
88 3 1
89 4 0
90 4 0
91 3 0
92 3 0
93 3 0
94 3 0
95 2 1
96 3 0
##=========================================
##[Voxel Mapper]Iteration 50 keyframe id, used times, remaining times:
0 2 1
1 3 0
2 3 0
3 2 1
4 2 1
6 2 1
7 2 1
8 3 0
9 2 1
10 2 1
11 2 1
12 3 0
13 2 1
14 3 0
15 2 1
16 2 1
17 2 1
18 2 1
19 2 1
20 2 1
21 2 1
22 3 0
##=========================================
##[Voxel Mapper]Iteration 100 keyframe id, used times, remaining times:
0 4 0
1 4 0
2 4 0
3 4 0
4 4 0
6 4 0
7 4 0
8 4 0
9 4 0
10 4 0
11 4 0
12 4 0
13 4 0
14 4 0
15 4 0
16 4 0
17 4 0
18 3 1
19 4 0
20 4 0
21 4 0
22 4 0
23 3 0
24 2 1
25 3 0
26 2 0
27 2 0
28 1 1
##=========================================
##[Voxel Mapper]Iteration 150 keyframe id, used times, remaining times:
0 5 1
1 5 1
2 5 1
3 5 1
4 5 1
6 5 1
7 5 1
8 5 1
9 5 1
10 5 1
11 5 1
12 6 0
13 5 1
14 5 1
15 5 1
16 5 1
17 5 1
18 5 1
19 5 1
20 5 1
21 5 1
22 5 1
23 4 1
24 4 1
25 5 0
26 3 1
27 3 1
28 3 1
29 3 1
30 3 1
31 2 1
32 2 1
33 2 1
34 2 1
35 3 0
##=========================================
##[Voxel Mapper]Iteration 200 keyframe id, used times, remaining times:
0 6 1
1 6 1
2 6 1
3 6 1
4 6 1
6 7 0
7 7 0
8 6 1
9 6 1
10 7 0
11 6 1
12 6 1
13 6 1
14 6 1
15 6 1
16 7 0
17 6 1
18 7 0
19 6 1
20 7 0
21 6 1
22 6 1
23 5 1
24 6 0
25 5 1
26 4 1
27 4 1
28 4 1
29 4 1
30 4 1
31 4 0
32 3 1
33 4 0
34 3 1
35 3 1
36 2 1
37 3 0
38 2 1
39 2 1
##=========================================
##[Voxel Mapper]Iteration 50 keyframe id, used times, remaining times:
0 3 0
1 2 1
2 2 1
3 2 1
5 2 1
6 2 1
7 2 1
8 3 0
9 2 1
10 2 1
11 3 0
12 2 1
13 2 1
14 2 1
15 3 0
16 3 0
17 2 1
18 2 1
19 2 1
20 2 1
21 2 1
22 3 0
##=========================================
##[Voxel Mapper]Iteration 100 keyframe id, used times, remaining times:
0 4 0
1 4 0
2 4 0
3 4 0
5 4 0
6 4 0
7 4 0
8 4 0
9 3 1
10 3 1
11 3 1
12 4 0
13 4 0
14 4 0
15 4 0
16 3 1
17 4 0
18 4 0
19 4 0
20 4 0
21 4 0
22 4 0
23 3 0
24 3 0
25 3 0
26 3 0
27 2 0
28 1 1
29 1 1
##=========================================
##[Voxel Mapper]Iteration 50 keyframe id, used times, remaining times:
0 3 0
1 2 1
2 2 1
3 2 1
4 2 1
6 3 0
7 2 1
8 2 1
9 2 1
10 2 1
11 2 1
12 3 0
13 2 1
14 3 0
15 2 1
16 3 0
17 2 1
18 2 1
19 3 0
20 2 1
21 2 1
22 2 1
##=========================================
##[Voxel Mapper]Iteration 50 keyframe id, used times, remaining times:
0 3 0
1 2 1
2 3 0
3 3 0
5 2 1
6 2 1
7 2 1
8 2 1
9 3 0
10 3 0
11 2 1
12 2 1
13 2 1
14 3 0
15 2 1
16 2 1
17 2 1
18 2 1
19 2 1
20 2 1
21 2 1
22 2 1
##=========================================
##[Voxel Mapper]Iteration 100 keyframe id, used times, remaining times:
0 4 0
1 4 0
2 4 0
3 4 0
5 4 0
6 4 0
7 4 0
8 4 0
9 4 0
10 4 0
11 4 0
12 4 0
13 4 0
14 4 0
15 4 0
16 4 0
17 4 0
18 4 0
19 4 0
20 4 0
21 4 0
22 4 0
23 3 0
24 3 0
25 3 0
26 1 1
27 1 1
29 1 1
##=========================================
##[Voxel Mapper]Iteration 150 keyframe id, used times, remaining times:
0 5 1
1 5 1
2 5 1
3 5 1
5 5 1
6 5 1
7 5 1
8 5 1
9 6 0
10 5 1
11 5 1
12 5 1
13 5 1
14 5 1
15 5 1
16 5 1
17 5 1
18 6 0
19 6 0
20 5 1
21 5 1
22 5 1
23 5 0
24 4 1
25 4 1
26 3 1
27 3 1
28 3 1
29 3 1
30 3 1
31 3 0
32 2 1
33 2 1
34 2 1
##=========================================
##[Voxel Mapper]Iteration 200 keyframe id, used times, remaining times:
0 7 0
1 6 1
2 6 1
3 6 1
5 7 0
6 6 1
7 6 1
8 7 0
9 7 0
10 6 1
11 6 1
12 7 0
13 6 1
14 6 1
15 7 0
16 6 1
17 6 1
18 6 1
19 6 1
20 6 1
21 6 1
22 7 0
23 5 1
24 5 1
25 6 0
26 4 1
27 4 1
28 4 1
29 4 1
30 5 0
31 3 1
32 3 1
33 3 1
34 3 1
35 2 1
36 2 1
37 2 1
38 2 1
39 3 0
40 1 1
##=========================================
##[Voxel Mapper]Iteration 250 keyframe id, used times, remaining times:
0 8 0
1 7 1
2 7 1
3 7 1
5 7 1
6 8 0
7 7 1
8 7 1
9 7 1
10 7 1
11 7 1
12 8 0
13 7 1
14 7 1
15 7 1
16 8 0
17 8 0
18 7 1
19 7 1
20 7 1
21 7 1
22 7 1
23 7 0
24 7 0
25 7 0
26 5 1
27 5 1
28 6 0
29 5 1
30 5 1
31 5 0
32 4 1
33 4 1
34 5 0
35 4 0
36 3 1
37 3 1
38 3 1
39 3 1
40 2 1
41 2 1
42 2 1
43 3 0
44 1 1
##=========================================
##[Voxel Mapper]Iteration 300 keyframe id, used times, remaining times:
0 8 1
1 8 1
2 8 1
3 8 1
5 8 1
6 9 0
7 9 0
8 8 1
9 9 0
10 8 1
11 8 1
12 8 1
13 8 1
14 8 1
15 8 1
16 8 1
17 8 1
18 8 1
19 8 1
20 8 1
21 8 1
22 8 1
23 7 1
24 7 1
25 7 1
26 7 0
27 6 1
28 6 1
29 7 0
30 6 1
31 5 1
32 6 0
33 5 1
34 5 1
35 4 1
36 4 1
37 5 0
38 4 1
39 4 1
40 3 1
41 3 1
42 3 1
43 3 1
44 2 1
45 2 1
46 2 1
47 2 1
48 2 1
49 2 1
50 2 1
##=========================================
##[Voxel Mapper]Iteration 350 keyframe id, used times, remaining times:
0 9 0
1 9 0
2 9 0
3 9 0
5 9 0
6 9 0
7 9 0
8 9 0
9 9 0
10 9 0
11 9 0
12 9 0
13 9 0
14 9 0
15 9 0
16 9 0
17 9 0
18 9 0
19 9 0
20 9 0
21 9 0
22 9 0
23 8 0
24 8 0
25 8 0
26 7 0
27 7 0
28 7 0
29 7 0
30 7 0
31 6 0
32 6 0
33 5 1
34 6 0
35 5 0
36 4 1
37 5 0
38 5 0
39 5 0
40 4 0
41 4 0
42 4 0
43 4 0
44 3 0
45 3 0
46 3 0
47 3 0
48 3 0
49 3 0
50 3 0
51 2 0
52 2 0
53 1 1
54 1 1
55 2 0
56 1 1
##=========================================
##[Voxel Mapper]Iteration 400 keyframe id, used times, remaining times:
0 10 0
1 9 1
2 10 0
3 10 0
5 9 1
6 10 0
7 9 1
8 9 1
9 10 0
10 9 1
11 10 0
12 10 0
13 9 1
14 10 0
15 9 1
16 10 0
17 10 0
18 10 0
19 10 0
20 10 0
21 9 1
22 9 1
23 9 0
24 8 1
25 8 1
26 8 0
27 8 0
28 8 0
29 8 0
30 7 1
31 7 0
32 7 0
33 6 1
34 7 0
35 6 0
36 5 1
37 6 0
38 6 0
39 6 0
40 5 0
41 4 1
42 5 0
43 5 0
44 3 1
45 4 0
46 4 0
47 3 1
48 3 1
49 3 1
50 4 0
51 2 1
52 2 1
53 3 0
54 3 0
55 3 0
56 3 0
57 3 0
58 3 0
59 2 0
62 1 1
63 1 1
##=========================================
##[Voxel Mapper]Iteration 450 keyframe id, used times, remaining times:
0 10 1
1 10 1
2 10 1
3 10 1
5 11 0
6 10 1
7 10 1
8 10 1
9 10 1
10 10 1
11 10 1
12 10 1
13 10 1
14 10 1
15 11 0
16 10 1
17 10 1
18 10 1
19 10 1
20 10 1
21 10 1
22 10 1
23 9 1
24 9 1
25 10 0
26 9 0
27 9 0
28 8 1
29 8 1
30 8 1
31 7 1
32 8 0
33 7 1
34 8 0
35 7 0
36 6 1
37 6 1
38 6 1
39 6 1
40 6 0
41 5 1
42 5 1
43 6 0
44 4 1
45 4 1
46 5 0
47 4 1
48 4 1
49 4 1
50 4 1
51 3 1
52 3 1
53 4 0
54 3 1
55 3 1
56 3 1
57 4 0
58 3 1
59 2 1
60 2 1
61 2 1
62 2 1
63 2 1
64 3 0
65 2 1
66 2 1
67 3 0
##=========================================
##[Voxel Mapper]Iteration 500 keyframe id, used times, remaining times:
0 11 0
1 10 1
2 11 0
3 11 0
5 11 0
6 11 0
7 10 1
8 11 0
9 11 0
10 11 0
11 11 0
12 11 0
13 11 0
14 11 0
15 11 0
16 11 0
17 11 0
18 11 0
19 11 0
20 11 0
21 10 1
22 11 0
23 10 0
24 9 1
25 10 0
26 9 0
27 9 0
28 9 0
29 9 0
30 8 1
31 8 0
32 8 0
33 8 0
34 8 0
35 7 0
36 7 0
37 7 0
38 6 1
39 7 0
40 6 0
41 6 0
42 6 0
43 6 0
44 5 0
45 5 0
46 5 0
47 5 0
48 5 0
49 5 0
50 5 0
51 4 0
52 4 0
53 4 0
54 3 1
55 3 1
56 4 0
57 4 0
58 4 0
59 3 0
60 3 0
61 3 0
62 3 0
63 3 0
64 3 0
65 3 0
66 3 0
67 3 0
68 2 0
70 2 0
71 1 1
72 1 1
##=========================================
##[Voxel Mapper]Iteration 550 keyframe id, used times, remaining times:
0 12 0
1 11 1
2 12 0
3 11 1
5 12 0
6 12 0
7 11 1
8 11 1
9 12 0
10 11 1
11 11 1
12 11 1
13 12 0
14 11 1
15 12 0
16 12 0
17 11 1
18 11 1
19 12 0
20 11 1
21 12 0
22 11 1
23 10 1
24 10 1
25 11 0
26 10 0
27 10 0
28 10 0
29 10 0
30 9 1
31 8 1
32 8 1
33 9 0
34 9 0
35 7 1
36 7 1
37 7 1
38 7 1
39 7 1
40 6 1
41 7 0
42 6 1
43 6 1
44 5 1
45 5 1
46 6 0
47 5 1
48 5 1
49 6 0
50 6 0
51 5 0
52 5 0
53 5 0
54 5 0
55 4 1
56 5 0
57 4 1
58 4 1
59 3 1
60 4 0
61 4 0
62 3 1
63 3 1
64 4 0
65 3 1
66 3 1
67 3 1
68 2 1
69 3 0
70 2 1
71 2 1
72 3 0
73 2 1
74 3 0
75 1 1
76 1 1
##=========================================
##[Voxel Mapper]Iteration 600 keyframe id, used times, remaining times:
0 12 0
1 12 0
2 12 0
3 12 0
5 12 0
6 12 0
7 12 0
8 12 0
9 12 0
10 12 0
11 12 0
12 12 0
13 12 0
14 12 0
15 12 0
16 12 0
17 12 0
18 12 0
19 12 0
20 12 0
21 12 0
22 12 0
23 11 0
24 11 0
25 11 0
26 10 0
27 10 0
28 10 0
29 10 0
30 10 0
31 9 0
32 9 0
33 9 0
34 9 0
35 8 0
36 8 0
37 8 0
38 8 0
39 8 0
40 7 0
41 7 0
42 7 0
43 7 0
44 6 0
45 6 0
46 6 0
47 6 0
48 6 0
49 6 0
50 6 0
51 5 0
52 5 0
53 5 0
54 5 0
55 5 0
56 5 0
57 5 0
58 5 0
59 4 0
60 4 0
61 4 0
62 4 0
63 4 0
64 4 0
65 4 0
66 4 0
67 4 0
68 3 0
69 3 0
70 3 0
71 3 0
72 3 0
73 3 0
74 3 0
75 2 0
76 2 0
77 2 0
78 2 0
79 2 0
##=========================================
##[Voxel Mapper]Iteration 650 keyframe id, used times, remaining times:
0 13 0
1 12 1
2 12 1
3 12 1
5 13 0
6 13 0
7 13 0
8 13 0
9 13 0
10 12 1
11 13 0
12 13 0
13 12 1
14 12 1
15 13 0
16 13 0
17 13 0
18 13 0
19 13 0
20 13 0
21 13 0
22 12 1
23 12 0
24 11 1
25 11 1
26 11 0
27 10 1
28 11 0
29 10 1
30 11 0
31 9 1
32 10 0
33 9 1
34 10 0
35 8 1
36 9 0
37 9 0
38 9 0
39 8 1
40 7 1
41 7 1
42 8 0
43 7 1
44 7 0
45 7 0
46 7 0
47 6 1
48 6 1
49 7 0
50 7 0
51 6 0
52 6 0
53 6 0
54 5 1
55 5 1
56 5 1
57 6 0
58 6 0
59 5 0
60 4 1
61 5 0
62 5 0
63 5 0
64 4 1
65 4 1
66 4 1
67 5 0
68 4 0
69 3 1
70 4 0
71 3 1
72 4 0
73 4 0
74 4 0
75 2 1
76 3 0
77 3 0
78 3 0
79 3 0
80 1 1
##=========================================
##[Voxel Mapper]Iteration 700 keyframe id, used times, remaining times:
0 13 1
1 13 1
2 13 1
3 13 1
5 13 1
6 14 0
7 13 1
8 13 1
9 13 1
10 13 1
11 14 0
12 13 1
13 13 1
14 13 1
15 13 1
16 13 1
17 14 0
18 13 1
19 13 1
20 13 1
21 13 1
22 14 0
23 12 1
24 12 1
25 13 0
26 11 1
27 11 1
28 11 1
29 12 0
30 11 1
31 10 1
32 10 1
33 11 0
34 10 1
35 10 0
36 9 1
37 9 1
38 9 1
39 10 0
40 8 1
41 8 1
42 8 1
43 8 1
44 7 1
45 7 1
46 7 1
47 7 1
48 7 1
49 7 1
50 7 1
51 6 1
52 6 1
53 6 1
54 6 1
55 6 1
56 6 1
57 6 1
58 6 1
59 6 0
60 6 0
61 5 1
62 5 1
63 5 1
64 5 1
65 5 1
66 5 1
67 5 1
68 4 1
69 4 1
70 4 1
71 4 1
72 4 1
73 4 1
74 4 1
75 3 1
76 3 1
77 3 1
78 3 1
79 3 1
80 2 1
81 2 1
82 2 1
83 2 1
84 2 1
##=========================================
##[Voxel Mapper]Iteration 750 keyframe id, used times, remaining times:
0 14 0
1 13 1
2 14 0
3 14 0
5 14 0
6 14 0
7 14 0
8 14 0
9 13 1
10 14 0
11 14 0
12 13 1
13 13 1
14 13 1
15 14 0
16 14 0
17 14 0
18 14 0
19 13 1
20 14 0
21 14 0
22 14 0
23 13 0
24 12 1
25 13 0
26 12 0
27 12 0
28 12 0
29 12 0
30 11 1
31 10 1
32 11 0
33 11 0
34 11 0
35 10 0
36 10 0
37 10 0
38 10 0
39 10 0
40 9 0
41 9 0
42 9 0
43 9 0
44 7 1
45 7 1
46 8 0
47 8 0
48 7 1
49 8 0
50 7 1
51 7 0
52 6 1
53 7 0
54 6 1
55 6 1
56 7 0
57 6 1
58 7 0
59 6 0
60 6 0
61 5 1
62 6 0
63 6 0
64 6 0
65 6 0
66 6 0
67 5 1
68 4 1
69 5 0
70 4 1
71 4 1
72 5 0
73 5 0
74 5 0
75 4 0
76 4 0
77 3 1
78 4 0
79 3 1
80 2 1
81 2 1
82 3 0
83 3 0
84 2 1
85 1 1
86 2 0
87 1 1
##=========================================
##[Voxel Mapper]Iteration 800 keyframe id, used times, remaining times:
0 14 1
1 14 1
2 14 1
3 14 1
5 14 1
6 15 0
7 14 1
8 14 1
9 14 1
10 14 1
11 14 1
12 14 1
13 15 0
14 14 1
15 14 1
16 14 1
17 14 1
18 14 1
19 15 0
20 14 1
21 14 1
22 14 1
23 14 0
24 13 1
25 13 1
26 12 1
27 12 1
28 12 1
29 12 1
30 12 1
31 11 1
32 11 1
33 12 0
34 12 0
35 10 1
36 11 0
37 10 1
38 10 1
39 10 1
40 9 1
41 9 1
42 9 1
43 10 0
44 8 1
45 8 1
46 8 1
47 8 1
48 9 0
49 8 1
50 8 1
51 7 1
52 7 1
53 7 1
54 7 1
55 8 0
56 7 1
57 7 1
58 7 1
59 7 0
60 6 1
61 6 1
62 6 1
63 6 1
64 6 1
65 6 1
66 6 1
67 6 1
68 5 1
69 5 1
70 6 0
71 5 1
72 5 1
73 5 1
74 5 1
75 4 1
76 4 1
77 5 0
78 4 1
79 4 1
80 3 1
81 3 1
82 4 0
83 4 0
84 3 1
85 2 1
86 2 1
87 2 1
88 3 0
89 3 0
##=========================================
##[Voxel Mapper]Iteration 850 keyframe id, used times, remaining times:
0 14 1
1 15 0
2 15 0
3 15 0
5 14 1
6 15 0
7 15 0
8 15 0
9 15 0
10 15 0
11 15 0
12 15 0
13 15 0
14 15 0
15 14 1
16 14 1
17 14 1
18 15 0
19 15 0
20 14 1
21 15 0
22 15 0
23 14 0
24 14 0
25 13 1
26 13 0
27 13 0
28 13 0
29 13 0
30 13 0
31 12 0
32 12 0
33 12 0
34 12 0
35 11 0
36 11 0
37 10 1
38 11 0
39 10 1
40 10 0
41 10 0
42 9 1
43 10 0
44 9 0
45 8 1
46 9 0
47 8 1
48 9 0
49 8 1
50 9 0
51 8 0
52 8 0
53 8 0
54 7 1
55 8 0
56 7 1
57 8 0
58 8 0
59 7 0
60 7 0
61 6 1
62 7 0
63 7 0
64 7 0
65 7 0
66 6 1
67 6 1
68 6 0
69 5 1
70 6 0
71 5 1
72 5 1
73 6 0
74 6 0
75 4 1
76 4 1
77 5 0
78 5 0
79 5 0
80 3 1
81 4 0
82 4 0
83 4 0
84 4 0
85 3 0
86 2 1
87 3 0
88 3 0
89 3 0
90 2 0
94 1 1
##=========================================
##[Voxel Mapper]Iteration 900 keyframe id, used times, remaining times:
0 15 1
1 15 1
2 15 1
3 15 1
5 15 1
6 15 1
7 15 1
8 15 1
9 15 1
10 15 1
11 15 1
12 15 1
13 15 1
14 15 1
15 15 1
16 15 1
17 15 1
18 15 1
19 15 1
20 15 1
21 16 0
22 16 0
23 14 1
24 14 1
25 14 1
26 13 1
27 13 1
28 13 1
29 13 1
30 13 1
31 12 1
32 12 1
33 12 1
34 13 0
35 11 1
36 11 1
37 11 1
38 11 1
39 11 1
40 10 1
41 10 1
42 10 1
43 10 1
44 9 1
45 9 1
46 9 1
47 9 1
48 9 1
49 9 1
50 9 1
51 8 1
52 9 0
53 9 0
54 8 1
55 8 1
56 8 1
57 8 1
58 8 1
59 8 0
60 7 1
61 7 1
62 7 1
63 7 1
64 7 1
65 7 1
66 7 1
67 7 1
68 6 1
69 6 1
70 6 1
71 6 1
72 6 1
73 6 1
74 6 1
75 5 1
76 5 1
77 5 1
78 5 1
79 5 1
80 4 1
81 4 1
82 4 1
83 4 1
84 5 0
85 4 0
86 4 0
87 3 1
88 4 0
89 3 1
90 2 1
91 2 1
92 2 1
93 2 1
94 2 1
95 2 1
96 2 1
97 3 0
98 1 1
##=========================================
##[Voxel Mapper]Iteration 950 keyframe id, used times, remaining times:
0 16 0
1 15 1
2 16 0
3 16 0
5 16 0
6 15 1
7 15 1
8 16 0
9 16 0
10 15 1
11 16 0
12 16 0
13 15 1
14 15 1
15 15 1
16 16 0
17 16 0
18 15 1
19 16 0
20 16 0
21 16 0
22 16 0
23 15 0
24 14 1
25 15 0
26 13 1
27 14 0
28 14 0
29 13 1
30 13 1
31 13 0
32 12 1
33 12 1
34 13 0
35 12 0
36 12 0
37 11 1
38 11 1
39 12 0
40 10 1
41 10 1
42 10 1
43 10 1
44 10 0
45 10 0
46 9 1
47 9 1
48 9 1
49 10 0
50 9 1
51 9 0
52 9 0
53 9 0
54 8 1
55 8 1
56 9 0
57 8 1
58 9 0
59 8 0
60 7 1
61 8 0
62 8 0
63 8 0
64 8 0
65 7 1
66 8 0
67 8 0
68 7 0
69 7 0
70 7 0
71 6 1
72 7 0
73 7 0
74 6 1
75 6 0
76 6 0
77 6 0
78 6 0
79 6 0
80 4 1
81 5 0
82 5 0
83 4 1
84 5 0
85 4 0
86 4 0
87 4 0
88 4 0
89 4 0
90 3 0
91 2 1
92 2 1
93 2 1
94 2 1
95 2 1
96 3 0
97 3 0
98 2 0
99 1 1
##=========================================
##[Voxel Mapper]Iteration 1000 keyframe id, used times, remaining times:
0 16 1
1 16 1
2 16 1
3 16 1
5 16 1
6 16 1
7 16 1
8 16 1
9 16 1
10 16 1
11 16 1
12 16 1
13 16 1
14 16 1
15 16 1
16 16 1
17 17 0
18 17 0
19 16 1
20 16 1
21 16 1
22 16 1
23 15 1
24 15 1
25 15 1
26 15 0
27 14 1
28 14 1
29 14 1
30 14 1
31 13 1
32 13 1
33 13 1
34 13 1
35 12 1
36 12 1
37 12 1
38 12 1
39 12 1
40 11 1
41 11 1
42 11 1
43 12 0
44 10 1
45 10 1
46 10 1
47 11 0
48 10 1
49 10 1
50 10 1
51 9 1
52 9 1
53 9 1
54 9 1
55 9 1
56 9 1
57 9 1
58 9 1
59 8 1
60 8 1
61 8 1
62 8 1
63 8 1
64 8 1
65 8 1
66 8 1
67 8 1
68 7 1
69 7 1
70 7 1
71 7 1
72 7 1
73 7 1
74 7 1
75 6 1
76 6 1
77 6 1
78 6 1
79 6 1
80 5 1
81 5 1
82 5 1
83 5 1
84 5 1
85 4 1
86 4 1
87 4 1
88 4 1
89 4 1
90 3 1
91 3 1
92 4 0
93 3 1
94 3 1
95 3 1
96 3 1
97 3 1
98 2 1
99 2 1
100 2 1
101 3 0
##=========================================
##[Voxel Mapper]Iteration 1050 keyframe id, used times, remaining times:
0 16 1
1 16 1
2 17 0
3 16 1
5 17 0
6 16 1
7 16 1
8 16 1
9 17 0
10 17 0
11 17 0
12 17 0
13 16 1
14 16 1
15 17 0
16 16 1
17 17 0
18 17 0
19 16 1
20 17 0
21 17 0
22 16 1
23 16 0
24 15 1
25 16 0
26 15 0
27 15 0
28 15 0
29 14 1
30 14 1
31 14 0
32 14 0
33 13 1
34 14 0
35 12 1
36 13 0
37 13 0
38 12 1
39 12 1
40 12 0
41 11 1
42 11 1
43 12 0
44 11 0
45 11 0
46 10 1
47 11 0
48 10 1
49 11 0
50 10 1
51 10 0
52 10 0
53 10 0
54 10 0
55 9 1
56 10 0
57 9 1
58 10 0
59 9 0
60 8 1
61 9 0
62 8 1
63 9 0
64 8 1
65 8 1
66 9 0
67 8 1
68 8 0
69 7 1
70 7 1
71 8 0
72 8 0
73 8 0
74 7 1
75 7 0
76 6 1
77 7 0
78 7 0
79 7 0
80 6 0
81 6 0
82 6 0
83 6 0
84 5 1
85 4 1
86 4 1
87 5 0
88 4 1
89 5 0
90 4 0
91 3 1
92 4 0
93 3 1
94 4 0
95 3 1
96 4 0
97 3 1
98 2 1
99 2 1
100 3 0
101 3 0
##=========================================
